row_id,customer_id,order_id,order_date,ship_date,ship_mode,customer_name,segment,country,city,state,postal_code,region,product_id,category,sub_category,product_name,sales,quantity,discount,profit,order_date_clean,ship_date_clean
0,CG-12520,CA-2016-152156,8/11/2016,11/11/2016,Second Class,Claire Gute,Consumer,United States,Henderson,Kentucky,42420,South,FUR-BO-10001798,Furniture,Bookcases,Bush Somerset Collection Bookcase,261.96,2,0,1013.13,11/8/2016,11/11/2016
0,SO-20335,US-2015-108966,11/10/2015,18/10/2015,Standard Class,Sean O'Donnell,Consumer,United States,Fort Lauderdale,Florida,33311,South,FUR-TA-10000577,Furniture,Tables,Bretford CR4500 Series Slim Rectangular Table,957.58,5,0.45,746.41,10/11/2015,10/18/2015
0,BH-11710,CA-2014-115812,9/6/2014,14/06/2014,Standard Class,Brosina Hoffman,Consumer,United States,Los Angeles,California,90032,West,FUR-TA-10001539,Furniture,Tables,Chromcraft Rectangular Conference Tables,1706.18,9,0.2,673.88,6/9/2014,6/14/2014
0,EB-13870,CA-2015-106320,25/09/2015,30/09/2015,Standard Class,Emily Burns,Consumer,United States,Orem,Utah,84057,West,FUR-TA-10000577,Furniture,Tables,Bretford CR4500 Series Slim Rectangular Table,1044.63,3,0,610.86,9/25/2015,9/30/2015
0,TB-21520,US-2015-150630,17/09/2015,21/09/2015,Standard Class,Tracy Blumstein,Consumer,United States,Philadelphia,Pennsylvania,19140,East,FUR-FU-10004848,Furniture,Furnishings,"""Howard Miller 13-3/4"""" Diameter Brushed Chrome Round Wall Clock""",124.2,3,0.2,585.55,9/17/2015,9/21/2015
0,DP-13000,CA-2015-115742,18/04/2015,22/04/2015,Standard Class,Darren Powers,Consumer,United States,New Albany,Indiana,47150,Central,FUR-FU-10001706,Furniture,Furnishings,Longer-Life Soft White Bulbs,6.16,2,0,523.71,4/18/2015,4/22/2015
0,TB-21055,CA-2016-111682,17/06/2016,18/06/2016,First Class,Ted Butterfield,Consumer,United States,Troy,New York,12180,East,FUR-CH-10003968,Furniture,Chairs,Novimex Turbo Task Chair,319.41,5,0.1,481.47,6/17/2016,6/18/2016
0,KM-16720,CA-2015-135545,24/11/2015,30/11/2015,Standard Class,Kunst Miller,Consumer,United States,Los Angeles,California,90004,West,FUR-FU-10000397,Furniture,Furnishings,Luxo Economy Swing Arm Lamp,79.76,4,0,427.44,11/24/2015,11/30/2015
0,JE-15745,US-2015-134026,26/04/2015,2/5/2015,Standard Class,Joel Eaton,Consumer,United States,Memphis,Tennessee,38109,South,FUR-CH-10000513,Furniture,Chairs,High-Back Leather Manager's Chair,831.94,8,0.2,422.51,4/26/2015,5/2/2015
0,PO-18865,CA-2017-140088,28/05/2017,30/05/2017,Second Class,Patrick O'Donnell,Consumer,United States,Columbia,South Carolina,29203,South,FUR-CH-10000863,Furniture,Chairs,Novimex Swivel Fabric Task Chair,301.96,2,0,401.81,5/28/2017,5/30/2017
0,KB-16315,CA-2015-149587,31/01/2015,5/2/2015,Second Class,Karl Braun,Consumer,United States,Minneapolis,Minnesota,55407,Central,FUR-FU-10003799,Furniture,Furnishings,"""Seth Thomas 13 1/2"""" Wall Clock""",53.34,3,0,399.3,1/31/2015,2/5/2015
0,PN-18775,CA-2017-161018,9/11/2017,11/11/2017,Second Class,Parhena Norris,Home Office,United States,New York City,New York,10009,East,FUR-FU-10000629,Furniture,Furnishings,9-3/4 Diameter Round Wall Clock,96.53,7,0,394.27,11/9/2017,11/11/2017
0,CV-12805,CA-2017-146780,25/12/2017,30/12/2017,Standard Class,Cynthia Voltz,Corporate,United States,New York City,New York,10035,East,FUR-FU-10001934,Furniture,Furnishings,Magnifier Swing Arm Lamp,41.96,2,0,388.81,12/25/2017,12/30/2017
0,DK-13090,CA-2015-110457,2/3/2015,6/3/2015,Standard Class,Dave Kipp,Consumer,United States,Seattle,Washington,98103,West,FUR-TA-10001768,Furniture,Tables,Hon Racetrack Conference Tables,787.53,3,0,387.57,3/2/2015,3/6/2015
0,SC-20725,CA-2016-103730,12/6/2016,15/06/2016,First Class,Steven Cartwright,Consumer,United States,Wilmington,Delaware,19805,East,FUR-FU-10002157,Furniture,Furnishings,Artistic Insta-Plaque,47.04,3,0,386.84,6/12/2016,6/15/2016
0,AD-10180,US-2014-152030,26/12/2014,28/12/2014,Second Class,Alan Dominguez,Home Office,United States,Houston,Texas,77041,Central,FUR-CH-10004063,Furniture,Chairs,Global Deluxe High-Back Manager's Chair,600.56,3,0.3,383.93,12/26/2014,12/28/2014
0,PF-19165,US-2014-134614,20/09/2014,25/09/2014,Standard Class,Philip Fox,Consumer,United States,Bloomington,Illinois,61701,Central,FUR-TA-10004534,Furniture,Tables,Bevis 44 x 96 Conference Tables,617.7,6,0.5,378.27,9/20/2014,9/25/2014
0,LS-16975,US-2016-125969,6/11/2016,10/11/2016,Second Class,Lindsay Shagiari,Home Office,United States,Los Angeles,California,90004,West,FUR-FU-10003773,Furniture,Furnishings,Eldon Cleatmat Plus Chair Mats for High Pile Carpets,238.56,3,0,374.63,11/6/2016,11/10/2016
0,LC-16885,CA-2016-145583,13/10/2016,19/10/2016,Standard Class,Lena Creighton,Consumer,United States,Roseville,California,95661,West,FUR-FU-10001706,Furniture,Furnishings,Longer-Life Soft White Bulbs,43.12,14,0,373.78,10/13/2016,10/19/2016
0,JD-15895,CA-2016-110366,5/9/2016,7/9/2016,Second Class,Jonathan Doherty,Corporate,United States,Philadelphia,Pennsylvania,19140,East,FUR-FU-10004848,Furniture,Furnishings,"""Howard Miller 13-3/4"""" Diameter Brushed Chrome Round Wall Clock""",82.8,2,0.2,366.63,9/5/2016,9/7/2016
0,MG-17680,CA-2014-110072,22/10/2014,28/10/2014,Standard Class,Maureen Gastineau,Home Office,United States,Newark,Ohio,43055,East,FUR-FU-10000521,Furniture,Furnishings,"""Seth Thomas 14"""" Putty-Colored Wall Clock""",93.89,4,0.2,356.23,10/22/2014,10/28/2014
0,DB-13060,CA-2014-104269,1/3/2014,6/3/2014,Second Class,Dave Brooks,Consumer,United States,Seattle,Washington,98115,West,FUR-CH-10004063,Furniture,Chairs,Global Deluxe High-Back Manager's Chair,457.57,2,0.2,350.43,3/1/2014,3/6/2014
0,BM-11140,CA-2014-139892,8/9/2014,12/9/2014,Standard Class,Becky Martin,Consumer,United States,San Antonio,Texas,78207,Central,FUR-CH-10004287,Furniture,Chairs,SAFCO Arco Folding Chair,1740.06,9,0.3,346.04,9/8/2014,9/12/2014
0,BS-11755,CA-2014-133690,3/8/2014,5/8/2014,First Class,Bruce Stewart,Consumer,United States,Denver,Colorado,80219,West,FUR-TA-10004289,Furniture,Tables,BoxOffice By Design Rectangular and Half-Moon Meeting Room Tables,218.75,2,0.5,316.88,8/3/2014,8/5/2014
0,VW-21775,CA-2015-146262,2/1/2015,9/1/2015,Standard Class,Victoria Wilson,Corporate,United States,Medina,Ohio,44256,East,FUR-BO-10004695,Furniture,Bookcases,O'Sullivan 2-Door Barrister Bookcase in Odessa Pine,452.45,5,0.5,314.06,1/2/2015,1/9/2015
0,JB-15925,CA-2015-169397,24/12/2015,27/12/2015,First Class,Joni Blumstein,Consumer,United States,Dublin,Ohio,43017,East,FUR-FU-10000087,Furniture,Furnishings,"""Executive Impressions 14"""" Two-Color Numerals Wall Clock""",72.7,4,0.2,314.04,12/24/2015,12/27/2015
0,DS-13180,CA-2015-163055,9/8/2015,16/08/2015,Standard Class,David Smith,Corporate,United States,Detroit,Michigan,48227,Central,FUR-TA-10003748,Furniture,Tables,Bevis 36 x 72 Conference Tables,622.45,5,0,313.26,8/9/2015,8/16/2015
0,VD-21670,US-2015-145436,28/02/2015,4/3/2015,Standard Class,Valerie Dominguez,Consumer,United States,Columbia,Tennessee,38401,South,FUR-CH-10004860,Furniture,Chairs,Global Low Back Tilter Chair,161.57,2,0.2,311.65,2/28/2015,3/4/2015
0,CS-12400,US-2017-100930,7/4/2017,12/4/2017,Standard Class,Christopher Schild,Home Office,United States,Tampa,Florida,33614,South,FUR-TA-10001705,Furniture,Tables,Bush Advantage Collection Round Conference Table,233.86,2,0.45,306.49,4/7/2017,4/12/2017
0,CS-12400,US-2017-100930,7/4/2017,12/4/2017,Standard Class,Christopher Schild,Home Office,United States,Tampa,Florida,33614,South,FUR-TA-10003473,Furniture,Tables,Bretford Rectangular Conference Table Tops,620.61,3,0.45,300.74,4/7/2017,4/12/2017
0,KL-16645,CA-2016-157749,4/6/2016,9/6/2016,Second Class,Ken Lonsdale,Consumer,United States,Chicago,Illinois,60610,Central,FUR-FU-10000576,Furniture,Furnishings,Luxo Professional Fluorescent Magnifier Lamp with Clamp-Mount Base,419.68,5,0.6,297.69,6/4/2016,6/9/2016
0,KL-16645,CA-2016-157749,4/6/2016,9/6/2016,Second Class,Ken Lonsdale,Consumer,United States,Chicago,Illinois,60610,Central,FUR-FU-10004351,Furniture,Furnishings,Staple-based wall hangings,11.69,3,0.6,294.67,6/4/2016,6/9/2016
0,KL-16645,CA-2016-157749,4/6/2016,9/6/2016,Second Class,Ken Lonsdale,Consumer,United States,Chicago,Illinois,60610,Central,FUR-TA-10002607,Furniture,Tables,KI Conference Tables,177.23,5,0.5,292.78,6/4/2016,6/9/2016
0,KL-16645,CA-2016-157749,4/6/2016,9/6/2016,Second Class,Ken Lonsdale,Consumer,United States,Chicago,Illinois,60610,Central,FUR-FU-10002505,Furniture,Furnishings,Eldon 100 Class Desk Accessories,4.04,3,0.6,292.78,6/4/2016,6/9/2016
0,DW-13480,CA-2014-131926,1/6/2014,6/6/2014,Second Class,Dianna Wilson,Home Office,United States,Lakeville,Minnesota,55044,Central,FUR-CH-10004063,Furniture,Chairs,Global Deluxe High-Back Manager's Chair,2001.86,7,0,291.38,6/1/2014,6/6/2014
0,DR-12880,US-2015-159982,28/11/2015,4/12/2015,Standard Class,Dan Reichenbach,Corporate,United States,Chicago,Illinois,60623,Central,FUR-FU-10002505,Furniture,Furnishings,Eldon 100 Class Desk Accessories,12.13,9,0.6,272.79,11/28/2015,12/4/2015
0,HA-14920,CA-2015-155334,30/07/2015,31/07/2015,First Class,Helen Andreada,Consumer,United States,San Francisco,California,94109,West,FUR-FU-10003274,Furniture,Furnishings,Regeneration Desk Collection,5.28,3,0,272.79,7/30/2015,7/31/2015
0,JO-15280,CA-2015-130890,2/11/2015,6/11/2015,Standard Class,Jas O'Carroll,Consumer,United States,Los Angeles,California,90004,West,FUR-TA-10002903,Furniture,Tables,"""Bevis Round Bullnose 29"""" High Table Top""",1038.84,5,0.2,271.42,11/2/2015,11/6/2015
0,KL-16555,CA-2014-111451,26/12/2014,28/12/2014,First Class,Kelly Lampkin,Corporate,United States,Colorado Springs,Colorado,80906,West,FUR-FU-10004091,Furniture,Furnishings,"""Howard Miller 13"""" Diameter Goldtone Round Wall Clock""",300.42,8,0.2,266.45,12/26/2014,12/28/2014
0,KL-16555,CA-2014-111451,26/12/2014,28/12/2014,First Class,Kelly Lampkin,Corporate,United States,Colorado Springs,Colorado,80906,West,FUR-CH-10001891,Furniture,Chairs,Global Deluxe Office Fabric Chairs,230.35,3,0.2,262.39,12/26/2014,12/28/2014
0,KL-16555,CA-2014-111451,26/12/2014,28/12/2014,First Class,Kelly Lampkin,Corporate,United States,Colorado Springs,Colorado,80906,West,FUR-FU-10002918,Furniture,Furnishings,Eldon ClusterMat Chair Mat with Cordless Antistatic Protection,218.35,3,0.2,260.61,12/26/2014,12/28/2014
0,JH-15910,US-2017-152380,19/11/2017,23/11/2017,Standard Class,Jonathan Howell,Consumer,United States,Chicago,Illinois,60623,Central,FUR-TA-10002533,Furniture,Tables,BPI Conference Tables,219.08,3,0.5,259.53,11/19/2017,11/23/2017
0,AS-10225,CA-2015-144253,4/5/2015,9/5/2015,Second Class,Alan Schoenberger,Corporate,United States,New York City,New York,10024,East,FUR-FU-10002671,Furniture,Furnishings,Electrix 20W Halogen Replacement Bulb for Zoom-In Desk Lamp,26.8,2,0,256.78,5/4/2015,5/9/2015
0,BP-11185,CA-2016-142902,12/9/2016,14/09/2016,Second Class,Ben Peterman,Corporate,United States,Arvada,Colorado,80004,West,FUR-FU-10001918,Furniture,Furnishings,C-Line Cubicle Keepers Polyproplyene Holder With Velcro Backings,15.14,4,0.2,252.59,9/12/2016,9/14/2016
0,BP-11185,CA-2016-142902,12/9/2016,14/09/2016,Second Class,Ben Peterman,Corporate,United States,Arvada,Colorado,80004,West,FUR-CH-10004086,Furniture,Chairs,Hon 4070 Series Pagoda Armless Upholstered Stacking Chairs,466.77,2,0.2,251.2,9/12/2016,9/14/2016
0,NM-18445,CA-2014-164973,4/11/2014,9/11/2014,Standard Class,Nathan Mautz,Home Office,United States,New York City,New York,10024,East,FUR-CH-10002602,Furniture,Chairs,DMI Arturo Collection Mission-style Design Wood Chair,135.88,1,0.1,244.25,11/4/2014,11/9/2014
0,DJ-13510,CA-2017-153339,3/11/2017,5/11/2017,Second Class,Don Jones,Corporate,United States,Murfreesboro,Tennessee,37130,South,FUR-FU-10001967,Furniture,Furnishings,Telescoping Adjustable Floor Lamp,15.99,1,0.2,244.25,11/3/2017,11/5/2017
0,PO-18850,US-2016-141544,30/08/2016,1/9/2016,First Class,Patrick O'Brill,Consumer,United States,Philadelphia,Pennsylvania,19143,East,FUR-CH-10003312,Furniture,Chairs,Hon 2090 ÒPillow SoftÓ Series Mid Back Swivel/Tilt Chairs,786.74,4,0.3,241.1,8/30/2016,9/1/2016
0,AC-10420,CA-2014-129924,12/7/2014,17/07/2014,Standard Class,Alyssa Crouse,Corporate,United States,San Francisco,California,94122,West,FUR-TA-10004575,Furniture,Tables,Hon 5100 Series Wood Tables,698.35,3,0.2,240.29,7/12/2014,7/17/2014
0,JL-15505,CA-2016-138520,8/4/2016,13/04/2016,Standard Class,Jeremy Lonsdale,Consumer,United States,New York City,New York,10035,East,FUR-BO-10002268,Furniture,Bookcases,Sauder Barrister Bookcases,388.7,6,0.2,240.26,4/8/2016,4/13/2016
0,KW-16435,CA-2017-144904,25/09/2017,1/10/2017,Standard Class,Katrina Willman,Consumer,United States,New York City,New York,10009,East,FUR-CH-10000785,Furniture,Chairs,Global Ergonomic Managers Chair,488.65,3,0.1,239.91,9/25/2017,10/1/2017
0,KW-16435,CA-2017-144904,25/09/2017,1/10/2017,Standard Class,Katrina Willman,Consumer,United States,New York City,New York,10009,East,FUR-FU-10000023,Furniture,Furnishings,Eldon Wave Desk Accessories,47.12,8,0,235.95,9/25/2017,10/1/2017
0,DK-13225,CA-2015-122756,3/12/2015,7/12/2015,Standard Class,Dean Katz,Corporate,United States,Philadelphia,Pennsylvania,19140,East,FUR-FU-10001935,Furniture,Furnishings,3M Hangers With Command Adhesive,2.96,1,0.2,225.74,12/3/2015,12/7/2015
0,KH-16510,CA-2017-117457,8/12/2017,12/12/2017,Standard Class,Keith Herrera,Consumer,United States,San Francisco,California,94110,West,FUR-BO-10001972,Furniture,Bookcases,O'Sullivan 4-Shelf Bookcase in Odessa Pine,1336.83,13,0.15,224.27,12/8/2017,12/12/2017
0,KH-16510,CA-2017-117457,8/12/2017,12/12/2017,Standard Class,Keith Herrera,Consumer,United States,San Francisco,California,94110,West,FUR-CH-10003956,Furniture,Chairs,Novimex High-Tech Fabric Mesh Task Chair,113.57,2,0.2,219.58,12/8/2017,12/12/2017
0,KC-16675,CA-2017-142636,3/11/2017,7/11/2017,Standard Class,Kimberly Carter,Corporate,United States,Seattle,Washington,98105,West,FUR-CH-10001891,Furniture,Chairs,Global Deluxe Office Fabric Chairs,307.14,4,0.2,215.12,11/3/2017,11/7/2017
0,PB-19150,CA-2016-148796,14/04/2016,18/04/2016,Standard Class,Philip Brown,Consumer,United States,Los Angeles,California,90004,West,FUR-CH-10004886,Furniture,Chairs,Bevis Steel Folding Chairs,383.8,5,0.2,213.74,4/14/2016,4/18/2016
0,NF-18385,CA-2017-155705,21/08/2017,23/08/2017,Second Class,Natalie Fritzler,Consumer,United States,Jackson,Mississippi,39212,South,FUR-CH-10000015,Furniture,Chairs,Hon Multipurpose Stacking Arm Chairs,866.4,4,0,213.69,8/21/2017,8/23/2017
0,JM-15265,CA-2017-149160,23/11/2017,26/11/2017,Second Class,Janet Molinari,Corporate,United States,Canton,Michigan,48187,Central,FUR-FU-10003347,Furniture,Furnishings,Coloredge Poster Frame,28.4,2,0,213.69,11/23/2017,11/26/2017
0,CV-12805,CA-2017-157252,20/01/2017,23/01/2017,Second Class,Cynthia Voltz,Corporate,United States,New York City,New York,10024,East,FUR-CH-10003396,Furniture,Chairs,Global Deluxe Steno Chair,207.85,3,0.1,212.19,1/20/2017,1/23/2017
0,PK-19075,CA-2016-115756,5/9/2016,7/9/2016,Second Class,Pete Kriz,Consumer,United States,Detroit,Michigan,48227,Central,FUR-FU-10000246,Furniture,Furnishings,Aluminum Document Frame,12.22,1,0,210.74,9/5/2016,9/7/2016
0,PK-19075,CA-2016-115756,5/9/2016,7/9/2016,Second Class,Pete Kriz,Consumer,United States,Detroit,Michigan,48227,Central,FUR-CH-10002372,Furniture,Chairs,Office Star - Ergonomically Designed Knee Chair,242.94,3,0,210.59,9/5/2016,9/7/2016
0,EB-13705,CA-2017-147277,20/10/2017,24/10/2017,Standard Class,Ed Braxton,Corporate,United States,Akron,Ohio,44312,East,FUR-TA-10001539,Furniture,Tables,Chromcraft Rectangular Conference Tables,284.36,2,0.4,207.89,10/20/2017,10/24/2017
0,NF-18385,US-2016-157945,26/09/2016,1/10/2016,Standard Class,Natalie Fritzler,Consumer,United States,Decatur,Illinois,62521,Central,FUR-CH-10002331,Furniture,Chairs,Hon 4700 Series Mobuis Mid-Back Task Chairs with Adjustable Arms,747.56,3,0.3,202.25,9/26/2016,10/1/2016
0,TN-21040,CA-2016-109869,22/04/2016,29/04/2016,Standard Class,Tanja Norvell,Home Office,United States,Phoenix,Arizona,85023,West,FUR-FU-10000023,Furniture,Furnishings,Eldon Wave Desk Accessories,23.56,5,0.2,200.95,4/22/2016,4/29/2016
0,TN-21040,CA-2016-109869,22/04/2016,29/04/2016,Standard Class,Tanja Norvell,Home Office,United States,Phoenix,Arizona,85023,West,FUR-TA-10001889,Furniture,Tables,Bush Advantage Collection Racetrack Conference Table,1272.63,6,0.5,200.49,4/22/2016,4/29/2016
0,JS-15940,US-2015-101399,17/01/2015,24/01/2015,Standard Class,Joni Sundaresam,Home Office,United States,Park Ridge,Illinois,60068,Central,FUR-FU-10002918,Furniture,Furnishings,Eldon ClusterMat Chair Mat with Cordless Antistatic Protection,254.74,7,0.6,200.49,1/17/2015,1/24/2015
0,DS-13180,CA-2017-154907,31/03/2017,4/4/2017,Standard Class,David Smith,Corporate,United States,Amarillo,Texas,79109,Central,FUR-BO-10002824,Furniture,Bookcases,Bush Mission Pointe Library,205.33,2,0.32,199.26,3/31/2017,4/4/2017
0,JE-15475,CA-2016-152632,27/10/2016,2/11/2016,Standard Class,Jeremy Ellison,Consumer,United States,Troy,New York,12180,East,FUR-FU-10002671,Furniture,Furnishings,Electrix 20W Halogen Replacement Bulb for Zoom-In Desk Lamp,40.2,3,0,196.69,10/27/2016,11/2/2016
0,MT-18070,CA-2017-140963,10/6/2017,13/06/2017,First Class,Michelle Tran,Home Office,United States,Los Angeles,California,90045,West,FUR-BO-10001337,Furniture,Bookcases,O'Sullivan Living Dimensions 2-Shelf Bookcases,514.17,5,0.15,191.66,6/10/2017,6/13/2017
0,RO-19780,US-2016-120929,18/03/2016,21/03/2016,Second Class,Rose O'Brian,Consumer,United States,Memphis,Tennessee,38109,South,FUR-TA-10001857,Furniture,Tables,Balt Solid Wood Rectangular Table,189.88,3,0.4,190.43,3/18/2016,3/21/2016
0,SC-20095,CA-2016-126158,25/07/2016,31/07/2016,Standard Class,Sanjit Chand,Consumer,United States,Costa Mesa,California,92627,West,FUR-FU-10004864,Furniture,Furnishings,"""Howard Miller 14-1/2"""" Diameter Chrome Round Wall Clock""",255.76,4,0,189.4,7/25/2016,7/31/2016
0,SC-20095,CA-2016-126158,25/07/2016,31/07/2016,Standard Class,Sanjit Chand,Consumer,United States,Costa Mesa,California,92627,West,FUR-CH-10002602,Furniture,Chairs,DMI Arturo Collection Mission-style Design Wood Chair,241.57,2,0.2,188.22,7/25/2016,7/31/2016
0,SC-20095,CA-2016-126158,25/07/2016,31/07/2016,Standard Class,Sanjit Chand,Consumer,United States,Costa Mesa,California,92627,West,FUR-FU-10000073,Furniture,Furnishings,Deflect-O Glasstique Clear Desk Accessories,69.3,9,0,185.26,7/25/2016,7/31/2016
0,MY-17380,US-2016-105578,30/05/2016,4/6/2016,Standard Class,Maribeth Yedwab,Corporate,United States,Parker,Colorado,80134,West,FUR-CH-10001215,Furniture,Chairs,Global Troy Executive Leather Low-Back Tilter,801.57,2,0.2,181.18,5/30/2016,6/4/2016
0,LS-17245,CA-2017-135307,26/11/2017,27/11/2017,First Class,Lynn Smith,Consumer,United States,Gladstone,Missouri,64118,Central,FUR-FU-10001290,Furniture,Furnishings,Executive Impressions Supervisor Wall Clock,126.3,3,0,180.44,11/26/2017,11/27/2017
0,MC-17605,CA-2017-145142,23/01/2017,25/01/2017,First Class,Matt Connell,Corporate,United States,Detroit,Michigan,48234,Central,FUR-TA-10001857,Furniture,Tables,Balt Solid Wood Rectangular Table,210.98,2,0,179.75,1/23/2017,1/25/2017
0,PH-18790,CA-2017-113558,21/10/2017,26/10/2017,Standard Class,Patricia Hirasaki,Home Office,United States,Lakeland,Florida,33801,South,FUR-CH-10003379,Furniture,Chairs,Global Commerce Series High-Back Swivel/Tilt Chairs,683.95,3,0.2,178.8,10/21/2017,10/26/2017
0,KB-16240,CA-2015-102848,7/11/2015,9/11/2015,Second Class,Karen Bern,Corporate,United States,Los Angeles,California,90036,West,FUR-CH-10000595,Furniture,Chairs,Safco Contoured Stacking Chairs,190.72,1,0.2,176.8,11/7/2015,11/9/2015
0,JC-15340,US-2017-129441,7/9/2017,11/9/2017,Standard Class,Jasper Cacioppo,Consumer,United States,Los Angeles,California,90032,West,FUR-FU-10000448,Furniture,Furnishings,Tenex Chairmats For Use With Carpeted Floors,47.94,3,0,175.14,9/7/2017,9/11/2017
0,BD-11320,CA-2016-136406,15/04/2016,17/04/2016,Second Class,Bill Donatelli,Consumer,United States,San Francisco,California,94110,West,FUR-CH-10002024,Furniture,Chairs,HON 5400 Series Task Chairs for Big and Tall,1121.57,2,0.2,173.24,4/15/2016,4/17/2016
0,RC-19960,CA-2017-112774,11/9/2017,12/9/2017,First Class,Ryan Crowe,Consumer,United States,Jacksonville,Florida,32216,South,FUR-FU-10003039,Furniture,Furnishings,"""Howard Miller 11-1/2"""" Diameter Grantwood Wall Clock""",34.5,1,0.2,172.48,9/11/2017,9/12/2017
0,OT-18730,CA-2016-113243,10/6/2016,15/06/2016,Standard Class,Olvera Toch,Consumer,United States,Los Angeles,California,90045,West,FUR-TA-10004256,Furniture,Tables,Bretford ÒJust In TimeÓ Height-Adjustable Multi-Task Work Tables,1335.68,4,0.2,169.18,6/10/2016,6/15/2016
0,LP-17080,CA-2017-118731,20/11/2017,22/11/2017,Second Class,Liz Pelletier,Consumer,United States,San Francisco,California,94110,West,FUR-FU-10003347,Furniture,Furnishings,Coloredge Poster Frame,42.6,3,0,168.47,11/20/2017,11/22/2017
0,CA-12775,CA-2014-145576,14/09/2014,18/09/2014,Second Class,Cynthia Arntzen,Consumer,United States,Tampa,Florida,33614,South,FUR-FU-10004020,Furniture,Furnishings,Advantus Panel Wall Acrylic Frame,13.13,3,0.2,168.47,9/14/2014,9/18/2014
0,EB-13840,CA-2017-156951,1/10/2017,8/10/2017,Standard Class,Ellis Ballard,Corporate,United States,Seattle,Washington,98105,West,FUR-CH-10004997,Furniture,Chairs,Hon Every-Day Series Multi-Task Chairs,451.15,3,0.2,166.1,10/1/2017,10/8/2017
0,BD-11725,CA-2015-128139,3/7/2015,9/7/2015,Standard Class,Bruce Degenhardt,Consumer,United States,Richmond,Kentucky,40475,South,FUR-CH-10003956,Furniture,Chairs,Novimex High-Tech Fabric Mesh Task Chair,70.98,1,0,163.79,7/3/2015,7/9/2015
0,LR-16915,CA-2014-131450,8/8/2014,15/08/2014,Standard Class,Lena Radford,Consumer,United States,San Diego,California,92024,West,FUR-FU-10001979,Furniture,Furnishings,Dana Halogen Swing-Arm Architect Lamp,327.76,8,0,161.97,8/8/2014,8/15/2014
0,NG-18355,CA-2017-117947,18/08/2017,23/08/2017,Second Class,Nat Gilpin,Corporate,United States,New York City,New York,10011,East,FUR-FU-10000521,Furniture,Furnishings,"""Seth Thomas 14"""" Putty-Colored Wall Clock""",88.02,3,0,158.58,8/18/2017,8/23/2017
0,DJ-13420,CA-2015-168004,4/10/2015,9/10/2015,Second Class,Denny Joy,Corporate,United States,Warner Robins,Georgia,31088,South,FUR-CH-10001482,Furniture,Chairs,Office Star - Mesh Screen back chair with Vinyl seat,392.94,3,0,155.25,10/4/2015,10/9/2015
0,RB-19465,CA-2016-115917,20/05/2016,25/05/2016,Standard Class,Rick Bensley,Home Office,United States,Vallejo,California,94591,West,FUR-FU-10000576,Furniture,Furnishings,Luxo Professional Fluorescent Magnifier Lamp with Clamp-Mount Base,1049.2,5,0,151.47,5/20/2016,5/25/2016
0,JD-16150,CA-2016-147067,18/12/2016,22/12/2016,Standard Class,Justin Deggeller,Corporate,United States,Minneapolis,Minnesota,55407,Central,FUR-FU-10000732,Furniture,Furnishings,Eldon 200 Class Desk Accessories,18.84,3,0,150.38,12/18/2016,12/22/2016
0,AR-10825,CA-2016-160745,11/12/2016,16/12/2016,Second Class,Anthony Rawles,Corporate,United States,Vancouver,Washington,98661,West,FUR-FU-10001935,Furniture,Furnishings,3M Hangers With Command Adhesive,14.8,4,0,150.29,12/11/2016,12/16/2016
0,EH-14125,US-2016-156097,19/09/2016,19/09/2016,Same Day,Eugene Hildebrand,Home Office,United States,Aurora,Illinois,60505,Central,FUR-CH-10001215,Furniture,Chairs,Global Troy Executive Leather Low-Back Tilter,701.37,2,0.3,149.15,9/19/2016,9/19/2016
0,CB-12025,CA-2015-146563,24/08/2015,28/08/2015,Standard Class,Cassandra Brandow,Consumer,United States,Arlington,Texas,76017,Central,FUR-TA-10001768,Furniture,Tables,Hon Racetrack Conference Tables,918.79,5,0.3,149.15,8/24/2015,8/28/2015
0,MO-17800,US-2017-106663,9/6/2017,13/06/2017,Standard Class,Meg O'Connel,Home Office,United States,Chicago,Illinois,60653,Central,FUR-FU-10002759,Furniture,Furnishings,12-1/2 Diameter Round Wall Clock,23.98,3,0.6,148.7,6/9/2017,6/13/2017
0,CD-11980,US-2017-119438,18/03/2017,23/03/2017,Standard Class,Carol Darley,Consumer,United States,Tyler,Texas,75701,Central,FUR-FU-10003553,Furniture,Furnishings,"""Howard Miller 13-1/2"""" Diameter Rosebrook Wall Clock""",82.52,3,0.6,148.14,3/18/2017,3/23/2017
0,NP-18325,US-2014-117135,21/06/2014,23/06/2014,Second Class,Naresj Patel,Consumer,United States,Waynesboro,Virginia,22980,South,FUR-FU-10004071,Furniture,Furnishings,Luxo Professional Magnifying Clamp-On Fluorescent Lamps,104.01,1,0,146.39,6/21/2014,6/23/2014
0,AS-10285,CA-2016-163755,4/11/2016,8/11/2016,Second Class,Alejandro Savely,Corporate,United States,Seattle,Washington,98103,West,FUR-FU-10003394,Furniture,Furnishings,"""Tenex """"The Solids"""" Textured Chair Mats""",209.88,3,0,145.28,11/4/2016,11/8/2016
0,JK-15370,CA-2015-142027,9/4/2015,14/04/2015,Standard Class,Jay Kimmel,Consumer,United States,Long Beach,California,90805,West,FUR-TA-10002774,Furniture,Tables,Laminate Occasional Tables,369.91,3,0.2,145.07,4/9/2015,4/14/2015
0,DP-13165,CA-2014-112158,2/12/2014,4/12/2014,First Class,David Philippe,Consumer,United States,New York City,New York,10035,East,FUR-BO-10003272,Furniture,Bookcases,O'Sullivan Living Dimensions 5-Shelf Bookcases,883.92,5,0.2,143.63,12/2/2014,12/4/2014
0,KC-16540,CA-2017-108910,24/09/2017,29/09/2017,Standard Class,Kelly Collister,Consumer,United States,Newark,Ohio,43055,East,FUR-FU-10002253,Furniture,Furnishings,"""Howard Miller 13"""" Diameter Pewter Finish Round Wall Clock""",103.06,3,0.2,141.16,9/24/2017,9/29/2017
0,CK-12325,CA-2014-104472,2/6/2014,7/6/2014,Standard Class,Christine Kargatis,Home Office,United States,Orem,Utah,84057,West,FUR-FU-10000246,Furniture,Furnishings,Aluminum Document Frame,73.32,6,0,141.16,6/2/2014,6/7/2014
0,MP-17965,CA-2016-142335,15/12/2016,19/12/2016,Standard Class,Michael Paige,Corporate,United States,Detroit,Michigan,48205,Central,FUR-TA-10000198,Furniture,Tables,Chromcraft Bull-Nose Wood Oval Conference Tables & Bases,1652.94,3,0,140.96,12/15/2016,12/19/2016
0,MR-17545,CA-2014-117429,7/10/2014,13/10/2014,Standard Class,Mathew Reese,Home Office,United States,Philadelphia,Pennsylvania,19140,East,FUR-FU-10000222,Furniture,Furnishings,"""Seth Thomas 16"""" Steel Case Clock""",129.92,5,0.2,140.69,10/7/2014,10/13/2014
0,DS-13030,CA-2017-131954,21/01/2017,25/01/2017,Standard Class,Darrin Sayre,Home Office,United States,Seattle,Washington,98115,West,FUR-BO-10001619,Furniture,Bookcases,O'Sullivan Cherrywood Estates Traditional Bookcase,84.98,1,0,139.57,1/21/2017,1/25/2017
0,MH-17785,CA-2014-124429,27/05/2014,27/05/2014,Same Day,Maya Herman,Corporate,United States,San Diego,California,92105,West,FUR-TA-10002607,Furniture,Tables,KI Conference Tables,567.12,10,0.2,138.42,5/27/2014,5/27/2014
0,RF-19735,CA-2017-126074,2/10/2017,6/10/2017,Standard Class,Roland Fjeld,Consumer,United States,Trenton,Michigan,48183,Central,FUR-FU-10003577,Furniture,Furnishings,Nu-Dell Leatherette Frames,157.74,11,0,137.54,10/2/2017,10/6/2017
0,MS-17830,CA-2015-135272,7/12/2015,12/12/2015,Standard Class,Melanie Seite,Consumer,United States,Los Angeles,California,90036,West,FUR-FU-10002759,Furniture,Furnishings,12-1/2 Diameter Round Wall Clock,79.92,4,0,136.94,12/7/2015,12/12/2015
0,NB-18655,CA-2016-140928,18/09/2016,22/09/2016,Standard Class,Nona Balk,Corporate,United States,Jacksonville,Florida,32216,South,FUR-TA-10001095,Furniture,Tables,Chromcraft Round Conference Tables,383.44,4,0.45,136.67,9/18/2016,9/22/2016
0,AJ-10795,CA-2014-106810,14/05/2014,20/05/2014,Standard Class,Anthony Johnson,Corporate,United States,Saint Petersburg,Florida,33710,South,FUR-FU-10004306,Furniture,Furnishings,Electrix Halogen Magnifier Lamp,310.88,2,0.2,135.41,5/14/2014,5/20/2014
0,LE-16810,CA-2016-157245,19/05/2016,24/05/2016,Standard Class,Laurel Elliston,Consumer,United States,Arlington,Virginia,22204,South,FUR-CH-10003746,Furniture,Chairs,Hon 4070 Series Pagoda Round Back Stacking Chairs,641.96,2,0,134.53,5/19/2016,5/24/2016
0,NZ-18565,CA-2015-144267,21/08/2015,23/08/2015,First Class,Nick Zandusky,Home Office,United States,San Francisco,California,94110,West,FUR-CH-10002335,Furniture,Chairs,Hon GuestStacker Chair,544.01,3,0.2,131.28,8/21/2015,8/23/2015
0,SA-20830,CA-2015-115938,26/06/2015,30/06/2015,Standard Class,Sue Ann Reed,Consumer,United States,Richmond,Virginia,23223,South,FUR-CH-10003199,Furniture,Chairs,Office Star - Contemporary Task Swivel Chair,332.94,3,0,125.58,6/26/2015,6/30/2015
0,HW-14935,CA-2017-105809,20/02/2017,23/02/2017,First Class,Helen Wasserman,Corporate,United States,San Diego,California,92105,West,FUR-FU-10004090,Furniture,Furnishings,"""Executive Impressions 14"""" Contract Wall Clock""",22.23,1,0,124.2,2/20/2017,2/23/2017
0,AA-10375,CA-2015-140921,3/2/2015,5/2/2015,First Class,Allen Armold,Consumer,United States,Omaha,Nebraska,68104,Central,FUR-FU-10003347,Furniture,Furnishings,Coloredge Poster Frame,28.4,2,0,121.99,2/3/2015,2/5/2015
0,ZC-21910,CA-2014-151995,13/10/2014,15/10/2014,First Class,Zuschuss Carroll,Consumer,United States,Edmonds,Washington,98026,West,FUR-TA-10002903,Furniture,Tables,"""Bevis Round Bullnose 29"""" High Table Top""",1298.55,5,0,121.76,10/13/2014,10/15/2014
0,CA-12775,CA-2014-140858,28/06/2014,2/7/2014,Standard Class,Cynthia Arntzen,Consumer,United States,Philadelphia,Pennsylvania,19140,East,FUR-CH-10001394,Furniture,Chairs,Global Leather Executive Chair,1228.47,5,0.3,119.2,6/28/2014,7/2/2014
0,BM-11650,CA-2015-100454,20/11/2015,25/11/2015,Standard Class,Brian Moss,Corporate,United States,New York City,New York,10035,East,FUR-BO-10001519,Furniture,Bookcases,O'Sullivan 3-Shelf Heavy-Duty Bookcases,186.05,4,0.2,116.87,11/20/2015,11/25/2015
0,AF-10885,CA-2015-114300,13/10/2015,17/10/2015,Standard Class,Art Foster,Consumer,United States,Louisville,Kentucky,40214,South,FUR-CH-10001891,Furniture,Chairs,Global Deluxe Office Fabric Chairs,287.94,3,0,115.55,10/13/2015,10/17/2015
0,GT-14710,CA-2016-123274,19/02/2016,24/02/2016,Standard Class,Greg Tran,Consumer,United States,New York City,New York,10035,East,FUR-FU-10004090,Furniture,Furnishings,"""Executive Impressions 14"""" Contract Wall Clock""",44.46,2,0,113.49,2/19/2016,2/24/2016
0,AJ-10780,CA-2014-149020,10/1/2014,15/01/2014,Standard Class,Anthony Jacobs,Corporate,United States,Springfield,Virginia,22153,South,FUR-FU-10000965,Furniture,Furnishings,"""Howard Miller 11-1/2"""" Diameter Ridgewood Wall Clock""",51.94,1,0,112.79,1/10/2014,1/15/2014
0,HP-14815,CA-2017-111689,30/11/2017,2/12/2017,Second Class,Harold Pawlan,Home Office,United States,New York City,New York,10024,East,FUR-CH-10004287,Furniture,Chairs,SAFCO Arco Folding Chair,1242.9,5,0.1,112.42,11/30/2017,12/2/2017
0,PM-19135,CA-2016-165148,22/10/2016,24/10/2016,First Class,Peter McVee,Home Office,United States,Detroit,Michigan,48227,Central,FUR-FU-10000732,Furniture,Furnishings,Eldon 200 Class Desk Accessories,31.4,5,0,112.39,10/22/2016,10/24/2016
0,LL-16840,CA-2014-134061,29/04/2014,4/5/2014,Standard Class,Lauren Leatherbury,Consumer,United States,Rochester,New York,14609,East,FUR-FU-10001424,Furniture,Furnishings,Dax Clear Box Frame,17.46,2,0,112.35,4/29/2014,5/4/2014
0,SC-20050,CA-2015-133627,31/05/2015,7/6/2015,Standard Class,Sample Company A,Home Office,United States,Norwich,Connecticut,6360,East,FUR-FU-10001935,Furniture,Furnishings,3M Hangers With Command Adhesive,22.2,6,0,111.52,5/31/2015,6/7/2015
0,BM-11650,CA-2017-102519,27/11/2017,29/11/2017,First Class,Brian Moss,Corporate,United States,Milwaukee,Wisconsin,53209,Central,FUR-FU-10004091,Furniture,Furnishings,"""Howard Miller 13"""" Diameter Goldtone Round Wall Clock""",46.94,1,0,111.1,11/27/2017,11/29/2017
0,KL-16555,US-2014-141215,15/06/2014,21/06/2014,Standard Class,Kelly Lampkin,Corporate,United States,San Antonio,Texas,78207,Central,FUR-CH-10003379,Furniture,Chairs,Global Commerce Series High-Back Swivel/Tilt Chairs,797.94,4,0.3,108.35,6/15/2014,6/21/2014
0,RW-19630,CA-2016-142958,13/12/2016,20/12/2016,Standard Class,Rob Williams,Corporate,United States,Torrance,California,90503,West,FUR-TA-10000577,Furniture,Tables,Bretford CR4500 Series Slim Rectangular Table,1114.27,4,0.2,107.04,12/13/2016,12/20/2016
0,CA-12775,US-2015-140200,26/07/2015,28/07/2015,First Class,Cynthia Arntzen,Consumer,United States,Mesa,Arizona,85204,West,FUR-TA-10002356,Furniture,Tables,Bevis Boat-Shaped Conference Table,393.17,3,0.5,106.62,7/26/2015,7/28/2015
0,RB-19795,US-2017-110576,28/11/2017,2/12/2017,Standard Class,Ross Baird,Home Office,United States,Philadelphia,Pennsylvania,19120,East,FUR-FU-10000576,Furniture,Furnishings,Luxo Professional Fluorescent Magnifier Lamp with Clamp-Mount Base,1007.23,6,0.2,106.48,11/28/2017,12/2/2017
0,KH-16360,CA-2017-131156,3/4/2017,7/4/2017,Standard Class,Katherine Hughes,Consumer,United States,Philadelphia,Pennsylvania,19143,East,FUR-FU-10001940,Furniture,Furnishings,Staple-based wall hangings,25.47,4,0.2,105.3,4/3/2017,4/7/2017
0,DL-12925,CA-2015-112571,22/09/2015,22/09/2015,Same Day,Daniel Lacy,Consumer,United States,Oceanside,California,92054,West,FUR-FU-10004188,Furniture,Furnishings,Luxo Professional Combination Clamp-On Lamps,204.6,2,0,104.75,9/22/2015,9/22/2015
0,DL-13315,CA-2014-115791,16/01/2014,18/01/2014,Second Class,Delfina Latchford,Consumer,United States,Philadelphia,Pennsylvania,19134,East,FUR-FU-10001095,Furniture,Furnishings,DAX Black Cherry Wood-Tone Poster Frame,127.1,6,0.2,102.95,1/16/2014,1/18/2014
0,EB-13870,CA-2016-144939,3/10/2016,8/10/2016,Standard Class,Emily Burns,Consumer,United States,New York City,New York,10035,East,FUR-CH-10003199,Furniture,Chairs,Office Star - Contemporary Task Swivel Chair,599.29,6,0.1,102.5,10/3/2016,10/8/2016
0,JG-15805,CA-2017-167899,21/05/2017,26/05/2017,Standard Class,John Grady,Corporate,United States,Auburn,New York,13021,East,FUR-FU-10004071,Furniture,Furnishings,Luxo Professional Magnifying Clamp-On Fluorescent Lamps,520.05,5,0,101.45,5/21/2017,5/26/2017
0,SL-20155,CA-2015-153549,29/03/2015,31/03/2015,Second Class,Sara Luxemburg,Home Office,United States,Jacksonville,Florida,32216,South,FUR-CH-10004086,Furniture,Chairs,Hon 4070 Series Pagoda Armless Upholstered Stacking Chairs,1166.92,5,0.2,101.38,3/29/2015,3/31/2015
0,RD-19585,CA-2015-162537,28/10/2015,3/11/2015,Standard Class,Rob Dowd,Consumer,United States,Henderson,Kentucky,42420,South,FUR-FU-10002885,Furniture,Furnishings,Magna Visual Magnetic Picture Hangers,24.1,5,0,100.48,10/28/2015,11/3/2015
0,RD-19585,CA-2015-162537,28/10/2015,3/11/2015,Standard Class,Rob Dowd,Consumer,United States,Henderson,Kentucky,42420,South,FUR-FU-10001918,Furniture,Furnishings,C-Line Cubicle Keepers Polyproplyene Holder With Velcro Backings,33.11,7,0,100.2,10/28/2015,11/3/2015
0,RH-19495,CA-2015-124891,31/07/2015,31/07/2015,Same Day,Rick Hansen,Consumer,United States,New York City,New York,10024,East,FUR-TA-10002903,Furniture,Tables,"""Bevis Round Bullnose 29"""" High Table Top""",1090.78,7,0.4,100.2,7/31/2015,7/31/2015
0,PF-19165,CA-2017-118437,17/06/2017,21/06/2017,Second Class,Philip Fox,Consumer,United States,Olympia,Washington,98502,West,FUR-FU-10004848,Furniture,Furnishings,"""Howard Miller 13-3/4"""" Diameter Brushed Chrome Round Wall Clock""",155.25,3,0,99.43,6/17/2017,6/21/2017
0,JS-15880,US-2015-126214,21/12/2015,24/12/2015,Second Class,John Stevenson,Consumer,United States,Seattle,Washington,98103,West,FUR-TA-10003748,Furniture,Tables,Bevis 36 x 72 Conference Tables,1618.37,13,0,99.43,12/21/2015,12/24/2015
0,KM-16225,CA-2015-108665,6/7/2015,10/7/2015,Standard Class,Kalyca Meade,Corporate,United States,New York City,New York,10011,East,FUR-FU-10002191,Furniture,Furnishings,G.E. Halogen Desk Lamp Bulbs,13.96,2,0,99.23,7/6/2015,7/10/2015
0,KM-16225,CA-2015-108665,6/7/2015,10/7/2015,Standard Class,Kalyca Meade,Corporate,United States,New York City,New York,10011,East,FUR-FU-10000965,Furniture,Furnishings,"""Howard Miller 11-1/2"""" Diameter Ridgewood Wall Clock""",155.82,3,0,99.23,7/6/2015,7/10/2015
0,GT-14710,CA-2015-124450,27/04/2015,3/5/2015,Standard Class,Greg Tran,Consumer,United States,Washington,District of Columbia,20016,East,FUR-CH-10000309,Furniture,Chairs,Global Comet Stacking Arm Chair,1267.53,3,0,98.52,4/27/2015,5/3/2015
0,LA-16780,CA-2014-163552,11/7/2014,15/07/2014,Standard Class,Laura Armstrong,Corporate,United States,Hackensack,New Jersey,7601,East,FUR-CH-10003379,Furniture,Chairs,Global Commerce Series High-Back Swivel/Tilt Chairs,854.94,3,0,98.48,7/11/2014,7/15/2014
0,LA-16780,CA-2014-163552,11/7/2014,15/07/2014,Standard Class,Laura Armstrong,Corporate,United States,Hackensack,New Jersey,7601,East,FUR-FU-10000629,Furniture,Furnishings,9-3/4 Diameter Round Wall Clock,124.11,9,0,97.65,7/11/2014,7/15/2014
0,EL-13735,CA-2016-113061,22/04/2016,26/04/2016,Standard Class,Ed Ludwig,Home Office,United States,Jefferson City,Missouri,65109,Central,FUR-FU-10003975,Furniture,Furnishings,Eldon Advantage Chair Mats for Low to Medium Pile Carpets,86.62,2,0,97.46,4/22/2016,4/26/2016
0,RD-19660,CA-2016-127670,20/03/2016,24/03/2016,Standard Class,Robert Dilbeck,Home Office,United States,Saint Peters,Missouri,63376,Central,FUR-TA-10001095,Furniture,Tables,Chromcraft Round Conference Tables,697.16,4,0,97.2,3/20/2016,3/24/2016
0,DG-13300,US-2015-153500,3/7/2015,5/7/2015,First Class,Deirdre Greer,Corporate,United States,Philadelphia,Pennsylvania,19134,East,FUR-FU-10000293,Furniture,Furnishings,Eldon Antistatic Chair Mats for Low to Medium Pile Carpets,168.46,2,0.2,94.93,7/3/2015,7/5/2015
0,DG-13300,US-2015-153500,3/7/2015,5/7/2015,First Class,Deirdre Greer,Corporate,United States,Philadelphia,Pennsylvania,19134,East,FUR-FU-10004460,Furniture,Furnishings,"""Howard Miller 12"""" Round Wall Clock""",282.89,9,0.2,93.22,7/3/2015,7/5/2015
0,NF-18595,CA-2015-110667,4/4/2015,8/4/2015,Standard Class,Nicole Fjeld,Home Office,United States,New York City,New York,10009,East,FUR-FU-10004622,Furniture,Furnishings,Eldon Advantage Foldable Chair Mats for Low Pile Carpets,108.4,2,0,92.97,4/4/2015,4/8/2015
0,JD-16060,US-2015-125374,23/03/2015,29/03/2015,Standard Class,Julia Dunbar,Consumer,United States,Houston,Texas,77095,Central,FUR-CH-10003396,Furniture,Chairs,Global Deluxe Steno Chair,107.77,2,0.3,92.39,3/23/2015,3/29/2015
0,KD-16270,US-2016-143819,1/3/2016,5/3/2016,Standard Class,Karen Daniels,Consumer,United States,Yonkers,New York,10701,East,FUR-TA-10001095,Furniture,Tables,Chromcraft Round Conference Tables,836.59,8,0.4,91.77,3/1/2016,3/5/2016
0,LW-16990,CA-2017-158407,4/6/2017,10/6/2017,Standard Class,Lindsay Williams,Corporate,United States,Monroe,North Carolina,28110,South,FUR-FU-10001967,Furniture,Furnishings,Telescoping Adjustable Floor Lamp,31.98,2,0.2,90.97,6/4/2017,6/10/2017
0,NS-18640,CA-2014-159338,25/06/2014,28/06/2014,First Class,Noel Staavos,Corporate,United States,Los Angeles,California,90049,West,FUR-TA-10004147,Furniture,Tables,Hon 4060 Series Tables,447.84,5,0.2,90.59,6/25/2014,6/28/2014
0,HL-15040,US-2014-147627,20/01/2014,26/01/2014,Standard Class,Hunter Lopez,Consumer,United States,Jonesboro,Arkansas,72401,South,FUR-CH-10002331,Furniture,Chairs,Hon 4700 Series Mobuis Mid-Back Task Chairs with Adjustable Arms,1067.94,3,0,88.73,1/20/2014,1/26/2014
0,BD-11605,CA-2016-112102,12/4/2016,16/04/2016,Standard Class,Brian Dahlen,Consumer,United States,Springfield,Virginia,22153,South,FUR-TA-10004086,Furniture,Tables,KI Adjustable-Height Table,343.92,4,0,88.73,4/12/2016,4/16/2016
0,AP-10915,CA-2014-146969,29/09/2014,3/10/2014,Standard Class,Arthur Prichep,Consumer,United States,Los Angeles,California,90045,West,FUR-FU-10004188,Furniture,Furnishings,Luxo Professional Combination Clamp-On Lamps,204.6,2,0,88.73,9/29/2014,10/3/2014
0,PS-19045,CA-2014-136567,20/12/2014,21/12/2014,First Class,Penelope Sewall,Home Office,United States,Harrisonburg,Virginia,22801,South,FUR-TA-10001932,Furniture,Tables,"""Chromcraft 48"""" x 96"""" Racetrack Double Pedestal Table""",2244.48,7,0,87.57,12/20/2014,12/21/2014
0,GB-14530,CA-2016-149314,2/7/2016,7/7/2016,Second Class,George Bell,Corporate,United States,Los Angeles,California,90004,West,FUR-CH-10002126,Furniture,Chairs,Hon Deluxe Fabric Upholstered Stacking Chairs,195.18,1,0.2,87.28,7/2/2016,7/7/2016
0,JE-15745,CA-2016-113621,1/12/2016,5/12/2016,Standard Class,Joel Eaton,Consumer,United States,Rockville,Maryland,20852,East,FUR-CH-10001270,Furniture,Chairs,Harbour Creations Steel Folding Chair,172.5,2,0,85.31,12/1/2016,12/5/2016
0,BT-11530,CA-2017-117212,26/02/2017,28/02/2017,Second Class,Bradley Talbott,Home Office,United States,Los Angeles,California,90036,West,FUR-CH-10003973,Furniture,Chairs,GuestStacker Chair with Chrome Finish Legs,892.22,3,0.2,85.18,2/26/2017,2/28/2017
0,NG-18355,US-2015-130519,15/09/2015,15/09/2015,Same Day,Nat Gilpin,Corporate,United States,Coral Springs,Florida,33065,South,FUR-FU-10002268,Furniture,Furnishings,Ultra Door Push Plate,15.71,4,0.2,85.18,9/15/2015,9/15/2015
0,NG-18355,US-2015-130519,15/09/2015,15/09/2015,Same Day,Nat Gilpin,Corporate,United States,Coral Springs,Florida,33065,South,FUR-FU-10003394,Furniture,Furnishings,"""Tenex """"The Solids"""" Textured Chair Mats""",55.97,1,0.2,84.5,9/15/2015,9/15/2015
0,ZC-21910,CA-2016-130946,8/4/2016,12/4/2016,Standard Class,Zuschuss Carroll,Consumer,United States,Houston,Texas,77041,Central,FUR-CH-10004540,Furniture,Chairs,Global Chrome Stack Chair,95.98,4,0.3,84.29,4/8/2016,4/12/2016
0,LS-16945,CA-2016-114727,18/07/2016,24/07/2016,Standard Class,Linda Southworth,Corporate,United States,Denver,Colorado,80219,West,FUR-CH-10002335,Furniture,Chairs,Hon GuestStacker Chair,544.01,3,0.2,84.24,7/18/2016,7/24/2016
0,LS-16945,CA-2016-114727,18/07/2016,24/07/2016,Standard Class,Linda Southworth,Corporate,United States,Denver,Colorado,80219,West,FUR-CH-10002331,Furniture,Chairs,Hon 4700 Series Mobuis Mid-Back Task Chairs with Adjustable Arms,854.35,3,0.2,83.73,7/18/2016,7/24/2016
0,SW-20755,CA-2016-137050,14/07/2016,18/07/2016,Second Class,Steven Ward,Corporate,United States,New York City,New York,10009,East,FUR-BO-10004695,Furniture,Bookcases,O'Sullivan 2-Door Barrister Bookcase in Odessa Pine,579.14,4,0.2,83.71,7/14/2016,7/18/2016
0,SP-20620,US-2017-118087,9/9/2017,13/09/2017,Standard Class,Stefania Perrino,Corporate,United States,Philadelphia,Pennsylvania,19134,East,FUR-CH-10004860,Furniture,Chairs,Global Low Back Tilter Chair,141.37,2,0.3,83.25,9/9/2017,9/13/2017
0,ZC-21910,CA-2017-100013,6/11/2017,11/11/2017,Standard Class,Zuschuss Carroll,Consumer,United States,Los Angeles,California,90045,West,FUR-FU-10001424,Furniture,Furnishings,Dax Clear Box Frame,8.73,1,0,82.08,11/6/2017,11/11/2017
0,PG-18820,CA-2016-144344,28/10/2016,28/10/2016,Same Day,Patrick Gardner,Consumer,United States,Boynton Beach,Florida,33437,South,FUR-FU-10000076,Furniture,Furnishings,24-Hour Round Wall Clock,47.95,3,0.2,81.85,10/28/2016,10/28/2016
0,PG-18820,CA-2016-144344,28/10/2016,28/10/2016,Same Day,Patrick Gardner,Consumer,United States,Boynton Beach,Florida,33437,South,FUR-FU-10003268,Furniture,Furnishings,Eldon Radial Chair Mat for Low to Medium Pile Carpets,63.97,2,0.2,81.84,10/28/2016,10/28/2016
0,PG-18820,CA-2016-144344,28/10/2016,28/10/2016,Same Day,Patrick Gardner,Consumer,United States,Boynton Beach,Florida,33437,South,FUR-FU-10003553,Furniture,Furnishings,"""Howard Miller 13-1/2"""" Diameter Rosebrook Wall Clock""",165.05,3,0.2,81.58,10/28/2016,10/28/2016
0,NP-18700,CA-2014-168494,12/12/2014,14/12/2014,Second Class,Nora Preis,Consumer,United States,Fresno,California,93727,West,FUR-TA-10004619,Furniture,Tables,Hon Non-Folding Utility Tables,764.69,6,0.2,81.17,12/12/2014,12/14/2014
0,NP-18700,CA-2014-168494,12/12/2014,14/12/2014,Second Class,Nora Preis,Consumer,United States,Fresno,California,93727,West,FUR-TA-10003473,Furniture,Tables,Bretford Rectangular Conference Table Tops,3610.85,12,0.2,81.17,12/12/2014,12/14/2014
0,NP-18700,CA-2014-168494,12/12/2014,14/12/2014,Second Class,Nora Preis,Consumer,United States,Fresno,California,93727,West,FUR-BO-10004467,Furniture,Bookcases,Bestar Classic Bookcase,254.97,3,0.15,80.84,12/12/2014,12/14/2014
0,DJ-13630,CA-2017-115602,18/12/2017,24/12/2017,Standard Class,Doug Jacobs,Consumer,United States,New York City,New York,10009,East,FUR-CH-10001708,Furniture,Chairs,Office Star - Contemporary Swivel Chair with Padded Adjustable Arms and Flex Back,1141.94,9,0.1,80.78,12/18/2017,12/24/2017
0,MH-18115,CA-2017-144638,10/3/2017,14/03/2017,Standard Class,Mick Hernandez,Home Office,United States,Chester,Pennsylvania,19013,East,FUR-FU-10003724,Furniture,Furnishings,Westinghouse Clip-On Gooseneck Lamps,6.7,1,0.2,80.78,3/10/2017,3/14/2017
0,MH-18115,CA-2017-144638,10/3/2017,14/03/2017,Standard Class,Mick Hernandez,Home Office,United States,Chester,Pennsylvania,19013,East,FUR-FU-10003535,Furniture,Furnishings,Howard Miller Distant Time Traveler Alarm Clock,43.87,2,0.2,80.37,3/10/2017,3/14/2017
0,CC-12220,CA-2016-155992,1/10/2016,2/10/2016,First Class,Chris Cortes,Consumer,United States,La Porte,Indiana,46350,Central,FUR-FU-10003724,Furniture,Furnishings,Westinghouse Clip-On Gooseneck Lamps,41.85,5,0,79.91,10/1/2016,10/2/2016
0,BG-11695,CA-2017-121412,23/09/2017,27/09/2017,Standard Class,Brooke Gillingham,Corporate,United States,Louisville,Colorado,80027,West,FUR-FU-10000246,Furniture,Furnishings,Aluminum Document Frame,29.33,3,0.2,79.19,9/23/2017,9/27/2017
0,MS-17710,CA-2016-119186,26/05/2016,26/05/2016,Same Day,Maurice Satty,Consumer,United States,Fort Worth,Texas,76106,Central,FUR-CH-10001973,Furniture,Chairs,Office Star Flex Back Scooter Chair with White Frame,388.43,5,0.3,78.86,5/26/2016,5/26/2016
0,TB-21355,CA-2016-154711,22/11/2016,26/11/2016,Standard Class,Todd Boyes,Corporate,United States,New York City,New York,10009,East,FUR-FU-10000397,Furniture,Furnishings,Luxo Economy Swing Arm Lamp,39.88,2,0,78.77,11/22/2016,11/26/2016
0,TC-21535,CA-2015-115847,19/09/2015,24/09/2015,Second Class,Tracy Collins,Home Office,United States,Arlington,Virginia,22204,South,FUR-BO-10003433,Furniture,Bookcases,Sauder Cornerstone Collection Library,61.96,2,0,77.63,9/19/2015,9/24/2015
0,RC-19825,CA-2016-141397,20/06/2016,21/06/2016,First Class,Roy Collins,Consumer,United States,Pasadena,California,91104,West,FUR-CH-10003846,Furniture,Chairs,Hon Valutask Swivel Chairs,161.57,2,0.2,77.04,6/20/2016,6/21/2016
0,PK-19075,US-2016-134488,24/09/2016,1/10/2016,Standard Class,Pete Kriz,Consumer,United States,Columbus,Ohio,43229,East,FUR-CH-10003199,Furniture,Chairs,Office Star - Contemporary Task Swivel Chair,155.37,2,0.3,76.98,9/24/2016,10/1/2016
0,HG-14965,CA-2016-145919,18/12/2016,23/12/2016,Standard Class,Henry Goldwyn,Corporate,United States,Los Angeles,California,90032,West,FUR-FU-10004960,Furniture,Furnishings,"""Seth Thomas 12"""" Clock w/ Goldtone Case""",183.84,8,0,76.98,12/18/2016,12/23/2016
0,JF-15190,US-2017-123281,2/4/2017,7/4/2017,Standard Class,Jamie Frazer,Consumer,United States,Los Angeles,California,90008,West,FUR-FU-10003724,Furniture,Furnishings,Westinghouse Clip-On Gooseneck Lamps,25.11,3,0,76.11,4/2/2017,4/7/2017
0,CM-12115,CA-2017-100524,31/03/2017,2/4/2017,Second Class,Chad McGuire,Consumer,United States,New York City,New York,10011,East,FUR-FU-10004018,Furniture,Furnishings,Tensor Computer Mounted Lamp,29.78,2,0,76.09,3/31/2017,4/2/2017
0,LW-16990,CA-2017-162978,4/5/2017,9/5/2017,Standard Class,Lindsay Williams,Corporate,United States,San Francisco,California,94109,West,FUR-TA-10003473,Furniture,Tables,Bretford Rectangular Conference Table Tops,300.9,1,0.2,76.01,5/4/2017,5/9/2017
0,AB-10600,US-2017-155425,10/11/2017,11/11/2017,First Class,Ann Blume,Corporate,United States,Tucson,Arizona,85705,West,FUR-CH-10003312,Furniture,Chairs,Hon 2090 ÒPillow SoftÓ Series Mid Back Swivel/Tilt Chairs,899.14,4,0.2,75.68,11/10/2017,11/11/2017
0,JK-16120,US-2016-100566,3/9/2016,9/9/2016,Standard Class,Julie Kriz,Home Office,United States,Aurora,Illinois,60505,Central,FUR-FU-10003394,Furniture,Furnishings,"""Tenex """"The Solids"""" Textured Chair Mats""",83.95,3,0.6,75.59,9/3/2016,9/9/2016
0,CK-12760,US-2017-117247,9/10/2017,14/10/2017,Standard Class,Cyma Kinney,Corporate,United States,Aurora,Illinois,60505,Central,FUR-TA-10001676,Furniture,Tables,Hon 61000 Series Interactive Training Tables,66.65,3,0.5,74.81,10/9/2017,10/14/2017
0,SD-20485,US-2014-118486,6/4/2014,8/4/2014,First Class,Shirley Daniels,Home Office,United States,Philadelphia,Pennsylvania,19143,East,FUR-TA-10001039,Furniture,Tables,KI Adjustable-Height Table,154.76,3,0.4,74.57,4/6/2014,4/8/2014
0,KD-16270,CA-2016-130407,2/9/2016,6/9/2016,Standard Class,Karen Daniels,Consumer,United States,New York City,New York,10024,East,FUR-FU-10001967,Furniture,Furnishings,Telescoping Adjustable Floor Lamp,39.98,2,0,74.57,9/2/2016,9/6/2016
0,AB-10105,US-2016-122245,25/09/2016,30/09/2016,Standard Class,Adrian Barton,Consumer,United States,Phoenix,Arizona,85023,West,FUR-TA-10002356,Furniture,Tables,Bevis Boat-Shaped Conference Table,393.17,3,0.5,73.32,9/25/2016,9/30/2016
0,JD-15895,CA-2016-136329,9/7/2016,13/07/2016,Standard Class,Jonathan Doherty,Corporate,United States,New York City,New York,10035,East,FUR-CH-10002335,Furniture,Chairs,Hon GuestStacker Chair,408.01,2,0.1,73.19,7/9/2016,7/13/2016
0,SV-20815,CA-2015-126697,21/09/2015,24/09/2015,First Class,Stuart Van,Corporate,United States,Houston,Texas,77041,Central,FUR-FU-10001706,Furniture,Furnishings,Longer-Life Soft White Bulbs,4.93,4,0.6,72.64,9/21/2015,9/24/2015
0,IM-15070,CA-2014-120768,19/12/2014,21/12/2014,Second Class,Irene Maddox,Consumer,United States,Florence,Alabama,35630,South,FUR-CH-10000513,Furniture,Chairs,High-Back Leather Manager's Chair,1819.86,14,0,72.64,12/19/2014,12/21/2014
0,JE-15745,CA-2015-139731,15/10/2015,15/10/2015,Same Day,Joel Eaton,Consumer,United States,Amarillo,Texas,79109,Central,FUR-CH-10002024,Furniture,Chairs,HON 5400 Series Task Chairs for Big and Tall,2453.43,5,0.3,72.53,10/15/2015,10/15/2015
0,SD-20485,CA-2017-102337,13/06/2017,16/06/2017,First Class,Shirley Daniels,Home Office,United States,Chicago,Illinois,60653,Central,FUR-CH-10004289,Furniture,Chairs,Global Super Steno Chair,470.3,7,0.3,72.53,6/13/2017,6/16/2017
0,ME-17320,CA-2017-148474,12/6/2017,19/06/2017,Standard Class,Maria Etezadi,Home Office,United States,Columbus,Georgia,31907,South,FUR-TA-10002530,Furniture,Tables,"""Iceberg OfficeWorks 42"""" Round Tables""",452.94,3,0,71.93,6/12/2017,6/19/2017
0,AA-10480,CA-2014-155271,4/5/2014,4/5/2014,Same Day,Andrew Allen,Consumer,United States,Middletown,Connecticut,6457,East,FUR-FU-10001473,Furniture,Furnishings,DAX Wood Document Frame,27.46,2,0,71.77,5/4/2014,5/4/2014
0,MB-18085,US-2016-128902,11/3/2016,15/03/2016,Standard Class,Mick Brown,Consumer,United States,Vineland,New Jersey,8360,East,FUR-TA-10001095,Furniture,Tables,Chromcraft Round Conference Tables,244.01,2,0.3,71.77,3/11/2016,3/15/2016
0,LC-16930,CA-2016-152289,26/08/2016,28/08/2016,First Class,Linda Cazamias,Corporate,United States,Pasadena,Texas,77506,Central,FUR-CH-10002126,Furniture,Chairs,Hon Deluxe Fabric Upholstered Stacking Chairs,1024.72,6,0.3,71.23,8/26/2016,8/28/2016
0,DK-12835,CA-2017-139199,9/12/2017,13/12/2017,Standard Class,Damala Kotsonis,Corporate,United States,Detroit,Michigan,48234,Central,FUR-CH-10000847,Furniture,Chairs,Global Executive Mid-Back Manager's Chair,872.94,3,0,70.98,12/9/2017,12/13/2017
0,CM-12655,CA-2015-140410,3/11/2015,7/11/2015,Standard Class,Corinna Mitchell,Home Office,United States,Los Angeles,California,90008,West,FUR-FU-10003347,Furniture,Furnishings,Coloredge Poster Frame,42.6,3,0,70.72,11/3/2015,11/7/2015
0,TS-21370,CA-2017-166436,24/11/2017,28/11/2017,Standard Class,Todd Sumrall,Corporate,United States,New York City,New York,10035,East,FUR-CH-10000785,Furniture,Chairs,Global Ergonomic Managers Chair,977.29,6,0.1,70.49,11/24/2017,11/28/2017
0,JW-15220,CA-2017-139661,30/10/2017,3/11/2017,Standard Class,Jane Waco,Corporate,United States,Vancouver,Washington,98661,West,FUR-FU-10002885,Furniture,Furnishings,Magna Visual Magnetic Picture Hangers,9.64,2,0,70.2,10/30/2017,11/3/2017
0,PC-19000,CA-2015-153388,1/8/2015,7/8/2015,Standard Class,Pauline Chand,Home Office,United States,Los Angeles,California,90004,West,FUR-TA-10003715,Furniture,Tables,Hon 2111 Invitation Series Corner Table,1004.98,6,0.2,70.2,8/1/2015,8/7/2015
0,MC-17845,CA-2017-148446,10/12/2017,14/12/2017,Second Class,Michael Chen,Consumer,United States,North Las Vegas,Nevada,89031,West,FUR-TA-10004256,Furniture,Tables,Bretford ÒJust In TimeÓ Height-Adjustable Multi-Task Work Tables,1669.6,4,0,69.68,12/10/2017,12/14/2017
0,GH-14425,CA-2015-144806,6/12/2015,11/12/2015,Standard Class,Gary Hwang,Consumer,United States,Tucson,Arizona,85705,West,FUR-FU-10002253,Furniture,Furnishings,"""Howard Miller 13"""" Diameter Pewter Finish Round Wall Clock""",206.11,6,0.2,69.2,12/6/2015,12/11/2015
0,CK-12205,CA-2014-166884,11/3/2014,16/03/2014,Second Class,Chloris Kastensmidt,Consumer,United States,Columbus,Ohio,43229,East,FUR-FU-10003981,Furniture,Furnishings,Eldon Wave Desk Accessories,8.32,5,0.2,67.94,3/11/2014,3/16/2014
0,JE-15475,CA-2015-112116,16/03/2015,18/03/2015,Second Class,Jeremy Ellison,Consumer,United States,Seattle,Washington,98103,West,FUR-TA-10001039,Furniture,Tables,KI Adjustable-Height Table,171.96,2,0,66.54,3/16/2015,3/18/2015
0,SG-20470,US-2017-102890,30/06/2017,30/06/2017,Same Day,Sheri Gordon,Consumer,United States,New York City,New York,10011,East,FUR-TA-10000577,Furniture,Tables,Bretford CR4500 Series Slim Rectangular Table,1044.63,5,0.4,65.21,6/30/2017,6/30/2017
0,SC-20095,US-2014-157385,23/11/2014,25/11/2014,First Class,Sanjit Chand,Consumer,United States,Los Angeles,California,90004,West,FUR-CH-10000863,Furniture,Chairs,Novimex Swivel Fabric Task Chair,603.92,5,0.2,64.76,11/23/2014,11/25/2014
0,SC-20095,US-2014-157385,23/11/2014,25/11/2014,First Class,Sanjit Chand,Consumer,United States,Los Angeles,California,90004,West,FUR-CH-10000595,Furniture,Chairs,Safco Contoured Stacking Chairs,381.44,2,0.2,64.52,11/23/2014,11/25/2014
0,NP-18325,CA-2015-131338,9/8/2015,12/8/2015,First Class,Naresj Patel,Consumer,United States,New York City,New York,10024,East,FUR-TA-10002607,Furniture,Tables,KI Conference Tables,382.81,9,0.4,63.93,8/9/2015,8/12/2015
0,NP-18325,CA-2015-131338,9/8/2015,12/8/2015,First Class,Naresj Patel,Consumer,United States,New York City,New York,10024,East,FUR-FU-10002157,Furniture,Furnishings,Artistic Insta-Plaque,47.04,3,0,63.89,8/9/2015,8/12/2015
0,NP-18325,CA-2015-131338,9/8/2015,12/8/2015,First Class,Naresj Patel,Consumer,United States,New York City,New York,10024,East,FUR-FU-10001706,Furniture,Furnishings,Longer-Life Soft White Bulbs,6.16,2,0,63.69,8/9/2015,8/12/2015
0,DP-13390,CA-2015-118423,24/03/2015,27/03/2015,First Class,Dennis Pardue,Home Office,United States,Peoria,Illinois,61604,Central,FUR-BO-10000362,Furniture,Bookcases,Sauder Inglewood Library Bookcases,359.06,3,0.3,63.68,3/24/2015,3/27/2015
0,MD-17350,CA-2017-149181,8/5/2017,12/5/2017,Standard Class,Maribeth Dona,Consumer,United States,Columbus,Ohio,43229,East,FUR-CH-10004540,Furniture,Chairs,Global Chrome Stack Chair,47.99,2,0.3,63.11,5/8/2017,5/12/2017
0,MY-17380,CA-2017-132234,16/10/2017,18/10/2017,First Class,Maribeth Yedwab,Corporate,United States,New York City,New York,10011,East,FUR-FU-10001290,Furniture,Furnishings,Executive Impressions Supervisor Wall Clock,547.3,13,0,62.91,10/16/2017,10/18/2017
0,AB-10150,CA-2017-158876,19/11/2017,21/11/2017,Second Class,Aimee Bixby,Consumer,United States,Carrollton,Texas,75007,Central,FUR-FU-10001967,Furniture,Furnishings,Telescoping Adjustable Floor Lamp,15.99,2,0.6,62.78,11/19/2017,11/21/2017
0,ML-17395,CA-2014-156349,26/05/2014,30/05/2014,Standard Class,Marina Lichtenstein,Corporate,United States,Los Angeles,California,90008,West,FUR-BO-10000362,Furniture,Bookcases,Sauder Inglewood Library Bookcases,290.67,2,0.15,62.74,5/26/2014,5/30/2014
0,MC-17275,CA-2015-143119,24/09/2015,30/09/2015,Standard Class,Marc Crier,Consumer,United States,Lafayette,Louisiana,70506,South,FUR-CH-10001270,Furniture,Chairs,Harbour Creations Steel Folding Chair,517.5,6,0,61.38,9/24/2015,9/30/2015
0,TB-21280,CA-2016-157266,26/05/2016,1/6/2016,Standard Class,Toby Braunhardt,Consumer,United States,Washington,District of Columbia,20016,East,FUR-FU-10000629,Furniture,Furnishings,9-3/4 Diameter Round Wall Clock,41.37,3,0,61.38,5/26/2016,6/1/2016
0,MM-17920,US-2015-157154,10/1/2015,15/01/2015,Standard Class,Michael Moore,Consumer,United States,New York City,New York,10011,East,FUR-TA-10001889,Furniture,Tables,Bush Advantage Collection Racetrack Conference Table,1018.1,4,0.4,60.55,1/10/2015,1/15/2015
0,SF-20965,CA-2015-143077,17/09/2015,21/09/2015,Standard Class,Sylvia Foulston,Corporate,United States,Houston,Texas,77041,Central,FUR-FU-10003535,Furniture,Furnishings,Howard Miller Distant Time Traveler Alarm Clock,21.94,2,0.6,60.39,9/17/2015,9/21/2015
0,SB-20290,CA-2014-122882,7/9/2014,13/09/2014,Standard Class,Sean Braxton,Corporate,United States,Philadelphia,Pennsylvania,19134,East,FUR-FU-10000758,Furniture,Furnishings,DAX Natural Wood-Tone Poster Frame,42.37,2,0.2,60.39,9/7/2014,9/13/2014
0,AW-10840,CA-2017-143798,10/12/2017,12/12/2017,First Class,Anthony Witt,Consumer,United States,Philadelphia,Pennsylvania,19140,East,FUR-FU-10004306,Furniture,Furnishings,Electrix Halogen Magnifier Lamp,310.88,2,0.2,60.39,12/10/2017,12/12/2017
0,TS-21610,CA-2014-142839,16/08/2014,20/08/2014,Standard Class,Troy Staebel,Consumer,United States,Philadelphia,Pennsylvania,19143,East,FUR-TA-10001539,Furniture,Tables,Chromcraft Rectangular Conference Tables,853.09,6,0.4,60.36,8/16/2014,8/20/2014
0,HZ-14950,US-2016-154361,14/03/2016,19/03/2016,Standard Class,Henia Zydlo,Consumer,United States,Columbus,Ohio,43229,East,FUR-FU-10004020,Furniture,Furnishings,Advantus Panel Wall Acrylic Frame,21.88,5,0.2,60.14,3/14/2016,3/19/2016
0,SC-20725,CA-2014-135657,3/6/2014,7/6/2014,Second Class,Steven Cartwright,Consumer,United States,Seattle,Washington,98115,West,FUR-TA-10004086,Furniture,Tables,KI Adjustable-Height Table,515.88,6,0,59.48,6/3/2014,6/7/2014
0,ND-18370,CA-2015-114069,13/07/2015,15/07/2015,Second Class,Natalie DeCherney,Consumer,United States,New York City,New York,10035,East,FUR-CH-10000595,Furniture,Chairs,Safco Contoured Stacking Chairs,1931.04,9,0.1,59.04,7/13/2015,7/15/2015
0,MM-18055,US-2017-124968,8/9/2017,13/09/2017,Second Class,Michelle Moray,Consumer,United States,Chicago,Illinois,60610,Central,FUR-TA-10004289,Furniture,Tables,BoxOffice By Design Rectangular and Half-Moon Meeting Room Tables,765.63,7,0.5,58.42,9/8/2017,9/13/2017
0,DC-13285,CA-2017-104003,7/10/2017,13/10/2017,Standard Class,Debra Catini,Consumer,United States,San Francisco,California,94110,West,FUR-BO-10003965,Furniture,Bookcases,O'Sullivan Manor Hill 2-Door Library in Brianna Oak,307.67,2,0.15,57.49,10/7/2017,10/13/2017
0,BN-11515,CA-2016-169943,19/05/2016,24/05/2016,Standard Class,Bradley Nguyen,Consumer,United States,New York City,New York,10011,East,FUR-FU-10002088,Furniture,Furnishings,Nu-Dell Float Frame 11 x 14 1/2,35.92,4,0,57.36,5/19/2016,5/24/2016
0,MO-17800,CA-2015-139094,22/11/2015,27/11/2015,Standard Class,Meg O'Connel,Home Office,United States,San Antonio,Texas,78207,Central,FUR-TA-10004607,Furniture,Tables,Hon 2111 Invitation Series Straight Table,206.96,2,0.3,56.32,11/22/2015,11/27/2015
0,JW-15955,CA-2017-168837,14/10/2017,17/10/2017,First Class,Joni Wasserman,Consumer,United States,Oakland,California,94601,West,FUR-FU-10001918,Furniture,Furnishings,C-Line Cubicle Keepers Polyproplyene Holder With Velcro Backings,9.46,2,0,56.27,10/14/2017,10/17/2017
0,ML-17755,CA-2016-110254,4/8/2016,8/8/2016,Standard Class,Max Ludwig,Home Office,United States,Suffolk,Virginia,23434,South,FUR-FU-10001591,Furniture,Furnishings,Advantus Panel Wall Certificate Holder - 8.5x11,109.8,9,0,55.02,8/4/2016,8/8/2016
0,RP-19390,CA-2014-120474,1/12/2014,3/12/2014,First Class,Resi Pšlking,Consumer,United States,Madison,Wisconsin,53711,Central,FUR-CH-10001854,Furniture,Chairs,Office Star - Professional Matrix Back Chair with 2-to-1 Synchro Tilt and Mesh Fabric Seat,2807.84,8,0,55.02,12/1/2014,12/3/2014
0,RM-19375,CA-2016-100965,7/7/2016,11/7/2016,Standard Class,Raymond Messe,Consumer,United States,San Jose,California,95123,West,FUR-FU-10003039,Furniture,Furnishings,"""Howard Miller 11-1/2"""" Diameter Grantwood Wall Clock""",215.65,5,0,54.78,7/7/2016,7/11/2016
0,HK-14890,CA-2016-165484,23/10/2016,29/10/2016,Standard Class,Heather Kirkland,Corporate,United States,Chicago,Illinois,60610,Central,FUR-FU-10001196,Furniture,Furnishings,DAX Cubicle Frames - 8x10,16.16,7,0.6,54.67,10/23/2016,10/29/2016
0,FO-14305,CA-2014-132612,9/6/2014,11/6/2014,Second Class,Frank Olsen,Consumer,United States,Harrisonburg,Virginia,22801,South,FUR-TA-10004534,Furniture,Tables,Bevis 44 x 96 Conference Tables,1441.3,7,0,54.4,6/9/2014,6/11/2014
0,SP-20620,CA-2015-131597,14/09/2015,18/09/2015,Standard Class,Stefania Perrino,Corporate,United States,Los Angeles,California,90045,West,FUR-TA-10002607,Furniture,Tables,KI Conference Tables,170.14,3,0.2,54.28,9/14/2015,9/18/2015
0,SA-20830,CA-2016-167507,22/12/2016,28/12/2016,Standard Class,Sue Ann Reed,Consumer,United States,Redmond,Oregon,97756,West,FUR-FU-10001935,Furniture,Furnishings,3M Hangers With Command Adhesive,11.84,4,0.2,53.24,12/22/2016,12/28/2016
0,SA-20830,CA-2016-167507,22/12/2016,28/12/2016,Standard Class,Sue Ann Reed,Consumer,United States,Redmond,Oregon,97756,West,FUR-FU-10002878,Furniture,Furnishings,"""Seth Thomas 14"""" Day/Date Wall Clock""",22.78,1,0.2,53.2,12/22/2016,12/28/2016
0,SL-20155,CA-2017-145884,21/10/2017,21/10/2017,Same Day,Sara Luxemburg,Home Office,United States,Muskogee,Oklahoma,74403,Central,FUR-TA-10002356,Furniture,Tables,Bevis Boat-Shaped Conference Table,262.11,1,0,53.2,10/21/2017,10/21/2017
0,GB-14530,CA-2015-131422,5/11/2015,9/11/2015,Standard Class,George Bell,Corporate,United States,Monroe,North Carolina,28110,South,FUR-CH-10001270,Furniture,Chairs,Harbour Creations Steel Folding Chair,207,3,0.2,52.97,11/5/2015,11/9/2015
0,BF-10975,CA-2014-117345,1/8/2014,5/8/2014,Standard Class,Barbara Fisher,Corporate,United States,Charlotte,North Carolina,28205,South,FUR-FU-10000629,Furniture,Furnishings,9-3/4 Diameter Round Wall Clock,44.13,4,0.2,52.8,8/1/2014,8/5/2014
0,KH-16330,CA-2016-157763,18/07/2016,23/07/2016,Standard Class,Katharine Harms,Corporate,United States,Bowling Green,Kentucky,42104,South,FUR-CH-10000988,Furniture,Chairs,Hon Olson Stacker Stools,140.81,1,0,52.69,7/18/2016,7/23/2016
0,DA-13450,US-2017-158512,12/1/2017,17/01/2017,Second Class,Dianna Arnett,Home Office,United States,Washington,District of Columbia,20016,East,FUR-FU-10004973,Furniture,Furnishings,Flat Face Poster Frame,37.68,2,0,52.38,1/12/2017,1/17/2017
0,FH-14275,CA-2017-128370,10/9/2017,10/9/2017,Same Day,Frank Hawley,Corporate,United States,Los Angeles,California,90004,West,FUR-CH-10002602,Furniture,Chairs,DMI Arturo Collection Mission-style Design Wood Chair,362.35,3,0.2,52.38,9/10/2017,9/10/2017
0,NC-18625,US-2016-100839,13/10/2016,17/10/2016,Standard Class,Noah Childs,Corporate,United States,Aurora,Colorado,80013,West,FUR-TA-10004575,Furniture,Tables,Hon 5100 Series Wood Tables,727.45,5,0.5,52.13,10/13/2016,10/17/2016
0,NC-18625,US-2016-100839,13/10/2016,17/10/2016,Standard Class,Noah Childs,Corporate,United States,Aurora,Colorado,80013,West,FUR-FU-10001617,Furniture,Furnishings,"""Executive Impressions 8-1/2"""" Career Panel/Partition Cubicle Clock""",24.96,3,0.2,51.94,10/13/2016,10/17/2016
0,AH-10075,CA-2017-118857,15/04/2017,18/04/2017,First Class,Adam Hart,Corporate,United States,Henderson,Nevada,89015,West,FUR-FU-10004460,Furniture,Furnishings,"""Howard Miller 12"""" Round Wall Clock""",196.45,5,0,51.83,4/15/2017,4/18/2017
0,ME-18010,CA-2014-116932,21/07/2014,25/07/2014,Standard Class,Michelle Ellison,Corporate,United States,San Francisco,California,94122,West,FUR-CH-10001215,Furniture,Chairs,Global Troy Executive Leather Low-Back Tilter,801.57,2,0.2,51.75,7/21/2014,7/25/2014
0,ME-18010,CA-2014-116932,21/07/2014,25/07/2014,Standard Class,Michelle Ellison,Corporate,United States,San Francisco,California,94122,West,FUR-TA-10004175,Furniture,Tables,"""Hon 30"""" x 60"""" Table with Locking Drawer""",272.85,1,0.2,51.48,7/21/2014,7/25/2014
0,BP-11230,CA-2017-142888,21/11/2017,25/11/2017,Standard Class,Benjamin Patterson,Consumer,United States,Spokane,Washington,99207,West,FUR-TA-10004767,Furniture,Tables,Safco Drafting Table,70.98,1,0,51.47,11/21/2017,11/25/2017
0,CJ-12010,US-2016-112977,10/3/2016,16/03/2016,Standard Class,Caroline Jumper,Consumer,United States,Long Beach,New York,11561,East,FUR-BO-10003272,Furniture,Bookcases,O'Sullivan Living Dimensions 5-Shelf Bookcases,176.78,1,0.2,51.29,3/10/2016,3/16/2016
0,PG-18895,CA-2016-147578,22/04/2016,26/04/2016,Second Class,Paul Gonzalez,Consumer,United States,San Francisco,California,94122,West,FUR-FU-10001889,Furniture,Furnishings,Ultra Door Pull Handle,31.56,3,0,50.56,4/22/2016,4/26/2016
0,RA-19945,CA-2014-169775,29/08/2014,2/9/2014,Second Class,Ryan Akin,Consumer,United States,Miami,Florida,33178,South,FUR-TA-10001857,Furniture,Tables,Balt Solid Wood Rectangular Table,174.06,3,0.45,50.49,8/29/2014,9/2/2014
0,DK-12835,CA-2017-167094,21/10/2017,22/10/2017,First Class,Damala Kotsonis,Corporate,United States,Springfield,Oregon,97477,West,FUR-CH-10000155,Furniture,Chairs,Global Comet Stacking Armless Chair,478.48,2,0.2,50.24,10/21/2017,10/22/2017
0,RW-19540,CA-2015-157959,3/2/2015,4/2/2015,First Class,Rick Wilson,Corporate,United States,Los Angeles,California,90008,West,FUR-FU-10004093,Furniture,Furnishings,Hand-Finished Solid Wood Document Frame,136.92,4,0,50.1,2/3/2015,2/4/2015
0,EH-13765,US-2017-111423,17/08/2017,19/08/2017,First Class,Edward Hooks,Corporate,United States,Watertown,New York,13601,East,FUR-CH-10003981,Furniture,Chairs,Global Commerce Series Low-Back Swivel/Tilt Chairs,462.56,2,0.1,50.1,8/17/2017,8/19/2017
0,SV-20365,CA-2017-161200,6/8/2017,10/8/2017,Second Class,Seth Vernon,Consumer,United States,Lafayette,Louisiana,70506,South,FUR-BO-10000468,Furniture,Bookcases,O'Sullivan 2-Shelf Heavy-Duty Bookcases,145.74,3,0,49.8,8/6/2017,8/10/2017
0,SV-20365,CA-2017-161200,6/8/2017,10/8/2017,Second Class,Seth Vernon,Consumer,United States,Lafayette,Louisiana,70506,South,FUR-FU-10001706,Furniture,Furnishings,Longer-Life Soft White Bulbs,15.4,5,0,49.8,8/6/2017,8/10/2017
0,NP-18685,CA-2015-141768,25/05/2015,27/05/2015,Second Class,Nora Pelletier,Home Office,United States,San Francisco,California,94109,West,FUR-FU-10002268,Furniture,Furnishings,Ultra Door Push Plate,14.73,3,0,49.72,5/25/2015,5/27/2015
0,JE-15715,CA-2016-112109,8/7/2016,12/7/2016,Standard Class,Joe Elijah,Consumer,United States,Broomfield,Colorado,80020,West,FUR-CH-10004287,Furniture,Chairs,SAFCO Arco Folding Chair,662.88,3,0.2,48.95,7/8/2016,7/12/2016
0,AC-10615,CA-2017-157987,2/9/2017,6/9/2017,Standard Class,Ann Chong,Corporate,United States,New York City,New York,10009,East,FUR-FU-10001196,Furniture,Furnishings,DAX Cubicle Frames - 8x10,11.54,2,0,48.91,9/2/2017,9/6/2017
0,AC-10615,CA-2017-157987,2/9/2017,6/9/2017,Standard Class,Ann Chong,Corporate,United States,New York City,New York,10009,East,FUR-TA-10001889,Furniture,Tables,Bush Advantage Collection Racetrack Conference Table,254.53,1,0.4,48.91,9/2/2017,9/6/2017
0,AC-10615,CA-2017-157987,2/9/2017,6/9/2017,Standard Class,Ann Chong,Corporate,United States,New York City,New York,10009,East,FUR-CH-10003379,Furniture,Chairs,Global Commerce Series High-Back Swivel/Tilt Chairs,1282.41,5,0.1,48.8,9/2/2017,9/6/2017
0,KT-16465,CA-2016-112669,14/04/2016,14/04/2016,Same Day,Kean Takahito,Consumer,United States,Glendale,Arizona,85301,West,FUR-CH-10004086,Furniture,Chairs,Hon 4070 Series Pagoda Armless Upholstered Stacking Chairs,933.54,4,0.2,48.31,4/14/2016,4/14/2016
0,LW-16825,CA-2014-164721,25/11/2014,27/11/2014,Second Class,Laurel Workman,Corporate,United States,Brentwood,California,94513,West,FUR-FU-10001940,Furniture,Furnishings,Staple-based wall hangings,23.88,3,0,48.12,11/25/2014,11/27/2014
0,AS-10090,CA-2015-127509,9/11/2015,13/11/2015,Standard Class,Adam Shillingsburg,Consumer,United States,Springfield,Missouri,65807,Central,FUR-TA-10002855,Furniture,Tables,Bevis Round Conference Table Top & Single Column Base,1024.38,7,0,47.85,11/9/2015,11/13/2015
0,JS-16030,US-2017-147221,2/12/2017,4/12/2017,Second Class,Joy Smith,Consumer,United States,Houston,Texas,77036,Central,FUR-FU-10004020,Furniture,Furnishings,Advantus Panel Wall Acrylic Frame,8.75,4,0.6,47.85,12/2/2017,12/4/2017
0,AM-10705,CA-2016-145905,18/09/2016,23/09/2016,Standard Class,Anne McFarland,Consumer,United States,Auburn,Alabama,36830,South,FUR-CH-10001854,Furniture,Chairs,Office Star - Professional Matrix Back Chair with 2-to-1 Synchro Tilt and Mesh Fabric Seat,350.98,1,0,46.98,9/18/2016,9/23/2016
0,SN-20560,CA-2015-122287,18/06/2015,23/06/2015,Standard Class,Skye Norling,Home Office,United States,Peoria,Arizona,85345,West,FUR-FU-10004973,Furniture,Furnishings,Flat Face Poster Frame,75.36,5,0.2,46.2,6/18/2015,6/23/2015
0,CK-12595,CA-2015-142237,11/7/2015,13/07/2015,First Class,Clytie Kelty,Consumer,United States,Philadelphia,Pennsylvania,19134,East,FUR-FU-10004848,Furniture,Furnishings,"""Howard Miller 13-3/4"""" Diameter Brushed Chrome Round Wall Clock""",289.8,7,0.2,46.12,7/11/2015,7/13/2015
0,CK-12595,CA-2015-142237,11/7/2015,13/07/2015,First Class,Clytie Kelty,Consumer,United States,Philadelphia,Pennsylvania,19134,East,FUR-CH-10003833,Furniture,Chairs,Novimex Fabric Task Chair,341.49,8,0.3,45.95,7/11/2015,7/13/2015
0,RD-19480,CA-2016-136434,1/12/2016,7/12/2016,Standard Class,Rick Duston,Consumer,United States,Richmond,Indiana,47374,Central,FUR-FU-10001196,Furniture,Furnishings,DAX Cubicle Frames - 8x10,17.31,3,0,45.47,12/1/2016,12/7/2016
0,TP-21130,CA-2017-120376,22/12/2017,25/12/2017,First Class,Theone Pippenger,Consumer,United States,Detroit,Michigan,48227,Central,FUR-CH-10002335,Furniture,Chairs,Hon GuestStacker Chair,1586.69,7,0,45.37,12/22/2017,12/25/2017
0,TP-21130,CA-2017-120376,22/12/2017,25/12/2017,First Class,Theone Pippenger,Consumer,United States,Detroit,Michigan,48227,Central,FUR-TA-10004534,Furniture,Tables,Bevis 44 x 96 Conference Tables,411.8,2,0,45.35,12/22/2017,12/25/2017
0,GG-14650,CA-2014-106439,31/10/2014,4/11/2014,Standard Class,Greg Guthrie,Corporate,United States,Los Angeles,California,90049,West,FUR-CH-10003833,Furniture,Chairs,Novimex Fabric Task Chair,146.35,3,0.2,45.29,10/31/2014,11/4/2014
0,ZC-21910,CA-2015-133452,13/04/2015,19/04/2015,Standard Class,Zuschuss Carroll,Consumer,United States,Pomona,California,91767,West,FUR-TA-10003954,Furniture,Tables,Hon 94000 Series Round Tables,710.83,3,0.2,45.29,4/13/2015,4/19/2015
0,KA-16525,US-2017-110996,20/11/2017,25/11/2017,Standard Class,Kelly Andreada,Consumer,United States,Ontario,California,91761,West,FUR-CH-10003956,Furniture,Chairs,Novimex High-Tech Fabric Mesh Task Chair,283.92,5,0.2,45.29,11/20/2017,11/25/2017
0,MS-17365,CA-2015-120103,24/12/2015,29/12/2015,Standard Class,Maribeth Schnelling,Consumer,United States,Phoenix,Arizona,85023,West,FUR-FU-10002885,Furniture,Furnishings,Magna Visual Magnetic Picture Hangers,7.71,2,0.2,44.71,12/24/2015,12/29/2015
0,MM-17260,CA-2017-166142,15/07/2017,19/07/2017,Standard Class,Magdelene Morse,Consumer,United States,Wilmington,Delaware,19805,East,FUR-TA-10004607,Furniture,Tables,Hon 2111 Invitation Series Straight Table,310.44,3,0.3,44.3,7/15/2017,7/19/2017
0,MP-17470,CA-2014-145926,17/11/2014,21/11/2014,Standard Class,Mark Packer,Home Office,United States,Moorhead,Minnesota,56560,Central,FUR-CH-10004289,Furniture,Chairs,Global Super Steno Chair,479.9,5,0,43.84,11/17/2014,11/21/2014
0,AH-10120,CA-2014-123295,18/07/2014,18/07/2014,Same Day,Adrian Hane,Home Office,United States,Tucson,Arizona,85705,West,FUR-CH-10002372,Furniture,Chairs,Office Star - Ergonomically Designed Knee Chair,259.14,4,0.2,43.78,7/18/2014,7/18/2014
0,SG-20080,CA-2015-164882,31/10/2015,31/10/2015,Same Day,Sandra Glassco,Consumer,United States,Redlands,California,92374,West,FUR-BO-10002213,Furniture,Bookcases,DMI Eclipse Executive Suite Bookcases,425.83,1,0.15,43.68,10/31/2015,10/31/2015
0,EH-14005,CA-2017-167381,22/09/2017,24/09/2017,Second Class,Erica Hernandez,Home Office,United States,Lansing,Michigan,48911,Central,FUR-BO-10001972,Furniture,Bookcases,O'Sullivan 4-Shelf Bookcase in Odessa Pine,241.96,2,0,43.22,9/22/2017,9/24/2017
0,RF-19345,US-2014-114188,20/05/2014,22/05/2014,Second Class,Randy Ferguson,Corporate,United States,Dover,New Hampshire,3820,East,FUR-FU-10000076,Furniture,Furnishings,24-Hour Round Wall Clock,139.86,7,0,42.75,5/20/2014,5/22/2014
0,GT-14635,CA-2014-159520,6/6/2014,11/6/2014,Standard Class,Grant Thornton,Corporate,United States,Long Beach,New York,11561,East,FUR-TA-10003238,Furniture,Tables,"""Chromcraft Bull-Nose Wood 48"""" x 96"""" Rectangular Conference Tables""",991.76,3,0.4,42.59,6/6/2014,6/11/2014
0,WB-21850,CA-2014-141607,12/12/2014,17/12/2014,Standard Class,William Brown,Consumer,United States,Concord,California,94521,West,FUR-FU-10003975,Furniture,Furnishings,Eldon Advantage Chair Mats for Low to Medium Pile Carpets,43.31,1,0,42.15,12/12/2014,12/17/2014
0,AF-10870,US-2017-139969,19/11/2017,26/11/2017,Standard Class,Art Ferguson,Consumer,United States,College Station,Texas,77840,Central,FUR-CH-10001973,Furniture,Chairs,Office Star Flex Back Scooter Chair with White Frame,233.06,3,0.3,42.12,11/19/2017,11/26/2017
0,BF-11170,US-2016-120460,30/04/2016,5/5/2016,Standard Class,Ben Ferrer,Home Office,United States,Dallas,Texas,75081,Central,FUR-FU-10004973,Furniture,Furnishings,Flat Face Poster Frame,22.61,3,0.6,42,4/30/2016,5/5/2016
0,HA-14920,CA-2016-154018,13/10/2016,19/10/2016,Standard Class,Helen Andreada,Consumer,United States,Laredo,Texas,78041,Central,FUR-FU-10003394,Furniture,Furnishings,"""Tenex """"The Solids"""" Textured Chair Mats""",139.92,5,0.6,41.91,10/13/2016,10/19/2016
0,CJ-12010,CA-2016-128818,7/5/2016,11/5/2016,Standard Class,Caroline Jumper,Consumer,United States,New York City,New York,10009,East,FUR-CH-10002084,Furniture,Chairs,Hon Mobius Operator's Chair,442.76,4,0.1,41.79,5/7/2016,5/11/2016
0,CJ-12010,CA-2016-128818,7/5/2016,11/5/2016,Standard Class,Caroline Jumper,Consumer,United States,New York City,New York,10009,East,FUR-FU-10001940,Furniture,Furnishings,Staple-based wall hangings,63.68,8,0,41.45,5/7/2016,5/11/2016
0,LT-17110,US-2014-165659,1/6/2014,6/6/2014,Standard Class,Liz Thompson,Consumer,United States,Little Rock,Arkansas,72209,South,FUR-FU-10001935,Furniture,Furnishings,3M Hangers With Command Adhesive,22.2,6,0,41.26,6/1/2014,6/6/2014
0,BT-11305,CA-2015-138002,6/9/2015,12/9/2015,Standard Class,Beth Thompson,Home Office,United States,Seattle,Washington,98103,West,FUR-FU-10004748,Furniture,Furnishings,"""Howard Miller 16"""" Diameter Gallery Wall Clock""",191.82,3,0,41.17,9/6/2015,9/12/2015
0,SW-20275,CA-2017-107874,21/11/2017,25/11/2017,Standard Class,Scott Williamson,Consumer,United States,New York City,New York,10035,East,FUR-FU-10003535,Furniture,Furnishings,Howard Miller Distant Time Traveler Alarm Clock,27.42,1,0,41.13,11/21/2017,11/25/2017
0,DK-13375,CA-2015-131884,6/12/2015,6/12/2015,Same Day,Dennis Kane,Consumer,United States,Marion,Ohio,43302,East,FUR-CH-10004860,Furniture,Chairs,Global Low Back Tilter Chair,70.69,1,0.3,41.04,12/6/2015,12/6/2015
0,GM-14680,CA-2016-139157,1/10/2016,5/10/2016,Standard Class,Greg Matthias,Consumer,United States,New York City,New York,10024,East,FUR-TA-10003238,Furniture,Tables,"""Chromcraft Bull-Nose Wood 48"""" x 96"""" Rectangular Conference Tables""",330.59,1,0.4,40.97,10/1/2016,10/5/2016
0,DB-13405,CA-2017-157091,26/06/2017,1/7/2017,Standard Class,Denny Blanton,Consumer,United States,La Porte,Indiana,46350,Central,FUR-FU-10000293,Furniture,Furnishings,Eldon Antistatic Chair Mats for Low to Medium Pile Carpets,526.45,5,0,40.92,6/26/2017,7/1/2017
0,SJ-20125,CA-2017-166849,20/04/2017,26/04/2017,Standard Class,Sanjit Jacobs,Home Office,United States,Chicago,Illinois,60610,Central,FUR-FU-10004597,Furniture,Furnishings,Eldon Cleatmat Chair Mats for Medium Pile Carpets,44.4,2,0.6,40.8,4/20/2017,4/26/2017
0,TS-21610,CA-2017-105214,16/06/2017,19/06/2017,First Class,Troy Staebel,Consumer,United States,San Francisco,California,94122,West,FUR-CH-10000015,Furniture,Chairs,Hon Multipurpose Stacking Arm Chairs,1212.96,7,0.2,40.59,6/16/2017,6/19/2017
0,JL-15850,CA-2015-142944,6/3/2015,11/3/2015,Standard Class,John Lucas,Consumer,United States,San Francisco,California,94122,West,FUR-FU-10000308,Furniture,Furnishings,Deflect-o Glass Clear Studded Chair Mats,435.26,7,0,40.47,3/6/2015,3/11/2015
0,AR-10405,CA-2014-157882,3/10/2014,8/10/2014,Second Class,Allen Rosenblatt,Corporate,United States,Los Angeles,California,90036,West,FUR-TA-10001866,Furniture,Tables,Bevis Round Conference Room Tables and Bases,143.43,1,0.2,40.42,10/3/2014,10/8/2014
0,LM-17065,CA-2014-104283,27/06/2014,1/7/2014,Standard Class,Liz MacKendrick,Consumer,United States,Southaven,Mississippi,38671,South,FUR-TA-10001039,Furniture,Tables,KI Adjustable-Height Table,85.98,1,0,39.98,6/27/2014,7/1/2014
0,JK-15625,CA-2017-142622,30/10/2017,2/11/2017,First Class,Jim Karlsson,Consumer,United States,Seattle,Washington,98115,West,FUR-CH-10003833,Furniture,Chairs,Novimex Fabric Task Chair,97.57,2,0.2,39.98,10/30/2017,11/2/2017
0,JK-15625,CA-2017-142622,30/10/2017,2/11/2017,First Class,Jim Karlsson,Consumer,United States,Seattle,Washington,98115,West,FUR-CH-10004289,Furniture,Chairs,Global Super Steno Chair,614.27,8,0.2,39.92,10/30/2017,11/2/2017
0,JK-15625,CA-2017-142622,30/10/2017,2/11/2017,First Class,Jim Karlsson,Consumer,United States,Seattle,Washington,98115,West,FUR-BO-10004467,Furniture,Bookcases,Bestar Classic Bookcase,199.98,2,0,39.75,10/30/2017,11/2/2017
0,RS-19420,CA-2017-115154,8/1/2017,11/1/2017,First Class,Ricardo Sperren,Corporate,United States,Seattle,Washington,98115,West,FUR-TA-10001950,Furniture,Tables,Balt Solid Wood Round Tables,892.98,2,0,39.75,1/8/2017,1/11/2017
0,VD-21670,CA-2015-113145,1/11/2015,5/11/2015,Standard Class,Valerie Dominguez,Consumer,United States,New York City,New York,10011,East,FUR-FU-10000965,Furniture,Furnishings,"""Howard Miller 11-1/2"""" Diameter Ridgewood Wall Clock""",259.7,5,0,39.43,11/1/2015,11/5/2015
0,MO-17800,CA-2017-157931,17/09/2017,22/09/2017,Second Class,Meg O'Connel,Home Office,United States,Roswell,Georgia,30076,South,FUR-CH-10000785,Furniture,Chairs,Global Ergonomic Managers Chair,723.92,4,0,39.08,9/17/2017,9/22/2017
0,BC-11125,US-2017-120418,11/6/2017,12/6/2017,First Class,Becky Castell,Home Office,United States,Peoria,Arizona,85345,West,FUR-CH-10001394,Furniture,Chairs,Global Leather Executive Chair,280.79,1,0.2,38.97,6/11/2017,6/12/2017
0,EM-13825,CA-2017-122035,20/07/2017,25/07/2017,Standard Class,Elizabeth Moffitt,Corporate,United States,Sioux Falls,South Dakota,57103,Central,FUR-CH-10003833,Furniture,Chairs,Novimex Fabric Task Chair,182.94,3,0,38.87,7/20/2017,7/25/2017
0,JD-16150,US-2015-147739,25/12/2015,29/12/2015,Standard Class,Justin Deggeller,Corporate,United States,Philadelphia,Pennsylvania,19140,East,FUR-FU-10001468,Furniture,Furnishings,Tenex Antistatic Computer Chair Mats,547.14,4,0.2,38.44,12/25/2015,12/29/2015
0,GM-14455,US-2014-143231,31/12/2014,3/1/2015,First Class,Gary Mitchum,Home Office,United States,Franklin,Massachusetts,2038,East,FUR-FU-10002501,Furniture,Furnishings,Nu-Dell Executive Frame,63.2,5,0,38.38,12/31/2014,1/3/2015
0,LT-17110,CA-2016-159373,13/03/2016,18/03/2016,Standard Class,Liz Thompson,Consumer,United States,San Antonio,Texas,78207,Central,FUR-TA-10004619,Furniture,Tables,Hon Non-Folding Utility Tables,557.59,5,0.3,38.27,3/13/2016,3/18/2016
0,CP-12340,US-2014-148838,17/03/2014,21/03/2014,Standard Class,Christine Phan,Corporate,United States,New York City,New York,10024,East,FUR-TA-10003473,Furniture,Tables,Bretford Rectangular Conference Table Tops,1579.75,7,0.4,38.04,3/17/2014,3/21/2014
0,CP-12340,US-2014-148838,17/03/2014,21/03/2014,Standard Class,Christine Phan,Corporate,United States,New York City,New York,10024,East,FUR-TA-10001950,Furniture,Tables,Balt Solid Wood Round Tables,1071.58,4,0.4,38.02,3/17/2014,3/21/2014
0,CP-12340,US-2014-148838,17/03/2014,21/03/2014,Standard Class,Christine Phan,Corporate,United States,New York City,New York,10024,East,FUR-TA-10004175,Furniture,Tables,"""Hon 30"""" x 60"""" Table with Locking Drawer""",613.91,3,0.4,38.02,3/17/2014,3/21/2014
0,AB-10060,US-2016-108637,13/03/2016,18/03/2016,Standard Class,Adam Bellavance,Home Office,United States,Waynesboro,Virginia,22980,South,FUR-FU-10004864,Furniture,Furnishings,"""Howard Miller 14-1/2"""" Diameter Chrome Round Wall Clock""",127.88,2,0,38,3/13/2016,3/18/2016
0,BF-11020,CA-2016-159940,7/7/2016,11/7/2016,Second Class,Barry Franzšsisch,Corporate,United States,Aurora,Illinois,60505,Central,FUR-FU-10004973,Furniture,Furnishings,Flat Face Poster Frame,60.29,8,0.6,37.64,7/7/2016,7/11/2016
0,BF-11020,CA-2016-159940,7/7/2016,11/7/2016,Second Class,Barry Franzšsisch,Corporate,United States,Aurora,Illinois,60505,Central,FUR-CH-10000785,Furniture,Chairs,Global Ergonomic Managers Chair,253.37,2,0.3,37.41,7/7/2016,7/11/2016
0,BE-11455,CA-2016-118052,6/5/2016,10/5/2016,Standard Class,Brad Eason,Home Office,United States,Lorain,Ohio,44052,East,FUR-FU-10004848,Furniture,Furnishings,DAX Solid Wood Frames,54.71,7,0.2,37.37,5/6/2016,5/10/2016
0,SG-20605,US-2015-127040,6/12/2015,10/12/2015,Standard Class,Speros Goranitis,Consumer,United States,New York City,New York,10009,East,FUR-FU-10002878,Furniture,Furnishings,"""Seth Thomas 14"""" Day/Date Wall Clock""",113.92,4,0,36.48,12/6/2015,12/10/2015
0,HM-14860,US-2016-110170,27/09/2016,3/10/2016,Standard Class,Harry Marie,Corporate,United States,Huntsville,Texas,77340,Central,FUR-BO-10000780,Furniture,Bookcases,O'Sullivan Plantations 2-Door Library in Landvery Oak,956.66,7,0.32,36.47,9/27/2016,10/3/2016
0,BE-11335,CA-2017-155985,23/03/2017,25/03/2017,First Class,Bill Eplett,Home Office,United States,San Francisco,California,94122,West,FUR-FU-10000758,Furniture,Furnishings,DAX Natural Wood-Tone Poster Frame,211.84,8,0,36.4,3/23/2017,3/25/2017
0,JA-15970,CA-2014-151295,12/11/2014,16/11/2014,Standard Class,Joseph Airdo,Consumer,United States,Los Angeles,California,90045,West,FUR-TA-10002356,Furniture,Tables,Bevis Boat-Shaped Conference Table,629.06,3,0.2,36.38,11/12/2014,11/16/2014
0,PP-18955,CA-2015-146087,6/7/2015,11/7/2015,Standard Class,Paul Prost,Home Office,United States,Holyoke,Massachusetts,1040,East,FUR-BO-10002824,Furniture,Bookcases,Bush Mission Pointe Library,301.96,2,0,36.29,7/6/2015,7/11/2015
0,SV-20935,US-2017-147669,25/12/2017,30/12/2017,Standard Class,Susan Vittorini,Consumer,United States,Fairfield,Ohio,45014,East,FUR-TA-10002645,Furniture,Tables,Hon Rectangular Conference Tables,273.06,2,0.4,36.23,12/25/2017,12/30/2017
0,HM-14860,CA-2017-129805,28/12/2017,2/1/2018,Standard Class,Harry Marie,Corporate,United States,Seattle,Washington,98103,West,FUR-FU-10001935,Furniture,Furnishings,3M Hangers With Command Adhesive,7.4,2,0,35.76,12/28/2017,1/2/2018
0,PW-19240,CA-2014-164210,18/11/2014,20/11/2014,Second Class,Pierre Wener,Consumer,United States,Louisville,Colorado,80027,West,FUR-TA-10000849,Furniture,Tables,Bevis Rectangular Conference Tables,145.98,2,0.5,35.68,11/18/2014,11/20/2014
0,AF-10870,CA-2016-146934,22/05/2016,27/05/2016,Standard Class,Art Ferguson,Consumer,United States,Passaic,New Jersey,7055,East,FUR-TA-10003748,Furniture,Tables,Bevis 36 x 72 Conference Tables,174.29,2,0.3,35.25,5/22/2016,5/27/2016
0,BD-11320,CA-2016-119165,31/10/2016,6/11/2016,Standard Class,Bill Donatelli,Consumer,United States,Philadelphia,Pennsylvania,19143,East,FUR-CH-10000988,Furniture,Chairs,Hon Olson Stacker Stools,492.84,5,0.3,35.1,10/31/2016,11/6/2016
0,CM-11935,US-2016-135923,22/01/2016,28/01/2016,Standard Class,Carlos Meador,Consumer,United States,Fayetteville,North Carolina,28314,South,FUR-FU-10002107,Furniture,Furnishings,Eldon Pizzaz Desk Accessories,14.27,8,0.2,35.1,1/22/2016,1/28/2016
0,PF-19225,CA-2016-114972,3/11/2016,6/11/2016,First Class,Phillip Flathmann,Consumer,United States,Los Angeles,California,90032,West,FUR-CH-10001190,Furniture,Chairs,Global Deluxe High-Back Office Chair in Storm,217.58,2,0.2,35.08,11/3/2016,11/6/2016
0,GM-14695,CA-2017-102750,4/9/2017,8/9/2017,Second Class,Greg Maxwell,Corporate,United States,Los Angeles,California,90036,West,FUR-TA-10000198,Furniture,Tables,Chromcraft Bull-Nose Wood Oval Conference Tables & Bases,1322.35,3,0.2,34.99,9/4/2017,9/8/2017
0,KT-16480,CA-2016-146206,10/9/2016,14/09/2016,Second Class,Kean Thornton,Consumer,United States,Houston,Texas,77095,Central,FUR-TA-10004086,Furniture,Tables,KI Adjustable-Height Table,300.93,5,0.3,34.89,9/10/2016,9/14/2016
0,KL-16645,CA-2014-143917,25/07/2014,27/07/2014,Second Class,Ken Lonsdale,Consumer,United States,San Francisco,California,94122,West,FUR-FU-10004351,Furniture,Furnishings,Staple-based wall hangings,77.92,8,0,34.49,7/25/2014,7/27/2014
0,BB-11545,CA-2016-124506,11/11/2016,17/11/2016,Standard Class,Brenda Bowman,Corporate,United States,Chicago,Illinois,60623,Central,FUR-CH-10004540,Furniture,Chairs,Global Chrome Stack Chair,47.99,2,0.3,34.41,11/11/2016,11/17/2016
0,DW-13585,CA-2017-123134,2/5/2017,7/5/2017,Standard Class,Dorothy Wardle,Corporate,United States,Westfield,New Jersey,7090,East,FUR-FU-10003975,Furniture,Furnishings,Eldon Advantage Chair Mats for Low to Medium Pile Carpets,129.93,3,0,34.37,5/2/2017,5/7/2017
0,SV-20365,CA-2015-168746,27/01/2015,29/01/2015,Second Class,Seth Vernon,Consumer,United States,Cleveland,Ohio,44105,East,FUR-CH-10000513,Furniture,Chairs,High-Back Leather Manager's Chair,181.99,2,0.3,34.28,1/27/2015,1/29/2015
0,EM-13810,CA-2015-113404,16/07/2015,16/07/2015,Same Day,Eleni McCrary,Corporate,United States,San Francisco,California,94122,West,FUR-CH-10003312,Furniture,Chairs,Hon 2090 ÒPillow SoftÓ Series Mid Back Swivel/Tilt Chairs,1348.7,6,0.2,34.15,7/16/2015,7/16/2015
0,EM-13810,CA-2015-113404,16/07/2015,16/07/2015,Same Day,Eleni McCrary,Corporate,United States,San Francisco,California,94122,West,FUR-CH-10004086,Furniture,Chairs,Hon 4070 Series Pagoda Armless Upholstered Stacking Chairs,700.15,3,0.2,34.07,7/16/2015,7/16/2015
0,KD-16615,CA-2016-144792,30/04/2016,4/5/2016,Standard Class,Ken Dana,Corporate,United States,Scottsdale,Arizona,85254,West,FUR-FU-10002759,Furniture,Furnishings,12-1/2 Diameter Round Wall Clock,111.89,7,0.2,33.94,4/30/2016,5/4/2016
0,JE-15745,CA-2017-108070,16/04/2017,20/04/2017,Standard Class,Joel Eaton,Consumer,United States,San Jose,California,95123,West,FUR-BO-10001337,Furniture,Bookcases,O'Sullivan Living Dimensions 2-Shelf Bookcases,102.83,1,0.15,33.94,4/16/2017,4/20/2017
0,BW-11110,US-2016-126844,8/10/2016,14/10/2016,Standard Class,Bart Watters,Corporate,United States,Houston,Texas,77070,Central,FUR-FU-10004909,Furniture,Furnishings,Contemporary Wood/Metal Frame,51.71,8,0.6,33.85,10/8/2016,10/14/2016
0,TM-21010,CA-2015-147788,31/05/2015,4/6/2015,Standard Class,Tamara Manning,Consumer,United States,Orem,Utah,84057,West,FUR-BO-10004357,Furniture,Bookcases,O'Sullivan Living Dimensions 3-Shelf Bookcases,1406.86,7,0,33.85,5/31/2015,6/4/2015
0,SF-20200,CA-2017-123967,1/11/2017,3/11/2017,Second Class,Sarah Foster,Consumer,United States,Bellingham,Washington,98226,West,FUR-TA-10003954,Furniture,Tables,Hon 94000 Series Round Tables,2665.62,9,0,33.73,11/1/2017,11/3/2017
0,SM-20320,CA-2017-145128,9/7/2017,14/07/2017,Standard Class,Sean Miller,Home Office,United States,Lafayette,Indiana,47905,Central,FUR-FU-10000293,Furniture,Furnishings,Eldon Antistatic Chair Mats for Low to Medium Pile Carpets,526.45,5,0,33.73,7/9/2017,7/14/2017
0,SD-20485,US-2014-155502,26/01/2014,31/01/2014,Standard Class,Shirley Daniels,Home Office,United States,Alexandria,Virginia,22304,South,FUR-FU-10001847,Furniture,Furnishings,Eldon Image Series Black Desk Accessories,12.42,3,0,33.22,1/26/2014,1/31/2014
0,RA-19285,CA-2017-131695,30/06/2017,6/7/2017,Standard Class,Ralph Arnett,Consumer,United States,New York City,New York,10024,East,FUR-FU-10002045,Furniture,Furnishings,"""Executive Impressions 14""""""",22.23,1,0,33.16,6/30/2017,7/6/2017
0,SE-20110,US-2016-115455,8/9/2016,14/09/2016,Standard Class,Sanjit Engle,Consumer,United States,Wheeling,Illinois,60090,Central,FUR-FU-10004671,Furniture,Furnishings,"""Executive Impressions 12"""" Wall Clock""",14.14,2,0.6,33.07,9/8/2016,9/14/2016
0,SE-20110,US-2016-115455,8/9/2016,14/09/2016,Standard Class,Sanjit Engle,Consumer,United States,Wheeling,Illinois,60090,Central,FUR-TA-10003569,Furniture,Tables,Bretford CR8500 Series Meeting Room Furniture,601.47,3,0.5,32.63,9/8/2016,9/14/2016
0,EN-13780,CA-2016-165848,4/6/2016,4/6/2016,Same Day,Edward Nazzal,Consumer,United States,New York City,New York,10035,East,FUR-BO-10000362,Furniture,Bookcases,Sauder Inglewood Library Bookcases,136.78,1,0.2,32.63,6/4/2016,6/4/2016
0,MC-17590,CA-2014-127446,25/11/2014,30/11/2014,Standard Class,Matt Collister,Corporate,United States,Arlington,Texas,76017,Central,FUR-TA-10000577,Furniture,Tables,Bretford CR4500 Series Slim Rectangular Table,1218.74,5,0.3,32.47,11/25/2014,11/30/2014
0,AG-10300,CA-2014-147298,26/04/2014,3/5/2014,Standard Class,Aleksandra Gannaway,Corporate,United States,Los Angeles,California,90049,West,FUR-CH-10004886,Furniture,Chairs,Bevis Steel Folding Chairs,230.28,3,0.2,32.1,4/26/2014,5/3/2014
0,JF-15295,US-2017-110604,15/05/2017,20/05/2017,Standard Class,Jason Fortune-,Consumer,United States,Seattle,Washington,98103,West,FUR-FU-10000076,Furniture,Furnishings,24-Hour Round Wall Clock,39.96,2,0,31.98,5/15/2017,5/20/2017
0,JF-15295,US-2017-110604,15/05/2017,20/05/2017,Standard Class,Jason Fortune-,Consumer,United States,Seattle,Washington,98103,West,FUR-CH-10002017,Furniture,Chairs,SAFCO Optional Arm Kit for Workspace Cribbage Stacking Chair,42.62,2,0.2,31.94,5/15/2017,5/20/2017
0,JF-15295,US-2017-110604,15/05/2017,20/05/2017,Standard Class,Jason Fortune-,Consumer,United States,Seattle,Washington,98103,West,FUR-CH-10004287,Furniture,Chairs,SAFCO Arco Folding Chair,220.96,1,0.2,31.61,5/15/2017,5/20/2017
0,BF-10975,CA-2015-116750,5/7/2015,10/7/2015,Second Class,Barbara Fisher,Corporate,United States,Fayetteville,North Carolina,28314,South,FUR-FU-10003829,Furniture,Furnishings,Stackable Trays,4.93,2,0.2,31.59,7/5/2015,7/10/2015
0,SB-20170,CA-2017-108441,12/6/2017,18/06/2017,Standard Class,Sarah Bern,Consumer,United States,New York City,New York,10035,East,FUR-CH-10000595,Furniture,Chairs,Safco Contoured Stacking Chairs,858.24,4,0.1,31.59,6/12/2017,6/18/2017
0,TB-21400,CA-2014-131002,7/9/2014,12/9/2014,Second Class,Tom Boeckenhauer,Consumer,United States,Tulsa,Oklahoma,74133,Central,FUR-FU-10004270,Furniture,Furnishings,"""Executive Impressions 13"""" Clairmont Wall Clock""",57.69,3,0,31.54,9/7/2014,9/12/2014
0,SH-19975,US-2016-146794,26/09/2016,1/10/2016,Standard Class,Sally Hughsby,Corporate,United States,Hesperia,California,92345,West,FUR-BO-10004467,Furniture,Bookcases,Bestar Classic Bookcase,424.96,5,0.15,31.45,9/26/2016,10/1/2016
0,HR-14830,CA-2015-135538,24/12/2015,28/12/2015,Standard Class,Harold Ryan,Corporate,United States,Gilbert,Arizona,85234,West,FUR-CH-10004287,Furniture,Chairs,SAFCO Arco Folding Chair,883.84,4,0.2,31.25,12/24/2015,12/28/2015
0,HF-14995,CA-2016-164784,1/5/2016,4/5/2016,First Class,Herbert Flentye,Consumer,United States,Memphis,Tennessee,38109,South,FUR-TA-10004534,Furniture,Tables,Bevis 44 x 96 Conference Tables,370.62,3,0.4,31.24,5/1/2016,5/4/2016
0,RR-19525,CA-2014-126403,9/9/2014,12/9/2014,Second Class,Rick Reed,Corporate,United States,Lowell,Massachusetts,1852,East,FUR-CH-10003761,Furniture,Chairs,Global Italian Leather Office Chair,785.88,6,0,31.09,9/9/2014,9/12/2014
0,DL-12865,CA-2014-143182,15/10/2014,20/10/2014,Standard Class,Dan Lawera,Consumer,United States,Hialeah,Florida,33012,South,FUR-FU-10004270,Furniture,Furnishings,"""Executive Impressions 13"""" Clairmont Wall Clock""",15.38,1,0.2,31.02,10/15/2014,10/20/2014
0,SM-20320,CA-2014-145317,18/03/2014,23/03/2014,Standard Class,Sean Miller,Home Office,United States,Jacksonville,Florida,32216,South,FUR-FU-10004270,Furniture,Furnishings,"""Executive Impressions 13"""" Clairmont Wall Clock""",30.77,2,0.2,30.99,3/18/2014,3/23/2014
0,CP-12085,CA-2017-132430,9/10/2017,11/10/2017,First Class,Cathy Prescott,Corporate,United States,Lakewood,Ohio,44107,East,FUR-FU-10003577,Furniture,Furnishings,Nu-Dell Leatherette Frames,45.89,4,0.2,30.45,10/9/2017,10/11/2017
0,LF-17185,CA-2014-110030,6/12/2014,8/12/2014,Second Class,Luke Foster,Consumer,United States,Houston,Texas,77095,Central,FUR-FU-10002759,Furniture,Furnishings,12-1/2 Diameter Round Wall Clock,23.98,3,0.6,30.19,12/6/2014,12/8/2014
0,EP-13915,CA-2017-149888,7/11/2017,13/11/2017,Standard Class,Emily Phan,Consumer,United States,Philadelphia,Pennsylvania,19120,East,FUR-TA-10000849,Furniture,Tables,Bevis Rectangular Conference Tables,350.35,4,0.4,30.1,11/7/2017,11/13/2017
0,KL-16645,CA-2015-115798,13/11/2015,19/11/2015,Standard Class,Ken Lonsdale,Consumer,United States,Newark,Delaware,19711,East,FUR-BO-10004467,Furniture,Bookcases,Bestar Classic Bookcase,299.97,3,0,30.02,11/13/2015,11/19/2015
0,MS-17530,CA-2014-149244,4/11/2014,8/11/2014,Standard Class,MaryBeth Skach,Consumer,United States,San Diego,California,92037,West,FUR-FU-10004671,Furniture,Furnishings,"""Executive Impressions 12"""" Wall Clock""",35.34,2,0,29.88,11/4/2014,11/8/2014
0,SC-20770,CA-2015-140144,20/06/2015,25/06/2015,Second Class,Stewart Carmichael,Corporate,United States,San Francisco,California,94122,West,FUR-FU-10002253,Furniture,Furnishings,"""Howard Miller 13"""" Diameter Pewter Finish Round Wall Clock""",257.64,6,0,29.77,6/20/2015,6/25/2015
0,HF-14995,CA-2014-158029,26/05/2014,30/05/2014,Standard Class,Herbert Flentye,Consumer,United States,Los Angeles,California,90008,West,FUR-CH-10000988,Furniture,Chairs,Hon Olson Stacker Stools,225.3,2,0.2,29.15,5/26/2014,5/30/2014
0,JP-16135,CA-2016-146171,11/3/2016,15/03/2016,Standard Class,Julie Prescott,Home Office,United States,Columbus,Georgia,31907,South,FUR-FU-10004270,Furniture,Furnishings,"""Executive Impressions 13"""" Clairmont Wall Clock""",76.92,4,0,29.15,3/11/2016,3/15/2016
0,BT-11680,CA-2017-158967,10/12/2017,12/12/2017,First Class,Brian Thompson,Consumer,United States,Fort Lauderdale,Florida,33311,South,FUR-FU-10001940,Furniture,Furnishings,Staple-based wall hangings,19.1,3,0.2,29.15,12/10/2017,12/12/2017
0,SS-20140,CA-2017-108322,30/04/2017,5/5/2017,Standard Class,Saphhira Shifley,Corporate,United States,Pompano Beach,Florida,33068,South,FUR-FU-10001935,Furniture,Furnishings,3M Hangers With Command Adhesive,23.68,8,0.2,28.96,4/30/2017,5/5/2017
0,CD-12790,CA-2015-149972,21/09/2015,23/09/2015,First Class,Cynthia Delaney,Home Office,United States,Los Angeles,California,90036,West,FUR-CH-10004997,Furniture,Chairs,Hon Every-Day Series Multi-Task Chairs,601.54,4,0.2,28.96,9/21/2015,9/23/2015
0,MD-17860,US-2014-117744,2/12/2014,6/12/2014,Standard Class,Michael Dominguez,Corporate,United States,Corpus Christi,Texas,78415,Central,FUR-FU-10002759,Furniture,Furnishings,12-1/2 Diameter Round Wall Clock,39.96,5,0.6,28.6,12/2/2014,12/6/2014
0,KN-16450,CA-2014-154599,12/4/2014,17/04/2014,Standard Class,Kean Nguyen,Corporate,United States,Redondo Beach,California,90278,West,FUR-BO-10001337,Furniture,Bookcases,O'Sullivan Living Dimensions 2-Shelf Bookcases,308.5,3,0.15,28.6,4/12/2014,4/17/2014
0,DL-13330,CA-2017-143329,3/11/2017,8/11/2017,Standard Class,Denise Leinenbach,Consumer,United States,Las Cruces,New Mexico,88001,West,FUR-FU-10000629,Furniture,Furnishings,9-3/4 Diameter Round Wall Clock,41.37,3,0,28.52,11/3/2017,11/8/2017
0,MH-18025,CA-2015-148635,25/07/2015,27/07/2015,Second Class,Michelle Huthwaite,Consumer,United States,Seattle,Washington,98115,West,FUR-CH-10001854,Furniture,Chairs,Office Star - Professional Matrix Back Chair with 2-to-1 Synchro Tilt and Mesh Fabric Seat,561.57,2,0.2,28.41,7/25/2015,7/27/2015
0,DR-12940,CA-2015-104626,1/9/2015,8/9/2015,Standard Class,Daniel Raglin,Home Office,United States,Franklin,Massachusetts,2038,East,FUR-FU-10000308,Furniture,Furnishings,Deflect-o Glass Clear Studded Chair Mats,124.36,2,0,28.08,9/1/2015,9/8/2015
0,DM-13015,CA-2016-160500,5/5/2016,8/5/2016,First Class,Darrin Martin,Consumer,United States,Encinitas,California,92024,West,FUR-TA-10003748,Furniture,Tables,Bevis 36 x 72 Conference Tables,298.78,3,0.2,28.02,5/5/2016,5/8/2016
0,MT-18070,US-2014-112914,25/09/2014,30/09/2014,Standard Class,Michelle Tran,Home Office,United States,Houston,Texas,77041,Central,FUR-BO-10003272,Furniture,Bookcases,O'Sullivan Living Dimensions 5-Shelf Bookcases,300.53,2,0.32,27.95,9/25/2014,9/30/2014
0,CK-12325,US-2014-125521,14/03/2014,19/03/2014,Standard Class,Christine Kargatis,Home Office,United States,Chesapeake,Virginia,23320,South,FUR-CH-10003379,Furniture,Chairs,Global Commerce Series High-Back Swivel/Tilt Chairs,1139.92,4,0,27.61,3/14/2014,3/19/2014
0,DJ-13510,CA-2016-128594,26/08/2016,29/08/2016,First Class,Don Jones,Corporate,United States,San Diego,California,92037,West,FUR-CH-10001215,Furniture,Chairs,Global Troy Executive Leather Low-Back Tilter,1603.14,4,0.2,27.36,8/26/2016,8/29/2016
0,CC-12370,CA-2016-154690,15/08/2016,17/08/2016,Second Class,Christopher Conant,Consumer,United States,Fayetteville,North Carolina,28314,South,FUR-CH-10000988,Furniture,Chairs,Hon Olson Stacker Stools,225.3,2,0.2,27.36,8/15/2016,8/17/2016
0,SC-20380,CA-2017-138975,19/05/2017,23/05/2017,Standard Class,Shahid Collister,Consumer,United States,Atlanta,Georgia,30318,South,FUR-BO-10004695,Furniture,Bookcases,O'Sullivan 2-Door Barrister Bookcase in Odessa Pine,1628.82,9,0,27.31,5/19/2017,5/23/2017
0,LC-16885,CA-2017-143861,12/6/2017,19/06/2017,Standard Class,Lena Creighton,Consumer,United States,Saint Petersburg,Florida,33710,South,FUR-FU-10001546,Furniture,Furnishings,Dana Swing-Arm Lamps,17.09,2,0.2,27.29,6/12/2017,6/19/2017
0,BF-11275,CA-2014-148040,22/03/2014,26/03/2014,Standard Class,Beth Fritzler,Corporate,United States,Tucson,Arizona,85705,West,FUR-CH-10001482,Furniture,Chairs,Office Star - Mesh Screen back chair with Vinyl seat,314.35,3,0.2,27.28,3/22/2014,3/26/2014
0,TD-20995,US-2016-167339,21/01/2016,23/01/2016,Second Class,Tamara Dahlen,Consumer,United States,San Diego,California,92037,West,FUR-CH-10004289,Furniture,Chairs,Global Super Steno Chair,153.57,2,0.2,27.18,1/21/2016,1/23/2016
0,TD-20995,US-2016-167339,21/01/2016,23/01/2016,Second Class,Tamara Dahlen,Consumer,United States,San Diego,California,92037,West,FUR-CH-10000785,Furniture,Chairs,Global Ergonomic Managers Chair,1013.49,7,0.2,27.09,1/21/2016,1/23/2016
0,EP-13915,US-2016-159856,18/10/2016,22/10/2016,Standard Class,Emily Phan,Consumer,United States,Tempe,Arizona,85281,West,FUR-CH-10003396,Furniture,Chairs,Global Deluxe Steno Chair,307.92,5,0.2,26.97,10/18/2016,10/22/2016
0,PW-19240,US-2015-114839,26/04/2015,30/04/2015,Standard Class,Pierre Wener,Consumer,United States,Houston,Texas,77036,Central,FUR-CH-10004086,Furniture,Chairs,Hon 4070 Series Pagoda Armless Upholstered Stacking Chairs,408.42,2,0.3,26.65,4/26/2015,4/30/2015
0,KH-16330,CA-2016-153577,27/06/2016,1/7/2016,Standard Class,Katharine Harms,Corporate,United States,Highland Park,Illinois,60035,Central,FUR-CH-10003981,Furniture,Chairs,Global Commerce Series Low-Back Swivel/Tilt Chairs,539.66,3,0.3,26.6,6/27/2016,7/1/2016
0,LS-17200,CA-2016-160129,23/11/2016,23/11/2016,Same Day,Luke Schmidt,Corporate,United States,Philadelphia,Pennsylvania,19140,East,FUR-FU-10002088,Furniture,Furnishings,Nu-Dell Float Frame 11 x 14 1/2,14.37,2,0.2,26.54,11/23/2016,11/23/2016
0,TT-21220,CA-2015-168564,8/8/2015,8/8/2015,Same Day,Thomas Thornton,Consumer,United States,San Francisco,California,94109,West,FUR-CH-10000785,Furniture,Chairs,Global Ergonomic Managers Chair,144.78,1,0.2,25.88,8/8/2015,8/8/2015
0,JD-16150,CA-2017-155880,25/03/2017,31/03/2017,Standard Class,Justin Deggeller,Corporate,United States,Milwaukee,Wisconsin,53209,Central,FUR-CH-10000422,Furniture,Chairs,Global Highback Leather Tilter in Burgundy,90.99,1,0,25.88,3/25/2017,3/31/2017
0,MC-18100,CA-2017-126242,19/11/2017,24/11/2017,Standard Class,Mick Crebagga,Consumer,United States,Los Angeles,California,90049,West,FUR-FU-10002685,Furniture,Furnishings,"""Executive Impressions 13-1/2"""" Indoor/Outdoor Wall Clock""",18.7,1,0,25.54,11/19/2017,11/24/2017
0,LH-17020,CA-2016-166443,4/11/2016,5/11/2016,First Class,Lisa Hazard,Consumer,United States,San Francisco,California,94122,West,FUR-FU-10004020,Furniture,Furnishings,Advantus Panel Wall Acrylic Frame,38.29,7,0,25.51,11/4/2016,11/5/2016
0,EM-14140,CA-2017-134915,12/11/2017,12/11/2017,Same Day,Eugene Moren,Home Office,United States,Glendale,Arizona,85301,West,FUR-CH-10004875,Furniture,Chairs,Harbour Creations 67200 Series Stacking Chairs,113.89,2,0.2,25.47,11/12/2017,11/12/2017
0,Co-12640,CA-2014-162866,27/12/2014,31/12/2014,Standard Class,Corey-Lock,Consumer,United States,Skokie,Illinois,60076,Central,FUR-FU-10001473,Furniture,Furnishings,DAX Wood Document Frame,32.95,6,0.6,24.86,12/27/2014,12/31/2014
0,JF-15565,CA-2017-167941,6/11/2017,9/11/2017,Second Class,Jill Fjeld,Consumer,United States,Fayetteville,North Carolina,28314,South,FUR-FU-10004671,Furniture,Furnishings,"""Executive Impressions 12"""" Wall Clock""",28.27,2,0.2,24.48,11/6/2017,11/9/2017
0,AG-10675,CA-2015-137512,7/5/2015,12/5/2015,Standard Class,Anna Gayman,Consumer,United States,Allen,Texas,75002,Central,FUR-TA-10001095,Furniture,Tables,Chromcraft Round Conference Tables,244.01,2,0.3,24.46,5/7/2015,5/12/2015
0,ND-18370,CA-2014-109232,13/01/2014,16/01/2014,Second Class,Natalie DeCherney,Consumer,United States,Mount Pleasant,South Carolina,29464,South,FUR-CH-10000422,Furniture,Chairs,Global Highback Leather Tilter in Burgundy,545.94,6,0,24.2,1/13/2014,1/16/2014
0,RC-19960,US-2014-112872,6/12/2014,11/12/2014,Second Class,Ryan Crowe,Consumer,United States,Springfield,Oregon,97477,West,FUR-TA-10003238,Furniture,Tables,"""Chromcraft Bull-Nose Wood 48"""" x 96"""" Rectangular Conference Tables""",275.49,1,0.5,24.12,12/6/2014,12/11/2014
0,JB-16045,CA-2016-139269,25/05/2016,30/05/2016,Standard Class,Julia Barnett,Home Office,United States,Columbus,Georgia,31907,South,FUR-FU-10000755,Furniture,Furnishings,Eldon Expressions Mahogany Wood Desk Collection,24.96,4,0,23.99,5/25/2016,5/30/2016
0,NW-18400,CA-2014-138317,21/06/2014,25/06/2014,Standard Class,Natalie Webber,Consumer,United States,Philadelphia,Pennsylvania,19120,East,FUR-FU-10000550,Furniture,Furnishings,Stacking Trays by OIC,3.98,1,0.2,23.99,6/21/2014,6/25/2014
0,JG-15160,CA-2016-124772,5/12/2016,6/12/2016,First Class,James Galang,Consumer,United States,Murray,Kentucky,42071,South,FUR-FU-10004748,Furniture,Furnishings,"""Howard Miller 16"""" Diameter Gallery Wall Clock""",191.82,3,0,23.99,12/5/2016,12/6/2016
0,MH-18115,US-2016-160528,23/08/2016,30/08/2016,Standard Class,Mick Hernandez,Home Office,United States,Pharr,Texas,78577,Central,FUR-FU-10004973,Furniture,Furnishings,Flat Face Poster Frame,22.61,3,0.6,23.92,8/23/2016,8/30/2016
0,SC-20095,CA-2015-123568,8/11/2015,14/11/2015,Standard Class,Sanjit Chand,Consumer,United States,West Jordan,Utah,84084,West,FUR-FU-10004090,Furniture,Furnishings,"""Executive Impressions 14"""" Contract Wall Clock""",66.69,3,0,23.9,11/8/2015,11/14/2015
0,AI-10855,CA-2017-116855,17/12/2017,21/12/2017,Standard Class,Arianne Irving,Consumer,United States,Chesapeake,Virginia,23320,South,FUR-CH-10003846,Furniture,Chairs,Hon Valutask Swivel Chairs,504.9,5,0,23.68,12/17/2017,12/21/2017
0,DM-12955,CA-2015-168480,21/09/2015,27/09/2015,Standard Class,Dario Medina,Corporate,United States,Lincoln Park,Michigan,48146,Central,FUR-BO-10000468,Furniture,Bookcases,O'Sullivan 2-Shelf Heavy-Duty Bookcases,194.32,4,0,23.65,9/21/2015,9/27/2015
0,JH-16180,US-2016-114293,21/11/2016,26/11/2016,Standard Class,Justin Hirsh,Consumer,United States,Gresham,Oregon,97030,West,FUR-CH-10003833,Furniture,Chairs,Novimex Fabric Task Chair,195.14,4,0.2,23.65,11/21/2016,11/26/2016
0,BD-11605,US-2015-123960,11/6/2015,16/06/2015,Standard Class,Brian Dahlen,Consumer,United States,Monroe,Louisiana,71203,South,FUR-FU-10004666,Furniture,Furnishings,DAX Clear Channel Poster Frame,29.16,2,0,23.58,6/11/2015,6/16/2015
0,KF-16285,CA-2017-149559,11/9/2017,12/9/2017,Same Day,Karen Ferguson,Home Office,United States,Long Beach,California,90805,West,FUR-CH-10002320,Furniture,Chairs,Hon Pagoda Stacking Chairs,2054.27,8,0.2,23.32,9/11/2017,9/12/2017
0,TC-21475,CA-2017-121419,2/4/2017,4/4/2017,First Class,Tony Chapman,Home Office,United States,Columbus,Georgia,31907,South,FUR-TA-10004534,Furniture,Tables,Bevis 44 x 96 Conference Tables,411.8,2,0,23.32,4/2/2017,4/4/2017
0,NZ-18565,US-2017-148054,6/10/2017,11/10/2017,Standard Class,Nick Zandusky,Home Office,United States,Meridian,Idaho,83642,West,FUR-FU-10003247,Furniture,Furnishings,36X48 HARDFLOOR CHAIRMAT,41.96,2,0,23.32,10/6/2017,10/11/2017
0,HH-15010,CA-2017-131492,19/10/2017,24/10/2017,Second Class,Hilary Holden,Corporate,United States,San Francisco,California,94110,West,FUR-TA-10003837,Furniture,Tables,Anderson Hickey Conga Table Tops & Accessories,24.37,2,0.2,23.03,10/19/2017,10/24/2017
0,YC-21895,CA-2014-119375,17/11/2014,22/11/2014,Standard Class,Yoseph Carroll,Corporate,United States,Newark,Delaware,19711,East,FUR-FU-10002379,Furniture,Furnishings,Eldon Econocleat Chair Mats for Low Pile Carpets,124.41,3,0,23.03,11/17/2014,11/22/2014
0,KM-16375,CA-2014-143903,20/07/2014,24/07/2014,Standard Class,Katherine Murray,Home Office,United States,Dallas,Texas,75217,Central,FUR-FU-10003724,Furniture,Furnishings,Westinghouse Clip-On Gooseneck Lamps,16.74,5,0.6,23.03,7/20/2014,7/24/2014
0,KM-16375,CA-2014-143903,20/07/2014,24/07/2014,Standard Class,Katherine Murray,Home Office,United States,Dallas,Texas,75217,Central,FUR-CH-10002024,Furniture,Chairs,HON 5400 Series Task Chairs for Big and Tall,981.37,2,0.3,22.99,7/20/2014,7/24/2014
0,TP-21415,CA-2017-118773,9/2/2017,14/02/2017,Standard Class,Tom Prescott,Consumer,United States,Houston,Texas,77070,Central,FUR-FU-10000550,Furniture,Furnishings,Stacking Trays by OIC,3.98,2,0.6,22.94,2/9/2017,2/14/2017
0,DB-12910,US-2017-159205,31/03/2017,2/4/2017,Second Class,Daniel Byrd,Home Office,United States,Henderson,Kentucky,42420,South,FUR-FU-10001591,Furniture,Furnishings,Advantus Panel Wall Certificate Holder - 8.5x11,61,5,0,22.87,3/31/2017,4/2/2017
0,CV-12805,CA-2017-135692,27/04/2017,1/5/2017,Standard Class,Cynthia Voltz,Corporate,United States,Fort Worth,Texas,76106,Central,FUR-BO-10002268,Furniture,Bookcases,Sauder Barrister Bookcases,220.27,4,0.32,22.76,4/27/2017,5/1/2017
0,MS-17770,CA-2016-150350,23/08/2016,30/08/2016,Standard Class,Maxwell Schwartz,Consumer,United States,Seattle,Washington,98105,West,FUR-CH-10001973,Furniture,Chairs,Office Star Flex Back Scooter Chair with White Frame,532.7,6,0.2,22.53,8/23/2016,8/30/2016
0,JE-15610,CA-2015-121720,11/6/2015,12/6/2015,First Class,Jim Epp,Corporate,United States,Lakeland,Florida,33801,South,FUR-CH-10003312,Furniture,Chairs,Hon 2090 ÒPillow SoftÓ Series Mid Back Swivel/Tilt Chairs,1123.92,5,0.2,22.53,6/11/2015,6/12/2015
0,JE-15610,CA-2015-121720,11/6/2015,12/6/2015,First Class,Jim Epp,Corporate,United States,Lakeland,Florida,33801,South,FUR-FU-10003464,Furniture,Furnishings,"""Seth Thomas 8 1/2"""" Cubicle Clock""",48.67,3,0.2,22.53,6/11/2015,6/12/2015
0,CC-12100,CA-2014-136399,16/12/2014,17/12/2014,First Class,Chad Cunningham,Home Office,United States,Los Angeles,California,90049,West,FUR-FU-10004090,Furniture,Furnishings,"""Executive Impressions 14"""" Contract Wall Clock""",44.46,2,0,22.42,12/16/2014,12/17/2014
0,CC-12100,CA-2014-136399,16/12/2014,17/12/2014,First Class,Chad Cunningham,Home Office,United States,Los Angeles,California,90049,West,FUR-CH-10002602,Furniture,Chairs,DMI Arturo Collection Mission-style Design Wood Chair,241.57,2,0.2,22.41,12/16/2014,12/17/2014
0,JP-15460,CA-2014-107916,24/08/2014,26/08/2014,First Class,Jennifer Patt,Corporate,United States,Oceanside,New York,11572,East,FUR-FU-10004586,Furniture,Furnishings,G.E. Longer-Life Indoor Recessed Floodlight Bulbs,13.28,2,0,22.38,8/24/2014,8/26/2014
0,NF-18385,CA-2015-147830,15/12/2015,18/12/2015,First Class,Natalie Fritzler,Consumer,United States,Newark,Ohio,43055,East,FUR-FU-10004091,Furniture,Furnishings,"""Howard Miller 13"""" Diameter Goldtone Round Wall Clock""",262.86,7,0.2,22.05,12/15/2015,12/18/2015
0,EM-13810,CA-2015-139584,24/08/2015,28/08/2015,Standard Class,Eleni McCrary,Corporate,United States,New York City,New York,10009,East,FUR-TA-10001539,Furniture,Tables,Chromcraft Rectangular Conference Tables,284.36,2,0.4,22.01,8/24/2015,8/28/2015
0,KW-16435,CA-2016-146682,29/10/2016,31/10/2016,First Class,Katrina Willman,Consumer,United States,Lansing,Michigan,48911,Central,FUR-FU-10002671,Furniture,Furnishings,Electrix 20W Halogen Replacement Bulb for Zoom-In Desk Lamp,67,5,0,22,10/29/2016,10/31/2016
0,KC-16675,CA-2016-138695,28/05/2016,3/6/2016,Standard Class,Kimberly Carter,Corporate,United States,Tallahassee,Florida,32303,South,FUR-CH-10003833,Furniture,Chairs,Novimex Fabric Task Chair,390.27,8,0.2,21.84,5/28/2016,6/3/2016
0,SM-20950,CA-2017-105235,5/12/2017,11/12/2017,Standard Class,Suzanne McNair,Corporate,United States,New York City,New York,10011,East,FUR-FU-10000521,Furniture,Furnishings,"""Seth Thomas 14"""" Putty-Colored Wall Clock""",58.68,2,0,21.75,12/5/2017,12/11/2017
0,TT-21070,CA-2014-164224,18/05/2014,20/05/2014,Second Class,Ted Trevino,Consumer,United States,Akron,Ohio,44312,East,FUR-FU-10000308,Furniture,Furnishings,Deflect-o Glass Clear Studded Chair Mats,149.23,3,0.2,21.75,5/18/2014,5/20/2014
0,RD-19900,CA-2014-158372,10/11/2014,16/11/2014,Standard Class,Ruben Dartt,Consumer,United States,San Diego,California,92037,West,FUR-FU-10000397,Furniture,Furnishings,Luxo Economy Swing Arm Lamp,39.88,2,0,21.75,11/10/2014,11/16/2014
0,BN-11515,CA-2017-131625,1/9/2017,5/9/2017,Second Class,Bradley Nguyen,Consumer,United States,New York City,New York,10009,East,FUR-FU-10004960,Furniture,Furnishings,"""Seth Thomas 12"""" Clock w/ Goldtone Case""",114.9,5,0,21.65,9/1/2017,9/5/2017
0,RC-19825,CA-2016-140746,15/01/2016,15/01/2016,Same Day,Roy Collins,Consumer,United States,Fairfield,Connecticut,6824,East,FUR-TA-10002903,Furniture,Tables,"""Bevis Round Bullnose 29"""" High Table Top""",181.8,1,0.3,21.6,1/15/2016,1/15/2016
0,DW-13195,US-2016-127971,20/11/2016,27/11/2016,Standard Class,David Wiener,Corporate,United States,Houston,Texas,77095,Central,FUR-FU-10000023,Furniture,Furnishings,Eldon Wave Desk Accessories,7.07,3,0.6,21.48,11/20/2016,11/27/2016
0,SJ-20215,CA-2017-113355,1/12/2017,5/12/2017,Standard Class,Sarah Jordon,Consumer,United States,Grand Prairie,Texas,75051,Central,FUR-CH-10002602,Furniture,Chairs,DMI Arturo Collection Mission-style Design Wood Chair,317.06,3,0.3,21.44,12/1/2017,12/5/2017
0,SJ-20125,CA-2016-159730,17/09/2016,21/09/2016,Standard Class,Sanjit Jacobs,Home Office,United States,Seattle,Washington,98103,West,FUR-CH-10004875,Furniture,Chairs,Harbour Creations 67200 Series Stacking Chairs,113.89,2,0.2,21.33,9/17/2016,9/21/2016
0,DK-12835,US-2016-161844,9/12/2016,14/12/2016,Second Class,Damala Kotsonis,Corporate,United States,Franklin,Tennessee,37064,South,FUR-TA-10001676,Furniture,Tables,Hon 61000 Series Interactive Training Tables,79.97,3,0.4,21.29,12/9/2016,12/14/2016
0,TH-21100,US-2014-133130,27/09/2014,1/10/2014,Standard Class,Thea Hendricks,Consumer,United States,San Diego,California,92037,West,FUR-CH-10002602,Furniture,Chairs,DMI Arturo Collection Mission-style Design Wood Chair,603.92,5,0.2,21.08,9/27/2014,10/1/2014
0,HG-15025,CA-2017-169978,24/12/2017,28/12/2017,Standard Class,Hunter Glantz,Consumer,United States,Oceanside,New York,11572,East,FUR-CH-10002602,Furniture,Chairs,DMI Arturo Collection Mission-style Design Wood Chair,271.76,2,0.1,20.97,12/24/2017,12/28/2017
0,EB-13750,CA-2017-161739,10/11/2017,15/11/2017,Second Class,Edward Becker,Corporate,United States,Round Rock,Texas,78664,Central,FUR-FU-10001468,Furniture,Furnishings,Tenex Antistatic Computer Chair Mats,341.96,5,0.6,20.96,11/10/2017,11/15/2017
0,TS-21505,CA-2014-134551,20/12/2014,25/12/2014,Standard Class,Tony Sayre,Consumer,United States,Columbia,Tennessee,38401,South,FUR-CH-10004287,Furniture,Chairs,SAFCO Arco Folding Chair,662.88,3,0.2,20.93,12/20/2014,12/25/2014
0,TH-21550,CA-2015-120810,23/07/2015,27/07/2015,Standard Class,Tracy Hopkins,Home Office,United States,New York City,New York,10009,East,FUR-FU-10002253,Furniture,Furnishings,"""Howard Miller 13"""" Diameter Pewter Finish Round Wall Clock""",128.82,3,0,20.91,7/23/2015,7/27/2015
0,PR-18880,US-2017-109253,21/08/2017,22/08/2017,First Class,Patrick Ryan,Consumer,United States,Oakland,California,94601,West,FUR-FU-10000193,Furniture,Furnishings,Tenex Chairmats For Use with Hard Floors,129.92,4,0,20.73,8/21/2017,8/22/2017
0,PR-18880,US-2017-109253,21/08/2017,22/08/2017,First Class,Patrick Ryan,Consumer,United States,Oakland,California,94601,West,FUR-TA-10001539,Furniture,Tables,Chromcraft Rectangular Conference Tables,568.73,3,0.2,20.73,8/21/2017,8/22/2017
0,BM-11650,US-2014-134733,23/09/2014,28/09/2014,Standard Class,Brian Moss,Corporate,United States,San Diego,California,92037,West,FUR-BO-10002916,Furniture,Bookcases,"""Rush Hierlooms Collection 1"""" Thick Stackable Bookcases""",436,3,0.15,20.72,9/23/2014,9/28/2014
0,CA-12310,US-2014-150434,19/07/2014,24/07/2014,Standard Class,Christine Abelman,Corporate,United States,Bristol,Connecticut,6010,East,FUR-TA-10004152,Furniture,Tables,"""Barricks 18"""" x 48"""" Non-Folding Utility Table with Bottom Storage Shelf""",70.56,1,0.3,20.7,7/19/2014,7/24/2014
0,TC-21535,US-2015-142020,4/6/2015,8/6/2015,Second Class,Tracy Collins,Home Office,United States,New York City,New York,10024,East,FUR-FU-10000672,Furniture,Furnishings,"""Executive Impressions 10"""" Spectator Wall Clock""",35.28,3,0,20.58,6/4/2015,6/8/2015
0,MC-17425,CA-2016-130050,16/07/2016,18/07/2016,Second Class,Mark Cousins,Corporate,United States,Houston,Texas,77036,Central,FUR-FU-10001940,Furniture,Furnishings,Staple-based wall hangings,9.55,3,0.6,20.54,7/16/2016,7/18/2016
0,SO-20335,CA-2015-161718,4/12/2015,10/12/2015,Standard Class,Sean O'Donnell,Consumer,United States,Hempstead,New York,11550,East,FUR-CH-10002372,Furniture,Chairs,Office Star - Ergonomically Designed Knee Chair,364.41,5,0.1,20.39,12/4/2015,12/10/2015
0,TD-20995,CA-2017-103156,23/11/2017,24/11/2017,First Class,Tamara Dahlen,Consumer,United States,Philadelphia,Pennsylvania,19120,East,FUR-FU-10000320,Furniture,Furnishings,OIC Stacking Trays,24.05,9,0.2,20.16,11/23/2017,11/24/2017
0,Dp-13240,CA-2017-148404,7/10/2017,11/10/2017,Standard Class,Dean percer,Home Office,United States,Charlotte,North Carolina,28205,South,FUR-TA-10001039,Furniture,Tables,KI Adjustable-Height Table,154.76,3,0.4,20.12,10/7/2017,10/11/2017
0,LA-16780,CA-2015-129700,4/5/2015,5/5/2015,First Class,Laura Armstrong,Corporate,United States,Tinley Park,Illinois,60477,Central,FUR-FU-10001940,Furniture,Furnishings,Staple-based wall hangings,22.29,7,0.6,20.1,5/4/2015,5/5/2015
0,HZ-14950,CA-2017-168739,29/05/2017,5/6/2017,Standard Class,Henia Zydlo,Consumer,United States,Houston,Texas,77095,Central,FUR-FU-10003919,Furniture,Furnishings,Eldon Executive Woodline II Cherry Finish Desk Accessories,65.42,4,0.6,20.04,5/29/2017,6/5/2017
0,LB-16795,US-2014-150119,23/04/2014,27/04/2014,Standard Class,Laurel Beltran,Home Office,United States,Columbus,Ohio,43229,East,FUR-FU-10002191,Furniture,Furnishings,G.E. Halogen Desk Lamp Bulbs,22.34,4,0.2,19.92,4/23/2014,4/27/2014
0,DE-13255,CA-2015-153381,24/09/2015,28/09/2015,Standard Class,Deanra Eno,Home Office,United States,Dubuque,Iowa,52001,Central,FUR-CH-10000988,Furniture,Chairs,Hon Olson Stacker Stools,1408.1,10,0,19.77,9/24/2015,9/28/2015
0,EH-13765,US-2015-147242,10/9/2015,14/09/2015,Standard Class,Edward Hooks,Corporate,United States,Revere,Massachusetts,2151,East,FUR-BO-10004695,Furniture,Bookcases,O'Sullivan 2-Door Barrister Bookcase in Odessa Pine,361.96,2,0,19.3,9/10/2015,9/14/2015
0,MC-17845,CA-2016-146143,14/12/2016,19/12/2016,Standard Class,Michael Chen,Consumer,United States,Jackson,Mississippi,39212,South,FUR-FU-10002045,Furniture,Furnishings,"""Executive Impressions 14""""""",133.38,6,0,19.25,12/14/2016,12/19/2016
0,CL-11890,US-2016-150035,1/12/2016,5/12/2016,Standard Class,Carl Ludwig,Consumer,United States,San Francisco,California,94122,West,FUR-FU-10003724,Furniture,Furnishings,Westinghouse Clip-On Gooseneck Lamps,16.74,2,0,19.16,12/1/2016,12/5/2016
0,EP-13915,CA-2017-111815,3/3/2017,10/3/2017,Standard Class,Emily Phan,Consumer,United States,Dearborn Heights,Michigan,48127,Central,FUR-CH-10000785,Furniture,Chairs,Global Ergonomic Managers Chair,180.98,1,0,19.08,3/3/2017,3/10/2017
0,SP-20620,CA-2016-131289,8/12/2016,14/12/2016,Standard Class,Stefania Perrino,Corporate,United States,San Francisco,California,94110,West,FUR-TA-10003954,Furniture,Tables,Hon 94000 Series Round Tables,1421.66,6,0.2,19.08,12/8/2016,12/14/2016
0,CC-12610,CA-2014-124688,27/08/2014,29/08/2014,First Class,Corey Catlett,Corporate,United States,Springfield,Virginia,22153,South,FUR-TA-10003569,Furniture,Tables,Bretford CR8500 Series Meeting Room Furniture,1202.94,3,0,18.96,8/27/2014,8/29/2014
0,RH-19600,CA-2015-157322,2/7/2015,6/7/2015,Standard Class,Rob Haberlin,Consumer,United States,Carol Stream,Illinois,60188,Central,FUR-CH-10004086,Furniture,Chairs,Hon 4070 Series Pagoda Armless Upholstered Stacking Chairs,408.42,2,0.3,18.7,7/2/2015,7/6/2015
0,CA-12055,CA-2016-107328,8/8/2016,15/08/2016,Standard Class,Cathy Armstrong,Home Office,United States,Los Angeles,California,90036,West,FUR-TA-10001932,Furniture,Tables,"""Chromcraft 48"""" x 96"""" Racetrack Double Pedestal Table""",513.02,2,0.2,18.35,8/8/2016,8/15/2016
0,MG-17875,CA-2015-124975,22/06/2015,25/06/2015,First Class,Michael Grace,Home Office,United States,Aurora,Illinois,60505,Central,FUR-TA-10002645,Furniture,Tables,Hon Rectangular Conference Tables,796.43,7,0.5,18.33,6/22/2015,6/25/2015
0,SV-20365,CA-2016-157511,18/09/2016,20/09/2016,First Class,Seth Vernon,Consumer,United States,Columbus,Ohio,43229,East,FUR-FU-10002107,Furniture,Furnishings,Eldon Pizzaz Desk Accessories,5.35,3,0.2,18.27,9/18/2016,9/20/2016
0,KD-16495,CA-2015-121650,10/12/2015,16/12/2015,Standard Class,Keith Dawkins,Corporate,United States,Jackson,Michigan,49201,Central,FUR-TA-10003569,Furniture,Tables,Bretford CR8500 Series Meeting Room Furniture,801.96,2,0,18.11,12/10/2015,12/16/2015
0,KD-16495,CA-2015-121650,10/12/2015,16/12/2015,Standard Class,Keith Dawkins,Corporate,United States,Jackson,Michigan,49201,Central,FUR-CH-10004289,Furniture,Chairs,Global Super Steno Chair,191.96,2,0,17.75,12/10/2015,12/16/2015
0,RB-19330,CA-2014-159835,17/11/2014,24/11/2014,Standard Class,Randy Bradley,Consumer,United States,Philadelphia,Pennsylvania,19143,East,FUR-CH-10004997,Furniture,Chairs,Hon Every-Day Series Multi-Task Chairs,657.93,5,0.3,17.41,11/17/2014,11/24/2014
0,TH-21550,CA-2017-112956,21/08/2017,27/08/2017,Standard Class,Tracy Hopkins,Home Office,United States,Columbia,Maryland,21044,East,FUR-FU-10004960,Furniture,Furnishings,"""Seth Thomas 12"""" Clock w/ Goldtone Case""",91.92,4,0,17.38,8/21/2017,8/27/2017
0,JC-15775,CA-2014-159184,14/09/2014,19/09/2014,Standard Class,John Castell,Consumer,United States,Macon,Georgia,31204,South,FUR-FU-10002878,Furniture,Furnishings,"""Seth Thomas 14"""" Day/Date Wall Clock""",142.4,5,0,17.18,9/14/2014,9/19/2014
0,PP-18955,CA-2016-145177,10/11/2016,14/11/2016,Standard Class,Paul Prost,Home Office,United States,Springfield,Ohio,45503,East,FUR-FU-10000758,Furniture,Furnishings,DAX Natural Wood-Tone Poster Frame,148.29,7,0.2,17.16,11/10/2016,11/14/2016
0,EB-13750,CA-2015-128083,12/3/2015,17/03/2015,Standard Class,Edward Becker,Corporate,United States,Plantation,Florida,33317,South,FUR-FU-10001731,Furniture,Furnishings,Acrylic Self-Standing Desk Frames,6.41,3,0.2,16.89,3/12/2015,3/17/2015
0,MH-17620,CA-2015-156440,5/12/2015,9/12/2015,Standard Class,Matt Hagelstein,Corporate,United States,San Diego,California,92105,West,FUR-FU-10004090,Furniture,Furnishings,"""Executive Impressions 14"""" Contract Wall Clock""",44.46,2,0,16.8,12/5/2015,12/9/2015
0,BT-11680,CA-2015-132626,9/7/2015,14/07/2015,Standard Class,Brian Thompson,Consumer,United States,Clinton,Maryland,20735,East,FUR-FU-10002918,Furniture,Furnishings,Eldon ClusterMat Chair Mat with Cordless Antistatic Protection,181.96,2,0,16.8,7/9/2015,7/14/2015
0,SS-20140,CA-2014-120544,23/11/2014,27/11/2014,Standard Class,Saphhira Shifley,Corporate,United States,Mesquite,Texas,75150,Central,FUR-FU-10001940,Furniture,Furnishings,Staple-based wall hangings,6.37,2,0.6,16.55,11/23/2014,11/27/2014
0,RS-19765,CA-2017-113670,15/10/2017,17/10/2017,First Class,Roland Schwarz,Corporate,United States,Los Angeles,California,90045,West,FUR-TA-10001705,Furniture,Tables,Bush Advantage Collection Round Conference Table,510.24,3,0.2,16.54,10/15/2017,10/17/2017
0,JW-15955,CA-2017-166198,21/04/2017,24/04/2017,First Class,Joni Wasserman,Consumer,United States,Seattle,Washington,98103,West,FUR-FU-10004622,Furniture,Furnishings,Eldon Advantage Foldable Chair Mats for Low Pile Carpets,162.6,3,0,16.46,4/21/2017,4/24/2017
0,JK-15625,CA-2014-135608,8/12/2014,10/12/2014,Second Class,Jim Karlsson,Consumer,United States,Olympia,Washington,98502,West,FUR-CH-10002602,Furniture,Chairs,DMI Arturo Collection Mission-style Design Wood Chair,603.92,5,0.2,16.44,12/8/2014,12/10/2014
0,AB-10255,CA-2016-151155,20/12/2016,24/12/2016,Standard Class,Alejandro Ballentine,Home Office,United States,Jackson,Mississippi,39212,South,FUR-FU-10001918,Furniture,Furnishings,C-Line Cubicle Keepers Polyproplyene Holder With Velcro Backings,18.92,4,0,16.32,12/20/2016,12/24/2016
0,RA-19915,CA-2016-149979,23/09/2016,28/09/2016,Second Class,Russell Applegate,Consumer,United States,Columbus,Georgia,31907,South,FUR-CH-10002084,Furniture,Chairs,Hon Mobius Operator's Chair,368.97,3,0,16.3,9/23/2016,9/28/2016
0,DR-12880,CA-2017-161956,27/08/2017,29/08/2017,Second Class,Dan Reichenbach,Corporate,United States,Inglewood,California,90301,West,FUR-CH-10004886,Furniture,Chairs,Bevis Steel Folding Chairs,230.28,3,0.2,15.99,8/27/2017,8/29/2017
0,JG-15310,CA-2016-116799,3/3/2016,6/3/2016,First Class,Jason Gross,Corporate,United States,Odessa,Texas,79762,Central,FUR-CH-10004983,Furniture,Chairs,Office Star - Mid Back Dual function Ergonomic High Back Chair with 2-Way Adjustable Arms,563.43,5,0.3,15.99,3/3/2016,3/6/2016
0,GB-14530,CA-2015-167745,18/09/2015,23/09/2015,Standard Class,George Bell,Corporate,United States,Los Angeles,California,90049,West,FUR-FU-10001591,Furniture,Furnishings,Advantus Panel Wall Certificate Holder - 8.5x11,24.4,2,0,15.83,9/18/2015,9/23/2015
0,TS-21160,CA-2016-156251,13/08/2016,18/08/2016,Second Class,Theresa Swint,Corporate,United States,West Allis,Wisconsin,53214,Central,FUR-BO-10001337,Furniture,Bookcases,O'Sullivan Living Dimensions 2-Shelf Bookcases,241.96,2,0,15.83,8/13/2016,8/18/2016
0,DM-12955,CA-2016-163153,21/03/2016,25/03/2016,Standard Class,Dario Medina,Corporate,United States,Houston,Texas,77036,Central,FUR-TA-10004767,Furniture,Tables,Safco Drafting Table,99.37,2,0.3,15.79,3/21/2016,3/25/2016
0,KB-16585,CA-2014-153913,16/12/2014,20/12/2014,Second Class,Ken Black,Corporate,United States,Hialeah,Florida,33012,South,FUR-CH-10000988,Furniture,Chairs,Hon Olson Stacker Stools,1013.83,9,0.2,15.76,12/16/2014,12/20/2014
0,CM-12160,CA-2016-155530,17/12/2016,21/12/2016,Standard Class,Charles McCrossin,Consumer,United States,San Francisco,California,94122,West,FUR-TA-10004256,Furniture,Tables,Bretford ÒJust In TimeÓ Height-Adjustable Multi-Task Work Tables,2003.52,6,0.2,15.7,12/17/2016,12/21/2016
0,EJ-13720,US-2014-117163,27/01/2014,2/2/2014,Standard Class,Ed Jacobs,Consumer,United States,San Diego,California,92037,West,FUR-TA-10003469,Furniture,Tables,Balt Split Level Computer Training Table,333,3,0.2,15.63,1/27/2014,2/2/2014
0,KL-16555,CA-2017-147760,4/11/2017,5/11/2017,First Class,Kelly Lampkin,Corporate,United States,Greensboro,North Carolina,27405,South,FUR-TA-10004575,Furniture,Tables,Hon 5100 Series Wood Tables,523.76,3,0.4,15.63,11/4/2017,11/5/2017
0,NC-18415,CA-2016-156503,14/10/2016,20/10/2016,Standard Class,Nathan Cano,Consumer,United States,Jacksonville,North Carolina,28540,South,FUR-CH-10003606,Furniture,Chairs,SAFCO Folding Chair Trolley,102.59,1,0.2,15.59,10/14/2016,10/20/2016
0,NW-18400,CA-2015-102582,15/09/2015,19/09/2015,Standard Class,Natalie Webber,Consumer,United States,Mobile,Alabama,36608,South,FUR-TA-10003569,Furniture,Tables,Bretford CR8500 Series Meeting Room Furniture,801.96,2,0,15.54,9/15/2015,9/19/2015
0,RW-19540,CA-2017-141733,7/5/2017,11/5/2017,Standard Class,Rick Wilson,Corporate,United States,Detroit,Michigan,48234,Central,FUR-CH-10004086,Furniture,Chairs,Hon 4070 Series Pagoda Armless Upholstered Stacking Chairs,1458.65,5,0,15.53,5/7/2017,5/11/2017
0,RW-19540,CA-2017-141733,7/5/2017,11/5/2017,Standard Class,Rick Wilson,Corporate,United States,Detroit,Michigan,48234,Central,FUR-CH-10002017,Furniture,Chairs,SAFCO Optional Arm Kit for Workspace Cribbage Stacking Chair,26.64,1,0,15.53,5/7/2017,5/11/2017
0,RW-19540,CA-2017-141733,7/5/2017,11/5/2017,Standard Class,Rick Wilson,Corporate,United States,Detroit,Michigan,48234,Central,FUR-CH-10000595,Furniture,Chairs,Safco Contoured Stacking Chairs,476.8,2,0,15.49,5/7/2017,5/11/2017
0,LS-17230,US-2015-111927,14/11/2015,19/11/2015,Standard Class,Lycoris Saunders,Consumer,United States,Dover,Delaware,19901,East,FUR-FU-10004017,Furniture,Furnishings,"""Executive Impressions 13"""" Chairman Wall Clock""",76.14,3,0,15.47,11/14/2015,11/19/2015
0,MY-18295,CA-2014-105984,24/11/2014,24/11/2014,Same Day,Muhammed Yedwab,Corporate,United States,Columbus,Ohio,43229,East,FUR-CH-10000847,Furniture,Chairs,Global Executive Mid-Back Manager's Chair,611.06,3,0.3,15.43,11/24/2014,11/24/2014
0,KM-16720,CA-2014-126760,26/07/2014,2/8/2014,Standard Class,Kunst Miller,Consumer,United States,North Las Vegas,Nevada,89031,West,FUR-CH-10003312,Furniture,Chairs,Hon 2090 ÒPillow SoftÓ Series Mid Back Swivel/Tilt Chairs,674.35,3,0.2,15.39,7/26/2014,8/2/2014
0,KM-16720,CA-2014-126760,26/07/2014,2/8/2014,Standard Class,Kunst Miller,Consumer,United States,North Las Vegas,Nevada,89031,West,FUR-FU-10004018,Furniture,Furnishings,Tensor Computer Mounted Lamp,134.01,9,0,15.37,7/26/2014,8/2/2014
0,TS-21370,CA-2014-101931,28/10/2014,31/10/2014,First Class,Todd Sumrall,Corporate,United States,Los Angeles,California,90049,West,FUR-BO-10001337,Furniture,Bookcases,O'Sullivan Living Dimensions 2-Shelf Bookcases,617,6,0.15,15.29,10/28/2014,10/31/2014
0,JK-16120,CA-2017-154039,17/02/2017,22/02/2017,Standard Class,Julie Kriz,Home Office,United States,Chicago,Illinois,60653,Central,FUR-TA-10001932,Furniture,Tables,"""Chromcraft 48"""" x 96"""" Racetrack Double Pedestal Table""",480.96,3,0.5,15.15,2/17/2017,2/22/2017
0,LC-16885,CA-2015-157133,28/11/2015,3/12/2015,Standard Class,Lena Creighton,Consumer,United States,Champaign,Illinois,61821,Central,FUR-FU-10004904,Furniture,Furnishings,"""Eldon """"L"""" Workstation Diamond Chairmat""",151.96,5,0.6,15.15,11/28/2015,12/3/2015
0,JF-15355,CA-2015-132486,23/10/2015,27/10/2015,Second Class,Jay Fein,Consumer,United States,San Diego,California,92105,West,FUR-CH-10004540,Furniture,Chairs,Global Chrome Stack Chair,191.97,7,0.2,15.07,10/23/2015,10/27/2015
0,JF-15355,CA-2015-132486,23/10/2015,27/10/2015,Second Class,Jay Fein,Consumer,United States,San Diego,California,92105,West,FUR-CH-10001854,Furniture,Chairs,Office Star - Professional Matrix Back Chair with 2-to-1 Synchro Tilt and Mesh Fabric Seat,842.35,3,0.2,14.93,10/23/2015,10/27/2015
0,PF-19120,CA-2015-129896,15/06/2015,20/06/2015,Standard Class,Peter Fuller,Consumer,United States,Gilbert,Arizona,85234,West,FUR-FU-10004904,Furniture,Furnishings,"""Eldon """"L"""" Workstation Diamond Chairmat""",364.7,6,0.2,14.9,6/15/2015,6/20/2015
0,SP-20860,US-2016-163881,24/11/2016,30/11/2016,Standard Class,Sung Pak,Corporate,United States,Los Angeles,California,90036,West,FUR-CH-10001394,Furniture,Chairs,Global Leather Executive Chair,1684.75,6,0.2,14.85,11/24/2016,11/30/2016
0,VT-21700,CA-2015-167010,5/4/2015,10/4/2015,Standard Class,Valerie Takahito,Home Office,United States,Philadelphia,Pennsylvania,19143,East,FUR-FU-10001468,Furniture,Furnishings,Tenex Antistatic Computer Chair Mats,547.14,4,0.2,14.71,4/5/2015,4/10/2015
0,MM-18280,CA-2017-148068,18/09/2017,25/09/2017,Standard Class,Muhammed MacIntyre,Corporate,United States,New York City,New York,10035,East,FUR-FU-10002268,Furniture,Furnishings,Ultra Door Push Plate,9.82,2,0,14.69,9/18/2017,9/25/2017
0,ML-17410,US-2017-142573,18/07/2017,23/07/2017,Standard Class,Maris LaWare,Consumer,United States,Phoenix,Arizona,85023,West,FUR-TA-10001932,Furniture,Tables,"""Chromcraft 48"""" x 96"""" Racetrack Double Pedestal Table""",801.6,5,0.5,14.67,7/18/2017,7/23/2017
0,ML-17410,US-2017-142573,18/07/2017,23/07/2017,Standard Class,Maris LaWare,Consumer,United States,Phoenix,Arizona,85023,West,FUR-CH-10000513,Furniture,Chairs,High-Back Leather Manager's Chair,311.98,3,0.2,14.67,7/18/2017,7/23/2017
0,BN-11515,CA-2014-103940,17/09/2014,21/09/2014,Standard Class,Bradley Nguyen,Consumer,United States,Seattle,Washington,98103,West,FUR-FU-10004671,Furniture,Furnishings,"""Executive Impressions 12"""" Wall Clock""",35.34,2,0,14.66,9/17/2014,9/21/2014
0,LS-17230,CA-2015-118955,16/06/2015,20/06/2015,Standard Class,Lycoris Saunders,Consumer,United States,Grand Prairie,Texas,75051,Central,FUR-CH-10001708,Furniture,Chairs,Office Star - Contemporary Swivel Chair with Padded Adjustable Arms and Flex Back,197.37,2,0.3,14.57,6/16/2015,6/20/2015
0,MH-17455,US-2016-143448,10/12/2016,10/12/2016,Same Day,Mark Hamilton,Consumer,United States,Greenwood,Indiana,46142,Central,FUR-CH-10003379,Furniture,Chairs,Global Commerce Series High-Back Swivel/Tilt Chairs,1424.9,5,0,14.57,12/10/2016,12/10/2016
0,MS-17710,CA-2014-133228,4/4/2014,9/4/2014,Standard Class,Maurice Satty,Consumer,United States,Detroit,Michigan,48205,Central,FUR-FU-10004020,Furniture,Furnishings,Advantus Panel Wall Acrylic Frame,5.47,1,0,14.55,4/4/2014,4/9/2014
0,RB-19360,CA-2016-156573,29/05/2016,2/6/2016,Standard Class,Raymond Buch,Consumer,United States,Nashville,Tennessee,37211,South,FUR-FU-10001085,Furniture,Furnishings,3M Polarizing Light Filter Sleeves,44.76,3,0.2,14.5,5/29/2016,6/2/2016
0,ED-13885,CA-2017-134838,19/02/2017,20/02/2017,First Class,Emily Ducich,Home Office,United States,Los Angeles,California,90045,West,FUR-FU-10004018,Furniture,Furnishings,Tensor Computer Mounted Lamp,44.67,3,0,14.46,2/19/2017,2/20/2017
0,JM-15250,CA-2016-167556,29/03/2016,2/4/2016,Standard Class,Janet Martin,Consumer,United States,New York City,New York,10009,East,FUR-FU-10004848,Furniture,Furnishings,"""Howard Miller 13-3/4"""" Diameter Brushed Chrome Round Wall Clock""",414,8,0,14.45,3/29/2016,4/2/2016
0,TH-21235,CA-2014-114517,23/12/2014,27/12/2014,Standard Class,Tiffany House,Corporate,United States,New York City,New York,10024,East,FUR-TA-10001676,Furniture,Tables,Hon 61000 Series Interactive Training Tables,53.32,2,0.4,14.39,12/23/2014,12/27/2014
0,AR-10540,CA-2014-122588,25/11/2014,27/11/2014,Second Class,Andy Reiter,Consumer,United States,Woonsocket,Rhode Island,2895,East,FUR-FU-10001095,Furniture,Furnishings,DAX Black Cherry Wood-Tone Poster Frame,52.96,2,0,14.14,11/25/2014,11/27/2014
0,DB-13120,CA-2015-161998,1/5/2015,5/5/2015,Standard Class,David Bremer,Corporate,United States,Tampa,Florida,33614,South,FUR-FU-10001095,Furniture,Furnishings,DAX Black Cherry Wood-Tone Poster Frame,63.55,3,0.2,14.12,5/1/2015,5/5/2015
0,DK-12895,CA-2015-105627,8/3/2015,12/3/2015,Standard Class,Dana Kaydos,Consumer,United States,Kenosha,Wisconsin,53142,Central,FUR-BO-10002916,Furniture,Bookcases,"""Rush Hierlooms Collection 1"""" Thick Stackable Bookcases""",512.94,3,0,14.1,3/8/2015,3/12/2015
0,DK-12895,CA-2015-105627,8/3/2015,12/3/2015,Standard Class,Dana Kaydos,Consumer,United States,Kenosha,Wisconsin,53142,Central,FUR-CH-10002084,Furniture,Chairs,Hon Mobius Operator's Chair,860.93,7,0,14.1,3/8/2015,3/12/2015
0,DK-12895,CA-2015-105627,8/3/2015,12/3/2015,Standard Class,Dana Kaydos,Consumer,United States,Kenosha,Wisconsin,53142,Central,FUR-FU-10000308,Furniture,Furnishings,Deflect-o Glass Clear Studded Chair Mats,373.08,6,0,13.97,3/8/2015,3/12/2015
0,Dp-13240,CA-2014-116834,11/10/2014,16/10/2014,Standard Class,Dean percer,Home Office,United States,Seattle,Washington,98115,West,FUR-FU-10001196,Furniture,Furnishings,DAX Cubicle Frames - 8x10,63.47,11,0,13.85,10/11/2014,10/16/2014
0,SC-20725,CA-2017-144463,1/1/2017,5/1/2017,Standard Class,Steven Cartwright,Consumer,United States,Los Angeles,California,90036,West,FUR-FU-10001215,Furniture,Furnishings,"""Howard Miller 11-1/2"""" Diameter Brentwood Wall Clock""",474.43,11,0,13.85,1/1/2017,1/5/2017
0,AJ-10795,CA-2014-110786,29/12/2014,2/1/2015,Standard Class,Anthony Johnson,Corporate,United States,San Francisco,California,94110,West,FUR-FU-10000550,Furniture,Furnishings,Stacking Trays by OIC,24.9,5,0,13.76,12/29/2014,1/2/2015
0,AJ-10795,CA-2014-110786,29/12/2014,2/1/2015,Standard Class,Anthony Johnson,Corporate,United States,San Francisco,California,94110,West,FUR-FU-10000672,Furniture,Furnishings,"""Executive Impressions 10"""" Spectator Wall Clock""",70.56,6,0,13.68,12/29/2014,1/2/2015
0,JF-15565,CA-2015-137750,25/06/2015,30/06/2015,Standard Class,Jill Fjeld,Consumer,United States,San Francisco,California,94110,West,FUR-FU-10001979,Furniture,Furnishings,Dana Halogen Swing-Arm Architect Lamp,204.85,5,0,13.59,6/25/2015,6/30/2015
0,GA-14515,CA-2017-136350,24/06/2017,26/06/2017,Second Class,George Ashbrook,Consumer,United States,New York City,New York,10011,East,FUR-CH-10001891,Furniture,Chairs,Global Deluxe Office Fabric Chairs,172.76,2,0.1,13.43,6/24/2017,6/26/2017
0,SM-20950,CA-2014-122931,29/09/2014,3/10/2014,Standard Class,Suzanne McNair,Corporate,United States,Philadelphia,Pennsylvania,19134,East,FUR-TA-10004175,Furniture,Tables,"""Hon 30"""" x 60"""" Table with Locking Drawer""",409.27,2,0.4,13.43,9/29/2014,10/3/2014
0,SM-20950,CA-2014-122931,29/09/2014,3/10/2014,Standard Class,Suzanne McNair,Corporate,United States,Philadelphia,Pennsylvania,19134,East,FUR-TA-10004147,Furniture,Tables,Hon 4060 Series Tables,67.18,1,0.4,13.32,9/29/2014,10/3/2014
0,LC-16885,CA-2015-124058,20/11/2015,24/11/2015,Standard Class,Lena Creighton,Consumer,United States,Oakland,California,94601,West,FUR-CH-10000595,Furniture,Chairs,Safco Contoured Stacking Chairs,572.16,3,0.2,13.19,11/20/2015,11/24/2015
0,DK-12895,CA-2017-108112,15/11/2017,20/11/2017,Standard Class,Dana Kaydos,Consumer,United States,Miramar,Florida,33023,South,FUR-FU-10003553,Furniture,Furnishings,"""Howard Miller 13-1/2"""" Diameter Rosebrook Wall Clock""",220.06,4,0.2,13.05,11/15/2017,11/20/2017
0,RB-19465,CA-2017-137456,21/12/2017,21/12/2017,Same Day,Rick Bensley,Home Office,United States,Fremont,Nebraska,68025,Central,FUR-FU-10001940,Furniture,Furnishings,Staple-based wall hangings,15.92,2,0,12.99,12/21/2017,12/21/2017
0,MC-17275,CA-2015-105599,7/9/2015,7/9/2015,Same Day,Marc Crier,Consumer,United States,New York City,New York,10011,East,FUR-TA-10003837,Furniture,Tables,Anderson Hickey Conga Table Tops & Accessories,27.41,3,0.4,12.99,9/7/2015,9/7/2015
0,DL-13495,CA-2015-153717,25/12/2015,1/1/2016,Standard Class,Dionis Lloyd,Corporate,United States,Detroit,Michigan,48227,Central,FUR-BO-10004360,Furniture,Bookcases,Rush Hierlooms Collection Rich Wood Bookcases,160.98,1,0,12.98,12/25/2015,1/1/2016
0,EH-14125,CA-2017-112725,30/01/2017,6/2/2017,Standard Class,Eugene Hildebrand,Home Office,United States,San Francisco,California,94110,West,FUR-CH-10000863,Furniture,Chairs,Novimex Swivel Fabric Task Chair,120.78,1,0.2,12.91,1/30/2017,2/6/2017
0,HA-14920,CA-2014-157924,11/10/2014,13/10/2014,First Class,Helen Andreada,Consumer,United States,Pasadena,California,91104,West,FUR-CH-10000229,Furniture,Chairs,Global Enterprise Series Seating High-Back Swivel/Tilt Chairs,433.57,2,0.2,12.86,10/11/2014,10/13/2014
0,AG-10300,CA-2016-143749,5/12/2016,7/12/2016,First Class,Aleksandra Gannaway,Corporate,United States,Franklin,Massachusetts,2038,East,FUR-BO-10002853,Furniture,Bookcases,O'Sullivan 5-Shelf Heavy-Duty Bookcases,81.94,1,0,12.86,12/5/2016,12/7/2016
0,HK-14890,CA-2015-150875,16/11/2015,20/11/2015,Standard Class,Heather Kirkland,Corporate,United States,Boise,Idaho,83704,West,FUR-TA-10000577,Furniture,Tables,Bretford CR4500 Series Slim Rectangular Table,696.42,2,0,12.86,11/16/2015,11/20/2015
0,AM-10705,CA-2014-145387,31/10/2014,2/11/2014,Second Class,Anne McFarland,Consumer,United States,Cranston,Rhode Island,2920,East,FUR-FU-10000023,Furniture,Furnishings,Eldon Wave Desk Accessories,17.67,3,0,12.83,10/31/2014,11/2/2014
0,AM-10705,CA-2014-145387,31/10/2014,2/11/2014,Second Class,Anne McFarland,Consumer,United States,Cranston,Rhode Island,2920,East,FUR-CH-10002320,Furniture,Chairs,Hon Pagoda Stacking Chairs,1604.9,5,0,12.81,10/31/2014,11/2/2014
0,AM-10705,CA-2014-145387,31/10/2014,2/11/2014,Second Class,Anne McFarland,Consumer,United States,Cranston,Rhode Island,2920,East,FUR-TA-10003238,Furniture,Tables,"""Chromcraft Bull-Nose Wood 48"""" x 96"""" Rectangular Conference Tables""",385.69,1,0.3,12.78,10/31/2014,11/2/2014
0,TB-21400,CA-2017-134565,11/6/2017,13/06/2017,Second Class,Tom Boeckenhauer,Consumer,United States,Seattle,Washington,98103,West,FUR-BO-10001519,Furniture,Bookcases,O'Sullivan 3-Shelf Heavy-Duty Bookcases,174.42,3,0,12.67,6/11/2017,6/13/2017
0,EB-13840,US-2014-102631,13/12/2014,17/12/2014,Standard Class,Ellis Ballard,Corporate,United States,Chicago,Illinois,60623,Central,FUR-FU-10003930,Furniture,Furnishings,Howard Miller 12-3/4 Diameter Accuwave DS  Wall Clock,94.43,3,0.6,12.63,12/13/2014,12/17/2014
0,SR-20740,CA-2015-154970,5/1/2015,10/1/2015,Standard Class,Steven Roelle,Home Office,United States,Seattle,Washington,98103,West,FUR-CH-10003396,Furniture,Chairs,Global Deluxe Steno Chair,61.58,1,0.2,12.52,1/5/2015,1/10/2015
0,LS-16975,CA-2017-117702,28/11/2017,4/12/2017,Standard Class,Lindsay Shagiari,Home Office,United States,Baltimore,Maryland,21215,East,FUR-FU-10000576,Furniture,Furnishings,Luxo Professional Fluorescent Magnifier Lamp with Clamp-Mount Base,1049.2,5,0,12.33,11/28/2017,12/4/2017
0,SJ-20500,CA-2016-157336,1/12/2016,5/12/2016,Second Class,Shirley Jackson,Consumer,United States,Fairfield,Connecticut,6824,East,FUR-CH-10004997,Furniture,Chairs,Hon Every-Day Series Multi-Task Chairs,751.92,4,0,12.18,12/1/2016,12/5/2016
0,BS-11365,CA-2014-168130,19/09/2014,19/09/2014,Same Day,Bill Shonely,Corporate,United States,New York City,New York,10011,East,FUR-CH-10000988,Furniture,Chairs,Hon Olson Stacker Stools,887.1,7,0.1,12.18,9/19/2014,9/19/2014
0,TS-21610,CA-2017-163160,13/10/2017,16/10/2017,First Class,Troy Staebel,Consumer,United States,Freeport,Illinois,61032,Central,FUR-FU-10001424,Furniture,Furnishings,Dax Clear Box Frame,10.48,3,0.6,12.15,10/13/2017,10/16/2017
0,EP-13915,US-2016-131611,5/11/2016,9/11/2016,Standard Class,Emily Phan,Consumer,United States,Houston,Texas,77036,Central,FUR-TA-10002774,Furniture,Tables,Laminate Occasional Tables,863.13,8,0.3,12.12,11/5/2016,11/9/2016
0,EP-13915,US-2016-131611,5/11/2016,9/11/2016,Standard Class,Emily Phan,Consumer,United States,Houston,Texas,77036,Central,FUR-BO-10000780,Furniture,Bookcases,O'Sullivan Plantations 2-Door Library in Landvery Oak,956.66,7,0.32,12.11,11/5/2016,11/9/2016
0,SH-20635,CA-2015-166975,26/11/2015,30/11/2015,Standard Class,Stefanie Holloman,Corporate,United States,Jackson,Tennessee,38301,South,FUR-FU-10003930,Furniture,Furnishings,Howard Miller 12-3/4 Diameter Accuwave DS  Wall Clock,692.47,11,0.2,12.1,11/26/2015,11/30/2015
0,LA-16780,CA-2016-123806,24/11/2016,27/11/2016,Second Class,Laura Armstrong,Corporate,United States,Baltimore,Maryland,21215,East,FUR-FU-10000965,Furniture,Furnishings,"""Howard Miller 11-1/2"""" Diameter Ridgewood Wall Clock""",207.76,4,0,12.1,11/24/2016,11/27/2016
0,BS-11365,US-2016-107440,16/04/2016,20/04/2016,Standard Class,Bill Shonely,Corporate,United States,Lakewood,New Jersey,8701,East,FUR-FU-10000550,Furniture,Furnishings,Stacking Trays by OIC,9.96,2,0,12.09,4/16/2016,4/20/2016
0,CA-11965,CA-2015-105690,21/11/2015,26/11/2015,Second Class,Carol Adams,Corporate,United States,Port Arthur,Texas,77642,Central,FUR-BO-10003965,Furniture,Bookcases,O'Sullivan Manor Hill 2-Door Library in Brianna Oak,246.13,2,0.32,12.06,11/21/2015,11/26/2015
0,AT-10435,CA-2017-102407,9/12/2017,13/12/2017,Second Class,Alyssa Tate,Home Office,United States,Los Angeles,California,90004,West,FUR-TA-10003748,Furniture,Tables,Bevis 36 x 72 Conference Tables,896.33,9,0.2,12.06,12/9/2017,12/13/2017
0,DW-13195,CA-2017-101581,22/10/2017,27/10/2017,Standard Class,David Wiener,Corporate,United States,Redmond,Oregon,97756,West,FUR-TA-10002607,Furniture,Tables,KI Conference Tables,177.23,5,0.5,12,10/22/2017,10/27/2017
0,MB-17305,CA-2017-169124,3/7/2017,10/7/2017,Standard Class,Maria Bertelson,Consumer,United States,Citrus Heights,California,95610,West,FUR-FU-10001215,Furniture,Furnishings,"""Howard Miller 11-1/2"""" Diameter Brentwood Wall Clock""",129.39,3,0,12,7/3/2017,7/10/2017
0,AH-10585,CA-2014-162278,26/10/2014,30/10/2014,Second Class,Angele Hood,Consumer,United States,Seattle,Washington,98105,West,FUR-FU-10000448,Furniture,Furnishings,Tenex Chairmats For Use With Carpeted Floors,63.92,4,0,11.92,10/26/2014,10/30/2014
0,DC-13285,US-2017-136189,7/12/2017,11/12/2017,Standard Class,Debra Catini,Consumer,United States,Richmond,Virginia,23223,South,FUR-FU-10000175,Furniture,Furnishings,DAX Wood Document Frame.,82.38,6,0,11.76,12/7/2017,12/11/2017
0,GZ-14470,CA-2015-154795,20/12/2015,24/12/2015,Standard Class,Gary Zandusky,Consumer,United States,Bullhead City,Arizona,86442,West,FUR-FU-10002088,Furniture,Furnishings,Nu-Dell Float Frame 11 x 14 1/2,14.37,2,0.2,11.75,12/20/2015,12/24/2015
0,MM-17260,CA-2016-120355,18/09/2016,25/09/2016,Standard Class,Magdelene Morse,Consumer,United States,New Rochelle,New York,10801,East,FUR-CH-10001394,Furniture,Chairs,Global Leather Executive Chair,631.78,2,0.1,11.69,9/18/2016,9/25/2016
0,MM-17260,CA-2016-120355,18/09/2016,25/09/2016,Standard Class,Magdelene Morse,Consumer,United States,New Rochelle,New York,10801,East,FUR-FU-10004053,Furniture,Furnishings,DAX Two-Tone Silver Metal Document Frame,60.72,3,0,11.65,9/18/2016,9/25/2016
0,RR-19315,CA-2017-162565,11/12/2017,11/12/2017,Same Day,Ralph Ritter,Consumer,United States,Aurora,Illinois,60505,Central,FUR-FU-10004306,Furniture,Furnishings,Electrix Halogen Magnifier Lamp,77.72,1,0.6,11.65,12/11/2017,12/11/2017
0,RR-19315,CA-2017-162565,11/12/2017,11/12/2017,Same Day,Ralph Ritter,Consumer,United States,Aurora,Illinois,60505,Central,FUR-CH-10003973,Furniture,Chairs,GuestStacker Chair with Chrome Finish Legs,520.46,2,0.3,11.63,12/11/2017,12/11/2017
0,BT-11305,CA-2014-166954,25/04/2014,30/04/2014,Standard Class,Beth Thompson,Home Office,United States,San Gabriel,California,91776,West,FUR-CH-10003973,Furniture,Chairs,GuestStacker Chair with Chrome Finish Legs,1487.04,5,0.2,11.58,4/25/2014,4/30/2014
0,TB-21625,CA-2015-152891,25/10/2015,30/10/2015,Standard Class,Trudy Brown,Consumer,United States,San Francisco,California,94110,West,FUR-TA-10001857,Furniture,Tables,Balt Solid Wood Rectangular Table,253.18,3,0.2,11.52,10/25/2015,10/30/2015
0,RA-19915,US-2015-122784,20/07/2015,27/07/2015,Standard Class,Russell Applegate,Consumer,United States,Highland Park,Illinois,60035,Central,FUR-BO-10004690,Furniture,Bookcases,O'Sullivan Cherrywood Estates Traditional Barrister Bookcase,384.94,4,0.3,11.46,7/20/2015,7/27/2015
0,JL-15835,US-2014-138758,7/7/2014,11/7/2014,Standard Class,John Lee,Consumer,United States,Philadelphia,Pennsylvania,19120,East,FUR-FU-10003039,Furniture,Furnishings,"""Howard Miller 11-1/2"""" Diameter Grantwood Wall Clock""",69.01,2,0.2,11.28,7/7/2014,7/11/2014
0,GZ-14470,CA-2016-131737,17/03/2016,17/03/2016,Same Day,Gary Zandusky,Consumer,United States,Columbia,Maryland,21044,East,FUR-FU-10004306,Furniture,Furnishings,Electrix Halogen Magnifier Lamp,971.5,5,0,11.26,3/17/2016,3/17/2016
0,MH-17455,CA-2014-160157,20/12/2014,27/12/2014,Standard Class,Mark Hamilton,Consumer,United States,Hamilton,Ohio,45011,East,FUR-FU-10003773,Furniture,Furnishings,Eldon Cleatmat Plus Chair Mats for High Pile Carpets,190.85,3,0.2,11.24,12/20/2014,12/27/2014
0,TB-21355,CA-2017-159464,18/05/2017,19/05/2017,First Class,Todd Boyes,Corporate,United States,Sandy Springs,Georgia,30328,South,FUR-BO-10003546,Furniture,Bookcases,Hon 4-Shelf Metal Bookcases,302.94,3,0,11.2,5/18/2017,5/19/2017
0,AP-10915,CA-2016-168893,3/11/2016,8/11/2016,Second Class,Arthur Prichep,Consumer,United States,Henderson,Kentucky,42420,South,FUR-FU-10002885,Furniture,Furnishings,Magna Visual Magnetic Picture Hangers,24.1,5,0,11.18,11/3/2016,11/8/2016
0,AP-10915,CA-2016-168893,3/11/2016,8/11/2016,Second Class,Arthur Prichep,Consumer,United States,Henderson,Kentucky,42420,South,FUR-TA-10003392,Furniture,Tables,Global Adaptabilities Conference Tables,842.94,3,0,11.18,11/3/2016,11/8/2016
0,LH-17155,CA-2015-121965,19/06/2015,23/06/2015,Standard Class,Logan Haushalter,Consumer,United States,Los Angeles,California,90032,West,FUR-FU-10000732,Furniture,Furnishings,Eldon 200 Class Desk Accessories,12.56,2,0,11.17,6/19/2015,6/23/2015
0,AS-10630,US-2015-146745,3/9/2015,8/9/2015,Standard Class,Ann Steele,Home Office,United States,San Francisco,California,94110,West,FUR-CH-10002372,Furniture,Chairs,Office Star - Ergonomically Designed Knee Chair,129.57,2,0.2,11.16,9/3/2015,9/8/2015
0,DS-13030,US-2017-125717,28/09/2017,1/10/2017,First Class,Darrin Sayre,Home Office,United States,Aurora,Colorado,80013,West,FUR-FU-10001979,Furniture,Furnishings,Dana Halogen Swing-Arm Architect Lamp,32.78,1,0.2,11.16,9/28/2017,10/1/2017
0,KA-16525,CA-2017-168641,24/11/2017,1/12/2017,Standard Class,Kelly Andreada,Consumer,United States,New York City,New York,10035,East,FUR-BO-10000780,Furniture,Bookcases,O'Sullivan Plantations 2-Door Library in Landvery Oak,321.57,2,0.2,11.08,11/24/2017,12/1/2017
0,MG-17680,CA-2017-121300,29/09/2017,29/09/2017,Same Day,Maureen Gastineau,Home Office,United States,Mentor,Ohio,44060,East,FUR-TA-10004442,Furniture,Tables,Riverside Furniture Stanwyck Manor Table Series,344.22,2,0.4,11.04,9/29/2017,9/29/2017
0,MG-17680,CA-2017-121300,29/09/2017,29/09/2017,Same Day,Maureen Gastineau,Home Office,United States,Mentor,Ohio,44060,East,FUR-FU-10004586,Furniture,Furnishings,G.E. Longer-Life Indoor Recessed Floodlight Bulbs,21.25,4,0.2,11.03,9/29/2017,9/29/2017
0,BD-11620,CA-2017-130211,22/10/2017,22/10/2017,Same Day,Brian DeCherney,Consumer,United States,Lawton,Oklahoma,73505,Central,FUR-TA-10003748,Furniture,Tables,Bevis 36 x 72 Conference Tables,248.98,2,0,10.98,10/22/2017,10/22/2017
0,JM-15250,CA-2017-105921,14/08/2017,21/08/2017,Standard Class,Janet Martin,Consumer,United States,Los Angeles,California,90032,West,FUR-TA-10001095,Furniture,Tables,Chromcraft Round Conference Tables,418.3,3,0.2,10.96,8/14/2017,8/21/2017
0,JK-15730,CA-2014-150798,1/12/2014,3/12/2014,Second Class,Joe Kamberova,Consumer,United States,Columbus,Ohio,43229,East,FUR-CH-10000015,Furniture,Chairs,Hon Multipurpose Stacking Arm Chairs,909.72,6,0.3,10.91,12/1/2014,12/3/2014
0,KM-16225,CA-2016-119935,10/11/2016,14/11/2016,Standard Class,Kalyca Meade,Corporate,United States,Springfield,Missouri,65807,Central,FUR-FU-10001085,Furniture,Furnishings,3M Polarizing Light Filter Sleeves,37.3,2,0,10.88,11/10/2016,11/14/2016
0,BW-11200,CA-2016-120873,27/10/2016,1/11/2016,Second Class,Ben Wallace,Consumer,United States,Hampton,Virginia,23666,South,FUR-CH-10000847,Furniture,Chairs,Global Executive Mid-Back Manager's Chair,290.98,1,0,10.86,10/27/2016,11/1/2016
0,RD-19720,CA-2014-107454,2/11/2014,6/11/2014,Standard Class,Roger Demir,Consumer,United States,New York City,New York,10024,East,FUR-FU-10004018,Furniture,Furnishings,Tensor Computer Mounted Lamp,89.34,6,0,10.79,11/2/2014,11/6/2014
0,BE-11335,US-2017-105046,17/07/2017,23/07/2017,Standard Class,Bill Eplett,Home Office,United States,Rome,New York,13440,East,FUR-FU-10004848,Furniture,Furnishings,DAX Solid Wood Frames,39.08,4,0,10.78,7/17/2017,7/23/2017
0,MB-17305,CA-2016-118759,14/11/2016,17/11/2016,First Class,Maria Bertelson,Consumer,United States,New York City,New York,10009,East,FUR-CH-10002335,Furniture,Chairs,Hon GuestStacker Chair,408.01,2,0.1,10.68,11/14/2016,11/17/2016
0,ES-14080,CA-2015-104129,27/02/2015,2/3/2015,Standard Class,Erin Smith,Corporate,United States,Providence,Rhode Island,2908,East,FUR-TA-10004152,Furniture,Tables,"""Barricks 18"""" x 48"""" Non-Folding Utility Table with Bottom Storage Shelf""",493.92,7,0.3,10.57,2/27/2015,3/2/2015
0,GK-14620,US-2014-165862,13/07/2014,17/07/2014,Standard Class,Grace Kelly,Corporate,United States,Los Angeles,California,90049,West,FUR-TA-10002855,Furniture,Tables,Bevis Round Conference Table Top & Single Column Base,351.22,3,0.2,10.51,7/13/2014,7/17/2014
0,JF-15490,US-2014-106334,27/12/2014,2/1/2015,Standard Class,Jeremy Farry,Consumer,United States,San Francisco,California,94122,West,FUR-CH-10004886,Furniture,Chairs,Bevis Steel Folding Chairs,230.28,3,0.2,10.48,12/27/2014,1/2/2015
0,NF-18595,CA-2014-169460,19/04/2014,21/04/2014,Second Class,Nicole Fjeld,Home Office,United States,San Jose,California,95123,West,FUR-FU-10004017,Furniture,Furnishings,"""Executive Impressions 13"""" Chairman Wall Clock""",76.14,3,0,10.41,4/19/2014,4/21/2014
0,MG-17650,CA-2016-139395,12/12/2016,18/12/2016,Standard Class,Matthew Grinstein,Home Office,United States,Jackson,Michigan,49201,Central,FUR-FU-10003724,Furniture,Furnishings,Westinghouse Clip-On Gooseneck Lamps,33.48,4,0,10.39,12/12/2016,12/18/2016
0,AP-10720,CA-2016-120250,19/09/2016,22/09/2016,First Class,Anne Pryor,Home Office,United States,Philadelphia,Pennsylvania,19140,East,FUR-FU-10003424,Furniture,Furnishings,Nu-Dell Oak Frame,25.63,3,0.2,10.39,9/19/2016,9/22/2016
0,NL-18310,US-2017-163790,2/11/2017,4/11/2017,Second Class,Nancy Lomonaco,Home Office,United States,Danville,California,94526,West,FUR-FU-10002508,Furniture,Furnishings,Document Clip Frames,25.02,3,0,10.39,11/2/2017,11/4/2017
0,MC-18130,CA-2016-129868,26/12/2016,31/12/2016,Standard Class,Mike Caudle,Corporate,United States,Los Angeles,California,90004,West,FUR-TA-10003473,Furniture,Tables,Bretford Rectangular Conference Table Tops,902.71,3,0.2,10.39,12/26/2016,12/31/2016
0,JE-15745,US-2017-141852,9/11/2017,14/11/2017,Standard Class,Joel Eaton,Consumer,United States,Oceanside,California,92054,West,FUR-FU-10000023,Furniture,Furnishings,Eldon Wave Desk Accessories,47.12,8,0,10.37,11/9/2017,11/14/2017
0,TH-21550,CA-2015-117800,21/09/2015,26/09/2015,Standard Class,Tracy Hopkins,Home Office,United States,Everett,Massachusetts,2149,East,FUR-CH-10000785,Furniture,Chairs,Global Ergonomic Managers Chair,542.94,3,0,10.35,9/21/2015,9/26/2015
0,SO-20335,CA-2017-147228,9/9/2017,14/09/2017,Standard Class,Sean O'Donnell,Consumer,United States,Columbia,Tennessee,38401,South,FUR-FU-10000023,Furniture,Furnishings,Eldon Wave Desk Accessories,14.14,3,0.2,10.26,9/9/2017,9/14/2017
0,DS-13180,CA-2015-130456,21/08/2015,26/08/2015,Standard Class,David Smith,Corporate,United States,San Francisco,California,94122,West,FUR-BO-10003893,Furniture,Bookcases,Sauder Camden County Collection Library,586.4,6,0.15,10.16,8/21/2015,8/26/2015
0,HA-14905,CA-2017-130141,22/10/2017,24/10/2017,Second Class,Helen Abelman,Consumer,United States,Fort Collins,Colorado,80525,West,FUR-CH-10000749,Furniture,Chairs,Office Star - Ergonomic Mid Back Chair with 2-Way Adjustable Arms,579.14,4,0.2,10.1,10/22/2017,10/24/2017
0,DB-13360,CA-2016-139556,26/04/2016,1/5/2016,Standard Class,Dennis Bolton,Home Office,United States,New York City,New York,10009,East,FUR-CH-10004983,Furniture,Chairs,Office Star - Mid Back Dual function Ergonomic High Back Chair with 2-Way Adjustable Arms,434.65,3,0.1,10.06,4/26/2016,5/1/2016
0,KB-16585,CA-2016-116547,10/1/2016,17/01/2016,Standard Class,Ken Black,Corporate,United States,Seattle,Washington,98115,West,FUR-FU-10000076,Furniture,Furnishings,24-Hour Round Wall Clock,79.92,4,0,10,1/10/2016,1/17/2016
0,KL-16645,CA-2016-133550,31/07/2016,6/8/2016,Standard Class,Ken Lonsdale,Consumer,United States,Detroit,Michigan,48205,Central,FUR-FU-10002918,Furniture,Furnishings,Eldon ClusterMat Chair Mat with Cordless Antistatic Protection,272.94,3,0,9.97,7/31/2016,8/6/2016
0,GB-14530,CA-2016-159912,29/08/2016,3/9/2016,Standard Class,George Bell,Corporate,United States,Philadelphia,Pennsylvania,19120,East,FUR-TA-10004152,Furniture,Tables,"""Barricks 18"""" x 48"""" Non-Folding Utility Table with Bottom Storage Shelf""",241.92,4,0.4,9.89,8/29/2016,9/3/2016
0,GB-14530,CA-2016-159912,29/08/2016,3/9/2016,Standard Class,George Bell,Corporate,United States,Philadelphia,Pennsylvania,19120,East,FUR-BO-10002853,Furniture,Bookcases,O'Sullivan 5-Shelf Heavy-Duty Bookcases,163.88,4,0.5,9.89,8/29/2016,9/3/2016
0,CT-11995,CA-2014-138681,20/12/2014,22/12/2014,First Class,Carol Triggs,Consumer,United States,Tucson,Arizona,85705,West,FUR-CH-10004860,Furniture,Chairs,Global Low Back Tilter Chair,242.35,3,0.2,9.89,12/20/2014,12/22/2014
0,JL-15835,US-2015-138121,17/12/2015,17/12/2015,Same Day,John Lee,Consumer,United States,Detroit,Michigan,48205,Central,FUR-CH-10003846,Furniture,Chairs,Hon Valutask Swivel Chairs,302.94,3,0,9.83,12/17/2015,12/17/2015
0,JL-15835,US-2015-138121,17/12/2015,17/12/2015,Same Day,John Lee,Consumer,United States,Detroit,Michigan,48205,Central,FUR-CH-10004875,Furniture,Chairs,Harbour Creations 67200 Series Stacking Chairs,142.36,2,0,9.82,12/17/2015,12/17/2015
0,JK-16120,CA-2017-140298,11/5/2017,17/05/2017,Standard Class,Julie Kriz,Home Office,United States,Austin,Texas,78745,Central,FUR-FU-10001967,Furniture,Furnishings,Telescoping Adjustable Floor Lamp,8,1,0.6,9.78,5/11/2017,5/17/2017
0,AG-10900,CA-2016-158435,17/05/2016,18/05/2016,First Class,Arthur Gainer,Consumer,United States,Waterbury,Connecticut,6708,East,FUR-FU-10003975,Furniture,Furnishings,Eldon Advantage Chair Mats for Low to Medium Pile Carpets,173.24,4,0,9.72,5/17/2016,5/18/2016
0,RB-19435,US-2015-103996,29/03/2015,31/03/2015,Second Class,Richard Bierner,Consumer,United States,San Diego,California,92105,West,FUR-FU-10004586,Furniture,Furnishings,G.E. Longer-Life Indoor Recessed Floodlight Bulbs,19.92,3,0,9.57,3/29/2015,3/31/2015
0,GT-14755,CA-2015-105725,18/02/2015,24/02/2015,Standard Class,Guy Thornton,Consumer,United States,Long Beach,California,90805,West,FUR-TA-10001676,Furniture,Tables,Hon 61000 Series Interactive Training Tables,35.54,1,0.2,9.56,2/18/2015,2/24/2015
0,TS-21160,CA-2016-120005,3/3/2016,3/3/2016,Same Day,Theresa Swint,Corporate,United States,San Francisco,California,94110,West,FUR-FU-10000672,Furniture,Furnishings,"""Executive Impressions 10"""" Spectator Wall Clock""",35.28,3,0,9.54,3/3/2016,3/3/2016
0,ES-14020,CA-2017-103499,20/11/2017,24/11/2017,Standard Class,Erica Smith,Consumer,United States,Jackson,Tennessee,38301,South,FUR-CH-10001482,Furniture,Chairs,Office Star - Mesh Screen back chair with Vinyl seat,209.57,2,0.2,9.5,11/20/2017,11/24/2017
0,CM-12385,CA-2017-119746,23/11/2017,27/11/2017,Standard Class,Christopher Martinez,Consumer,United States,Chicago,Illinois,60610,Central,FUR-FU-10004909,Furniture,Furnishings,Contemporary Wood/Metal Frame,6.46,1,0.6,9.48,11/23/2017,11/27/2017
0,IM-15070,CA-2015-104346,11/12/2015,16/12/2015,Standard Class,Irene Maddox,Consumer,United States,Colorado Springs,Colorado,80906,West,FUR-FU-10001473,Furniture,Furnishings,DAX Wood Document Frame,54.92,5,0.2,9.32,12/11/2015,12/16/2015
0,IM-15070,CA-2015-104346,11/12/2015,16/12/2015,Standard Class,Irene Maddox,Consumer,United States,Colorado Springs,Colorado,80906,West,FUR-TA-10000849,Furniture,Tables,Bevis Rectangular Conference Tables,364.95,5,0.5,9.3,12/11/2015,12/16/2015
0,MF-18250,CA-2015-144722,16/03/2015,23/03/2015,Standard Class,Monica Federle,Corporate,United States,Los Angeles,California,90036,West,FUR-FU-10001215,Furniture,Furnishings,"""Howard Miller 11-1/2"""" Diameter Brentwood Wall Clock""",43.13,1,0,9.26,3/16/2015,3/23/2015
0,MH-17455,CA-2017-136364,13/07/2017,17/07/2017,Second Class,Mark Hamilton,Consumer,United States,Philadelphia,Pennsylvania,19140,East,FUR-FU-10002501,Furniture,Furnishings,Nu-Dell Executive Frame,91.01,9,0.2,9.18,7/13/2017,7/17/2017
0,EB-14110,CA-2016-121370,14/11/2016,19/11/2016,Second Class,Eugene Barchas,Consumer,United States,Philadelphia,Pennsylvania,19134,East,FUR-CH-10000785,Furniture,Chairs,Global Ergonomic Managers Chair,380.06,3,0.3,9.18,11/14/2016,11/19/2016
0,SC-20050,CA-2017-154123,20/11/2017,25/11/2017,Standard Class,Sample Company A,Home Office,United States,Henderson,Kentucky,42420,South,FUR-FU-10000629,Furniture,Furnishings,9-3/4 Diameter Round Wall Clock,27.58,2,0,9.16,11/20/2017,11/25/2017
0,LH-17155,CA-2014-113320,12/12/2014,15/12/2014,Second Class,Logan Haushalter,Consumer,United States,Oakland,California,94601,West,FUR-FU-10001706,Furniture,Furnishings,Longer-Life Soft White Bulbs,9.24,3,0,9.1,12/12/2014,12/15/2014
0,TT-21070,CA-2017-122490,13/11/2017,18/11/2017,Standard Class,Ted Trevino,Consumer,United States,Seattle,Washington,98103,West,FUR-CH-10001215,Furniture,Chairs,Global Troy Executive Leather Low-Back Tilter,2404.7,6,0.2,8.94,11/13/2017,11/18/2017
0,AC-10660,US-2014-122021,15/10/2014,17/10/2014,First Class,Anna Chung,Consumer,United States,Parma,Ohio,44134,East,FUR-CH-10003761,Furniture,Chairs,Global Italian Leather Office Chair,183.37,2,0.3,8.82,10/15/2014,10/17/2014
0,MC-17605,US-2014-161613,1/12/2014,3/12/2014,Second Class,Matt Connell,Corporate,United States,Houston,Texas,77070,Central,FUR-CH-10003746,Furniture,Chairs,Hon 4070 Series Pagoda Round Back Stacking Chairs,674.06,3,0.3,8.74,12/1/2014,12/3/2014
0,MB-17305,CA-2017-163125,9/10/2017,11/10/2017,Second Class,Maria Bertelson,Consumer,United States,League City,Texas,77573,Central,FUR-CH-10001802,Furniture,Chairs,Hon Every-Day Chair Series Swivel Task Chairs,254.06,3,0.3,8.73,10/9/2017,10/11/2017
0,AD-10180,CA-2017-143245,1/12/2017,6/12/2017,Standard Class,Alan Dominguez,Home Office,United States,Fairfield,Connecticut,6824,East,FUR-CH-10000155,Furniture,Chairs,Global Comet Stacking Armless Chair,897.15,3,0,8.7,12/1/2017,12/6/2017
0,IL-15100,CA-2015-156482,6/2/2015,13/02/2015,Standard Class,Ivan Liston,Consumer,United States,Wilmington,Delaware,19805,East,FUR-CH-10001708,Furniture,Chairs,Office Star - Contemporary Swivel Chair with Padded Adjustable Arms and Flex Back,1268.82,9,0,8.64,2/6/2015,2/13/2015
0,BD-11320,CA-2017-107125,27/11/2017,2/12/2017,Standard Class,Bill Donatelli,Consumer,United States,Los Angeles,California,90045,West,FUR-FU-10000732,Furniture,Furnishings,Eldon 200 Class Desk Accessories,18.84,3,0,8.59,11/27/2017,12/2/2017
0,TS-21205,CA-2014-160262,9/6/2014,13/06/2014,Second Class,Thomas Seio,Corporate,United States,North Las Vegas,Nevada,89031,West,FUR-FU-10002685,Furniture,Furnishings,"""Executive Impressions 13-1/2"""" Indoor/Outdoor Wall Clock""",37.4,2,0,8.56,6/9/2014,6/13/2014
0,BE-11455,CA-2015-122406,2/8/2015,5/8/2015,Second Class,Brad Eason,Home Office,United States,Providence,Rhode Island,2908,East,FUR-CH-10001973,Furniture,Chairs,Office Star Flex Back Scooter Chair with White Frame,110.98,1,0,8.55,8/2/2015,8/5/2015
0,KL-16555,US-2016-153815,6/11/2016,9/11/2016,First Class,Kelly Lampkin,Corporate,United States,Jacksonville,Florida,32216,South,FUR-CH-10000513,Furniture,Chairs,High-Back Leather Manager's Chair,207.98,2,0.2,8.55,11/6/2016,11/9/2016
0,KL-16555,US-2016-153815,6/11/2016,9/11/2016,First Class,Kelly Lampkin,Corporate,United States,Jacksonville,Florida,32216,South,FUR-FU-10004090,Furniture,Furnishings,"""Executive Impressions 14"""" Contract Wall Clock""",35.57,2,0.2,8.54,11/6/2016,11/9/2016
0,CL-12700,CA-2016-149279,24/04/2016,28/04/2016,Standard Class,Craig Leslie,Home Office,United States,Colorado Springs,Colorado,80906,West,FUR-CH-10004287,Furniture,Chairs,SAFCO Arco Folding Chair,1325.76,6,0.2,8.53,4/24/2016,4/28/2016
0,TS-21370,US-2017-139647,11/5/2017,13/05/2017,First Class,Todd Sumrall,Corporate,United States,Phoenix,Arizona,85023,West,FUR-BO-10004467,Furniture,Bookcases,Bestar Classic Bookcase,209.98,7,0.7,8.5,5/11/2017,5/13/2017
0,SS-20410,CA-2014-127558,15/11/2014,18/11/2014,First Class,Shahid Shariari,Consumer,United States,Los Angeles,California,90008,West,FUR-FU-10002505,Furniture,Furnishings,Eldon 100 Class Desk Accessories,10.11,3,0,8.3,11/15/2014,11/18/2014
0,RF-19735,US-2017-130953,29/07/2017,3/8/2017,Standard Class,Roland Fjeld,Consumer,United States,Oklahoma City,Oklahoma,73120,Central,FUR-CH-10004626,Furniture,Chairs,Office Star Flex Back Scooter Chair with Aluminum Finish Frame,302.67,3,0,8.3,7/29/2017,8/3/2017
0,BB-11545,CA-2016-155166,26/12/2016,2/1/2017,Standard Class,Brenda Bowman,Corporate,United States,Vineland,New Jersey,8360,East,FUR-CH-10003968,Furniture,Chairs,Novimex Turbo Task Chair,212.94,3,0,8.29,12/26/2016,1/2/2017
0,HR-14770,CA-2015-103954,9/8/2015,13/08/2015,Second Class,Hallie Redmond,Home Office,United States,Milwaukee,Wisconsin,53209,Central,FUR-BO-10004690,Furniture,Bookcases,O'Sullivan Cherrywood Estates Traditional Barrister Bookcase,687.4,5,0,8.22,8/9/2015,8/13/2015
0,AI-10855,CA-2016-158694,10/11/2016,13/11/2016,Second Class,Arianne Irving,Consumer,United States,Los Angeles,California,90036,West,FUR-FU-10000965,Furniture,Furnishings,"""Howard Miller 11-1/2"""" Diameter Ridgewood Wall Clock""",467.46,9,0,8.19,11/10/2016,11/13/2016
0,AH-10465,CA-2015-141243,3/1/2015,8/1/2015,Second Class,Amy Hunt,Consumer,United States,Dallas,Texas,75217,Central,FUR-BO-10003272,Furniture,Bookcases,O'Sullivan Living Dimensions 5-Shelf Bookcases,1352.4,9,0.32,8.12,1/3/2015,1/8/2015
0,SC-20380,CA-2017-142090,30/11/2017,7/12/2017,Standard Class,Shahid Collister,Consumer,United States,Burlington,North Carolina,27217,South,FUR-TA-10001889,Furniture,Tables,Bush Advantage Collection Racetrack Conference Table,1781.68,7,0.4,8.1,11/30/2017,12/7/2017
0,MA-17560,CA-2014-124478,8/8/2014,12/8/2014,Standard Class,Matt Abelman,Home Office,United States,Trenton,Michigan,48183,Central,FUR-FU-10002088,Furniture,Furnishings,Nu-Dell Float Frame 11 x 14 1/2,53.88,6,0,8.1,8/8/2014,8/12/2014
0,SV-20365,CA-2014-134572,20/04/2014,22/04/2014,Second Class,Seth Vernon,Consumer,United States,Houston,Texas,77070,Central,FUR-TA-10001705,Furniture,Tables,Bush Advantage Collection Round Conference Table,744.1,5,0.3,8.09,4/20/2014,4/22/2014
0,SV-20365,CA-2014-134572,20/04/2014,22/04/2014,Second Class,Seth Vernon,Consumer,United States,Houston,Texas,77070,Central,FUR-TA-10004442,Furniture,Tables,Riverside Furniture Stanwyck Manor Table Series,401.59,2,0.3,8.08,4/20/2014,4/22/2014
0,BK-11260,US-2014-140452,6/12/2014,10/12/2014,Standard Class,Berenike Kampe,Consumer,United States,Chicago,Illinois,60610,Central,FUR-TA-10004086,Furniture,Tables,KI Adjustable-Height Table,214.95,5,0.5,8.01,12/6/2014,12/10/2014
0,BK-11260,US-2014-140452,6/12/2014,10/12/2014,Standard Class,Berenike Kampe,Consumer,United States,Chicago,Illinois,60610,Central,FUR-FU-10002088,Furniture,Furnishings,Nu-Dell Float Frame 11 x 14 1/2,10.78,3,0.6,7.97,12/6/2014,12/10/2014
0,DM-13015,CA-2014-160766,14/09/2014,14/09/2014,Same Day,Darrin Martin,Consumer,United States,New York City,New York,10009,East,FUR-TA-10001039,Furniture,Tables,KI Adjustable-Height Table,464.29,9,0.4,7.89,9/14/2014,9/14/2014
0,BP-11185,CA-2017-146626,29/12/2017,5/1/2018,Standard Class,Ben Peterman,Corporate,United States,Anaheim,California,92804,West,FUR-FU-10002501,Furniture,Furnishings,Nu-Dell Executive Frame,101.12,8,0,7.82,12/29/2017,1/5/2018
0,JL-15835,CA-2017-161333,2/2/2017,7/2/2017,Standard Class,John Lee,Consumer,United States,Los Angeles,California,90045,West,FUR-FU-10003039,Furniture,Furnishings,"""Howard Miller 11-1/2"""" Diameter Grantwood Wall Clock""",86.26,2,0,7.77,2/2/2017,2/7/2017
0,JL-15175,CA-2017-128734,24/12/2017,31/12/2017,Standard Class,James Lanier,Home Office,United States,Chandler,Arizona,85224,West,FUR-FU-10001731,Furniture,Furnishings,Acrylic Self-Standing Desk Frames,8.54,4,0.2,7.77,12/24/2017,12/31/2017
0,JL-15175,CA-2017-128734,24/12/2017,31/12/2017,Standard Class,James Lanier,Home Office,United States,Chandler,Arizona,85224,West,FUR-CH-10001394,Furniture,Chairs,Global Leather Executive Chair,842.38,3,0.2,7.7,12/24/2017,12/31/2017
0,GH-14410,CA-2017-163006,30/06/2017,4/7/2017,Second Class,Gary Hansen,Home Office,United States,Chicago,Illinois,60653,Central,FUR-CH-10000229,Furniture,Chairs,Global Enterprise Series Seating High-Back Swivel/Tilt Chairs,569.06,3,0.3,7.7,6/30/2017,7/4/2017
0,GH-14410,CA-2017-163006,30/06/2017,4/7/2017,Second Class,Gary Hansen,Home Office,United States,Chicago,Illinois,60653,Central,FUR-FU-10003799,Furniture,Furnishings,"""Seth Thomas 13 1/2"""" Wall Clock""",14.22,2,0.6,7.69,6/30/2017,7/4/2017
0,TS-21430,CA-2014-111192,30/07/2014,5/8/2014,Standard Class,Tom Stivers,Corporate,United States,Seattle,Washington,98103,West,FUR-BO-10002916,Furniture,Bookcases,"""Rush Hierlooms Collection 1"""" Thick Stackable Bookcases""",1367.84,8,0,7.64,7/30/2014,8/5/2014
0,AJ-10945,CA-2016-115378,18/11/2016,23/11/2016,Second Class,Ashley Jarboe,Consumer,United States,Taylor,Michigan,48180,Central,FUR-CH-10000863,Furniture,Chairs,Novimex Swivel Fabric Task Chair,301.96,2,0,7.58,11/18/2016,11/23/2016
0,SJ-20215,CA-2015-161627,6/7/2015,11/7/2015,Standard Class,Sarah Jordon,Consumer,United States,Pasadena,California,91104,West,FUR-CH-10003968,Furniture,Chairs,Novimex Turbo Task Chair,170.35,3,0.2,7.58,7/6/2015,7/11/2015
0,SC-20020,CA-2014-121006,10/11/2014,16/11/2014,Standard Class,Sam Craven,Consumer,United States,Midland,Michigan,48640,Central,FUR-CH-10004997,Furniture,Chairs,Hon Every-Day Series Multi-Task Chairs,563.94,3,0,7.52,11/10/2014,11/16/2014
0,LA-16780,CA-2016-122903,27/05/2016,29/05/2016,Second Class,Laura Armstrong,Corporate,United States,Detroit,Michigan,48205,Central,FUR-CH-10002024,Furniture,Chairs,HON 5400 Series Task Chairs for Big and Tall,3504.9,5,0,7.5,5/27/2016,5/29/2016
0,CA-12265,CA-2017-106432,19/10/2017,24/10/2017,Standard Class,Christina Anderson,Consumer,United States,Waco,Texas,76706,Central,FUR-BO-10004360,Furniture,Bookcases,Rush Hierlooms Collection Rich Wood Bookcases,328.4,3,0.32,7.47,10/19/2017,10/24/2017
0,BT-11395,US-2015-120502,13/04/2015,19/04/2015,Standard Class,Bill Tyler,Corporate,United States,Los Angeles,California,90036,West,FUR-FU-10004973,Furniture,Furnishings,Flat Face Poster Frame,37.68,2,0,7.46,4/13/2015,4/19/2015
0,ZC-21910,CA-2015-115567,13/09/2015,18/09/2015,Standard Class,Zuschuss Carroll,Consumer,United States,Columbus,Indiana,47201,Central,FUR-CH-10000015,Furniture,Chairs,Hon Multipurpose Stacking Arm Chairs,1516.2,7,0,7.44,9/13/2015,9/18/2015
0,CS-12250,CA-2014-101560,28/11/2014,1/12/2014,Second Class,Chris Selesnick,Corporate,United States,Columbia,South Carolina,29203,South,FUR-FU-10003773,Furniture,Furnishings,Eldon Cleatmat Plus Chair Mats for High Pile Carpets,397.6,5,0,7.44,11/28/2014,12/1/2014
0,RE-19450,CA-2015-142454,15/08/2015,19/08/2015,Standard Class,Richard Eichhorn,Consumer,United States,Oakland,California,94601,West,FUR-FU-10004018,Furniture,Furnishings,Tensor Computer Mounted Lamp,104.23,7,0,7.39,8/15/2015,8/19/2015
0,CA-12775,CA-2017-145653,1/9/2017,1/9/2017,Same Day,Cynthia Arntzen,Consumer,United States,Detroit,Michigan,48205,Central,FUR-CH-10004875,Furniture,Chairs,Harbour Creations 67200 Series Stacking Chairs,498.26,7,0,7.38,9/1/2017,9/1/2017
0,AS-10090,CA-2016-119865,21/06/2016,26/06/2016,Standard Class,Adam Shillingsburg,Consumer,United States,New York City,New York,10011,East,FUR-BO-10003272,Furniture,Bookcases,O'Sullivan Living Dimensions 5-Shelf Bookcases,353.57,2,0.2,7.34,6/21/2016,6/26/2016
0,SA-20830,CA-2017-124436,19/03/2017,22/03/2017,Second Class,Sue Ann Reed,Consumer,United States,Fresno,California,93727,West,FUR-TA-10001095,Furniture,Tables,Chromcraft Round Conference Tables,697.16,5,0.2,7.3,3/19/2017,3/22/2017
0,LS-17200,CA-2014-115084,18/10/2014,22/10/2014,Standard Class,Luke Schmidt,Corporate,United States,Texarkana,Arkansas,71854,South,FUR-CH-10004626,Furniture,Chairs,Office Star Flex Back Scooter Chair with Aluminum Finish Frame,605.34,6,0,7.27,10/18/2014,10/22/2014
0,TM-21490,CA-2017-131037,22/08/2017,23/08/2017,First Class,Tony Molinari,Consumer,United States,San Francisco,California,94110,West,FUR-TA-10001768,Furniture,Tables,Hon Racetrack Conference Tables,210.01,1,0.2,7.23,8/22/2017,8/23/2017
0,DN-13690,CA-2014-166744,20/09/2014,24/09/2014,Standard Class,Duane Noonan,Consumer,United States,Columbia,Maryland,21044,East,FUR-BO-10001337,Furniture,Bookcases,O'Sullivan Living Dimensions 2-Shelf Bookcases,362.94,3,0,7.2,9/20/2014,9/24/2014
0,AH-10195,CA-2015-125185,5/3/2015,7/3/2015,Second Class,Alan Haines,Corporate,United States,Bethlehem,Pennsylvania,18018,East,FUR-FU-10003247,Furniture,Furnishings,36X48 HARDFLOOR CHAIRMAT,33.57,2,0.2,7.11,3/5/2015,3/7/2015
0,SV-20785,CA-2015-162887,7/11/2015,9/11/2015,Second Class,Stewart Visinsky,Consumer,United States,Burlington,Vermont,5408,East,FUR-CH-10000595,Furniture,Chairs,Safco Contoured Stacking Chairs,715.2,3,0,7.05,11/7/2015,11/9/2015
0,SP-20860,CA-2015-105158,5/9/2015,10/9/2015,Standard Class,Sung Pak,Corporate,United States,Rochester,Minnesota,55901,Central,FUR-FU-10001706,Furniture,Furnishings,Longer-Life Soft White Bulbs,6.16,2,0,7.01,9/5/2015,9/10/2015
0,LH-17020,CA-2017-105991,5/5/2017,6/5/2017,First Class,Lisa Hazard,Consumer,United States,Louisville,Colorado,80027,West,FUR-BO-10004467,Furniture,Bookcases,Bestar Classic Bookcase,89.99,3,0.7,7,5/5/2017,5/6/2017
0,KT-16465,CA-2014-146283,8/9/2014,15/09/2014,Standard Class,Kean Takahito,Consumer,United States,Houston,Texas,77036,Central,FUR-CH-10004287,Furniture,Chairs,SAFCO Arco Folding Chair,966.7,5,0.3,6.97,9/8/2014,9/15/2014
0,MC-18100,CA-2015-111073,26/12/2015,30/12/2015,Standard Class,Mick Crebagga,Consumer,United States,Medina,Ohio,44256,East,FUR-TA-10004086,Furniture,Tables,KI Adjustable-Height Table,51.59,1,0.4,6.91,12/26/2015,12/30/2015
0,TM-21490,CA-2017-108791,27/07/2017,31/07/2017,Standard Class,Tony Molinari,Consumer,United States,Yonkers,New York,10701,East,FUR-FU-10004018,Furniture,Furnishings,Tensor Computer Mounted Lamp,14.89,1,0,6.91,7/27/2017,7/31/2017
0,AH-10690,CA-2016-113831,30/05/2016,3/6/2016,Standard Class,Anna HŠberlin,Corporate,United States,Springfield,Virginia,22153,South,FUR-TA-10002645,Furniture,Tables,Hon Rectangular Conference Tables,2275.5,10,0,6.91,5/30/2016,6/3/2016
0,AB-10165,US-2014-139500,16/11/2014,20/11/2014,Standard Class,Alan Barnes,Consumer,United States,Decatur,Illinois,62521,Central,FUR-CH-10002017,Furniture,Chairs,SAFCO Optional Arm Kit for Workspace Cribbage Stacking Chair,37.3,2,0.3,6.9,11/16/2014,11/20/2014
0,JS-15940,US-2014-166310,21/09/2014,23/09/2014,First Class,Joni Sundaresam,Home Office,United States,Garland,Texas,75043,Central,FUR-FU-10001546,Furniture,Furnishings,Dana Swing-Arm Lamps,8.54,2,0.6,6.89,9/21/2014,9/23/2014
0,BV-11245,US-2016-168410,21/02/2016,26/02/2016,Standard Class,Benjamin Venier,Corporate,United States,Oceanside,New York,11572,East,FUR-FU-10000629,Furniture,Furnishings,9-3/4 Diameter Round Wall Clock,68.95,5,0,6.85,2/21/2016,2/26/2016
0,DJ-13510,CA-2017-137876,30/04/2017,5/5/2017,Standard Class,Don Jones,Corporate,United States,San Francisco,California,94110,West,FUR-FU-10000222,Furniture,Furnishings,"""Seth Thomas 16"""" Steel Case Clock""",64.96,2,0,6.83,4/30/2017,5/5/2017
0,Dp-13240,US-2017-162558,2/10/2017,5/10/2017,First Class,Dean percer,Home Office,United States,Knoxville,Tennessee,37918,South,FUR-FU-10004864,Furniture,Furnishings,Eldon 500 Class Desk Accessories,9.66,1,0.2,6.7,10/2/2017,10/5/2017
0,Dp-13240,US-2017-162558,2/10/2017,5/10/2017,First Class,Dean percer,Home Office,United States,Knoxville,Tennessee,37918,South,FUR-TA-10000198,Furniture,Tables,Chromcraft Bull-Nose Wood Oval Conference Tables & Bases,2314.12,7,0.4,6.59,10/2/2017,10/5/2017
0,CV-12295,CA-2016-123120,4/9/2016,8/9/2016,Standard Class,Christina VanderZanden,Consumer,United States,New York City,New York,10011,East,FUR-FU-10004748,Furniture,Furnishings,"""Howard Miller 16"""" Diameter Gallery Wall Clock""",63.94,1,0,6.55,9/4/2016,9/8/2016
0,KB-16315,CA-2014-103331,26/08/2014,1/9/2014,Standard Class,Karl Braun,Consumer,United States,Newark,Delaware,19711,East,FUR-FU-10001731,Furniture,Furnishings,Acrylic Self-Standing Desk Frames,10.68,4,0,6.55,8/26/2014,9/1/2014
0,DW-13585,US-2017-126060,14/04/2017,18/04/2017,Standard Class,Dorothy Wardle,Corporate,United States,Fayetteville,North Carolina,28314,South,FUR-BO-10003433,Furniture,Bookcases,Sauder Cornerstone Collection Library,198.27,8,0.2,6.53,4/14/2017,4/18/2017
0,CD-11920,CA-2016-122017,29/12/2016,2/1/2017,Standard Class,Carlos Daly,Consumer,United States,Wichita,Kansas,67212,Central,FUR-FU-10000672,Furniture,Furnishings,"""Executive Impressions 10"""" Spectator Wall Clock""",70.56,6,0,6.49,12/29/2016,1/2/2017
0,NH-18610,US-2017-136721,8/4/2017,12/4/2017,Standard Class,Nicole Hansen,Corporate,United States,Oak Park,Michigan,48237,Central,FUR-FU-10004188,Furniture,Furnishings,Luxo Professional Combination Clamp-On Lamps,306.9,3,0,6.43,4/8/2017,4/12/2017
0,AG-10495,CA-2015-118738,24/10/2015,30/10/2015,Standard Class,Andrew Gjertsen,Corporate,United States,Houston,Texas,77041,Central,FUR-TA-10002607,Furniture,Tables,KI Conference Tables,347.36,7,0.3,6.42,10/24/2015,10/30/2015
0,GR-14560,US-2014-123183,19/11/2014,25/11/2014,Standard Class,Georgia Rosenberg,Corporate,United States,Wilmington,Delaware,19805,East,FUR-BO-10000362,Furniture,Bookcases,Sauder Inglewood Library Bookcases,1025.88,6,0,6.42,11/19/2014,11/25/2014
0,EB-13750,US-2016-147340,24/09/2016,24/09/2016,Same Day,Edward Becker,Corporate,United States,San Francisco,California,94110,West,FUR-FU-10002501,Furniture,Furnishings,Nu-Dell Executive Frame,63.2,5,0,6.42,9/24/2016,9/24/2016
0,HF-14995,CA-2016-117681,9/4/2016,14/04/2016,Standard Class,Herbert Flentye,Consumer,United States,Los Angeles,California,90004,West,FUR-BO-10001798,Furniture,Bookcases,Bush Somerset Collection Bookcase,556.67,5,0.15,6.42,4/9/2016,4/14/2016
0,NM-18520,CA-2016-153598,3/12/2016,6/12/2016,First Class,Neoma Murray,Consumer,United States,Los Angeles,California,90045,West,FUR-FU-10001085,Furniture,Furnishings,3M Polarizing Light Filter Sleeves,111.9,6,0,6.39,12/3/2016,12/6/2016
0,PR-18880,CA-2014-136861,5/9/2014,7/9/2014,First Class,Patrick Ryan,Consumer,United States,Saint Petersburg,Florida,33710,South,FUR-FU-10001967,Furniture,Furnishings,Telescoping Adjustable Floor Lamp,31.98,2,0.2,6.38,9/5/2014,9/7/2014
0,DM-13525,CA-2014-103317,5/7/2014,8/7/2014,First Class,Don Miller,Corporate,United States,Palm Coast,Florida,32137,South,FUR-FU-10001591,Furniture,Furnishings,Advantus Panel Wall Certificate Holder - 8.5x11,19.52,2,0.2,6.37,7/5/2014,7/8/2014
0,DM-13525,CA-2014-103317,5/7/2014,8/7/2014,First Class,Don Miller,Corporate,United States,Palm Coast,Florida,32137,South,FUR-FU-10003192,Furniture,Furnishings,Luxo Adjustable Task Clamp Lamp,213.22,3,0.2,6.37,7/5/2014,7/8/2014
0,TA-21385,US-2014-119081,12/9/2014,19/09/2014,Standard Class,Tom Ashbrook,Home Office,United States,Olathe,Kansas,66062,Central,FUR-FU-10003464,Furniture,Furnishings,"""Seth Thomas 8 1/2"""" Cubicle Clock""",40.56,2,0,6.36,9/12/2014,9/19/2014
0,BS-11755,CA-2017-130631,29/12/2017,2/1/2018,Standard Class,Bruce Stewart,Consumer,United States,Edmonds,Washington,98026,West,FUR-FU-10004093,Furniture,Furnishings,Hand-Finished Solid Wood Document Frame,68.46,2,0,6.29,12/29/2017,1/2/2018
0,BD-11725,CA-2017-101574,28/09/2017,4/10/2017,Standard Class,Bruce Degenhardt,Consumer,United States,Los Angeles,California,90032,West,FUR-FU-10001706,Furniture,Furnishings,Longer-Life Soft White Bulbs,9.24,3,0,6.26,9/28/2017,10/4/2017
0,TS-21340,CA-2014-146591,19/01/2014,20/01/2014,First Class,Toby Swindell,Consumer,United States,Scottsdale,Arizona,85254,West,FUR-BO-10001972,Furniture,Bookcases,O'Sullivan 4-Shelf Bookcase in Odessa Pine,181.47,5,0.7,6.26,1/19/2014,1/20/2014
0,TS-21505,CA-2017-116946,19/12/2017,23/12/2017,Standard Class,Tony Sayre,Consumer,United States,Parker,Colorado,80134,West,FUR-FU-10000320,Furniture,Furnishings,OIC Stacking Trays,13.36,5,0.2,6.22,12/19/2017,12/23/2017
0,TS-21505,CA-2017-116946,19/12/2017,23/12/2017,Standard Class,Tony Sayre,Consumer,United States,Parker,Colorado,80134,West,FUR-BO-10000468,Furniture,Bookcases,O'Sullivan 2-Shelf Heavy-Duty Bookcases,102.02,7,0.7,6.22,12/19/2017,12/23/2017
0,MM-18055,CA-2017-164378,15/07/2017,18/07/2017,Second Class,Michelle Moray,Consumer,United States,New York City,New York,10024,East,FUR-CH-10002084,Furniture,Chairs,Hon Mobius Operator's Chair,664.15,6,0.1,6.09,7/15/2017,7/18/2017
0,TH-21115,CA-2017-127782,2/11/2017,6/11/2017,Standard Class,Thea Hudgings,Corporate,United States,Philadelphia,Pennsylvania,19140,East,FUR-FU-10001847,Furniture,Furnishings,Eldon Image Series Black Desk Accessories,3.31,1,0.2,6.07,11/2/2017,11/6/2017
0,MS-17980,CA-2017-117667,4/12/2017,9/12/2017,Standard Class,Michael Stewart,Corporate,United States,Philadelphia,Pennsylvania,19134,East,FUR-CH-10004540,Furniture,Chairs,Global Chrome Stack Chair,239.96,10,0.3,6.07,12/4/2017,12/9/2017
0,MS-17980,CA-2017-117667,4/12/2017,9/12/2017,Standard Class,Michael Stewart,Corporate,United States,Philadelphia,Pennsylvania,19134,East,FUR-FU-10004093,Furniture,Furnishings,Hand-Finished Solid Wood Document Frame,54.77,2,0.2,6.07,12/4/2017,12/9/2017
0,LE-16810,US-2017-150595,22/05/2017,26/05/2017,Standard Class,Laurel Elliston,Consumer,United States,Chicago,Illinois,60653,Central,FUR-CH-10000513,Furniture,Chairs,High-Back Leather Manager's Chair,181.99,2,0.3,6.07,5/22/2017,5/26/2017
0,DB-12970,US-2014-159618,12/11/2014,16/11/2014,Standard Class,Darren Budd,Corporate,United States,Houston,Texas,77036,Central,FUR-BO-10004467,Furniture,Bookcases,Bestar Classic Bookcase,67.99,1,0.32,6.03,11/12/2014,11/16/2014
0,KD-16495,CA-2015-125066,14/12/2015,18/12/2015,Standard Class,Keith Dawkins,Corporate,United States,Jackson,Mississippi,39212,South,FUR-FU-10003829,Furniture,Furnishings,Stackable Trays,6.16,2,0,6.03,12/14/2015,12/18/2015
0,SU-20665,CA-2017-157966,13/03/2017,13/03/2017,Same Day,Stephanie Ulpright,Home Office,United States,Chicago,Illinois,60610,Central,FUR-CH-10003606,Furniture,Chairs,SAFCO Folding Chair Trolley,89.77,1,0.3,5.94,3/13/2017,3/13/2017
0,RF-19840,CA-2016-136686,12/12/2016,16/12/2016,Standard Class,Roy Franzšsisch,Consumer,United States,Pasadena,California,91104,West,FUR-FU-10004864,Furniture,Furnishings,"""Howard Miller 14-1/2"""" Diameter Chrome Round Wall Clock""",383.64,6,0,5.94,12/12/2016,12/16/2016
0,LC-17050,CA-2017-137498,9/9/2017,14/09/2017,Second Class,Liz Carlisle,Consumer,United States,Los Angeles,California,90004,West,FUR-CH-10003833,Furniture,Chairs,Novimex Fabric Task Chair,243.92,5,0.2,5.93,9/9/2017,9/14/2017
0,PS-18970,CA-2017-163818,4/10/2017,8/10/2017,Standard Class,Paul Stevenson,Home Office,United States,Clinton,Maryland,20735,East,FUR-FU-10000076,Furniture,Furnishings,24-Hour Round Wall Clock,19.98,1,0,5.87,10/4/2017,10/8/2017
0,JO-15280,CA-2014-116673,15/12/2014,19/12/2014,Second Class,Jas O'Carroll,Consumer,United States,San Diego,California,92037,West,FUR-FU-10003829,Furniture,Furnishings,Stackable Trays,6.16,2,0,5.8,12/15/2014,12/19/2014
0,FM-14215,CA-2016-134516,20/09/2016,25/09/2016,Standard Class,Filia McAdams,Corporate,United States,Greensboro,North Carolina,27405,South,FUR-FU-10001546,Furniture,Furnishings,Dana Swing-Arm Lamps,17.09,2,0.2,5.79,9/20/2016,9/25/2016
0,DV-13045,CA-2017-125745,30/06/2017,4/7/2017,Standard Class,Darrin Van Huff,Corporate,United States,Memphis,Tennessee,38109,South,FUR-FU-10001591,Furniture,Furnishings,Advantus Panel Wall Certificate Holder - 8.5x11,19.52,2,0.2,5.78,6/30/2017,7/4/2017
0,SC-20695,US-2016-124163,25/09/2016,30/09/2016,Standard Class,Steve Chapman,Corporate,United States,La Crosse,Wisconsin,54601,Central,FUR-FU-10000755,Furniture,Furnishings,Eldon Expressions Mahogany Wood Desk Collection,68.64,11,0,5.66,9/25/2016,9/30/2016
0,PP-18955,CA-2014-126683,29/09/2014,1/10/2014,Second Class,Paul Prost,Home Office,United States,Seattle,Washington,98115,West,FUR-FU-10001706,Furniture,Furnishings,Longer-Life Soft White Bulbs,6.16,2,0,5.59,9/29/2014,10/1/2014
0,DR-12880,CA-2017-148810,26/06/2017,1/7/2017,Standard Class,Dan Reichenbach,Corporate,United States,Miami,Florida,33180,South,FUR-CH-10001545,Furniture,Chairs,Hon Comfortask Task/Swivel Chairs,273.55,3,0.2,5.53,6/26/2017,7/1/2017
0,RB-19465,US-2016-146066,21/08/2016,23/08/2016,Second Class,Rick Bensley,Home Office,United States,Philadelphia,Pennsylvania,19143,East,FUR-TA-10002530,Furniture,Tables,"""Iceberg OfficeWorks 42"""" Round Tables""",815.29,9,0.4,5.52,8/21/2016,8/23/2016
0,NF-18385,CA-2014-127614,11/2/2014,15/02/2014,Standard Class,Natalie Fritzler,Consumer,United States,Chesapeake,Virginia,23320,South,FUR-TA-10003715,Furniture,Tables,Hon 2111 Invitation Series Corner Table,1256.22,6,0,5.52,2/11/2014,2/15/2014
0,GM-14440,CA-2014-154893,21/12/2014,27/12/2014,Standard Class,Gary McGarr,Consumer,United States,San Diego,California,92024,West,FUR-CH-10004287,Furniture,Chairs,SAFCO Arco Folding Chair,1325.76,6,0.2,5.48,12/21/2014,12/27/2014
0,GM-14440,CA-2014-154893,21/12/2014,27/12/2014,Standard Class,Gary McGarr,Consumer,United States,San Diego,California,92024,West,FUR-CH-10000595,Furniture,Chairs,Safco Contoured Stacking Chairs,572.16,3,0.2,5.43,12/21/2014,12/27/2014
0,DB-12910,CA-2016-127985,1/4/2016,5/4/2016,Second Class,Daniel Byrd,Home Office,United States,Columbus,Georgia,31907,South,FUR-FU-10003274,Furniture,Furnishings,Regeneration Desk Collection,7.04,4,0,5.37,4/1/2016,4/5/2016
0,HM-14860,CA-2017-127117,14/04/2017,19/04/2017,Standard Class,Harry Marie,Corporate,United States,Morristown,New Jersey,7960,East,FUR-FU-10004018,Furniture,Furnishings,Tensor Computer Mounted Lamp,74.45,5,0,5.37,4/14/2017,4/19/2017
0,AG-10495,CA-2015-104241,4/1/2015,9/1/2015,Standard Class,Andrew Gjertsen,Corporate,United States,Alexandria,Virginia,22304,South,FUR-FU-10001473,Furniture,Furnishings,DAX Wood Document Frame,192.22,14,0,5.28,1/4/2015,1/9/2015
0,AH-10120,CA-2016-145261,18/12/2016,21/12/2016,First Class,Adrian Hane,Home Office,United States,Salem,Oregon,97301,West,FUR-TA-10002530,Furniture,Tables,"""Iceberg OfficeWorks 42"""" Round Tables""",377.45,5,0.5,5.23,12/18/2016,12/21/2016
0,CL-12700,CA-2016-108875,24/09/2016,1/10/2016,Standard Class,Craig Leslie,Home Office,United States,Aurora,Colorado,80013,West,FUR-FU-10002671,Furniture,Furnishings,Electrix 20W Halogen Replacement Bulb for Zoom-In Desk Lamp,21.44,2,0.2,5.2,9/24/2016,10/1/2016
0,TG-21640,CA-2015-141012,9/6/2015,11/6/2015,Second Class,Trudy Glocke,Consumer,United States,Pocatello,Idaho,83201,West,FUR-FU-10003192,Furniture,Furnishings,Luxo Adjustable Task Clamp Lamp,355.36,4,0,5.19,6/9/2015,6/11/2015
0,ZC-21910,CA-2014-126802,29/12/2014,5/1/2015,Standard Class,Zuschuss Carroll,Consumer,United States,Chicago,Illinois,60610,Central,FUR-FU-10000193,Furniture,Furnishings,Tenex Chairmats For Use with Hard Floors,38.98,3,0.6,5.19,12/29/2014,1/5/2015
0,KM-16225,US-2015-138093,10/12/2015,16/12/2015,Standard Class,Kalyca Meade,Corporate,United States,Baltimore,Maryland,21215,East,FUR-CH-10000785,Furniture,Chairs,Global Ergonomic Managers Chair,542.94,3,0,5.16,12/10/2015,12/16/2015
0,AH-10465,CA-2016-126165,5/5/2016,7/5/2016,Second Class,Amy Hunt,Consumer,United States,San Francisco,California,94109,West,FUR-TA-10001676,Furniture,Tables,Hon 61000 Series Interactive Training Tables,71.09,2,0.2,5.14,5/5/2016,5/7/2016
0,SS-20875,US-2014-123519,14/12/2014,21/12/2014,Standard Class,Sung Shariari,Consumer,United States,Marion,Ohio,43302,East,FUR-TA-10002645,Furniture,Tables,Hon Rectangular Conference Tables,136.53,1,0.4,5.14,12/14/2014,12/21/2014
0,NW-18400,US-2015-160857,8/5/2015,15/05/2015,Standard Class,Natalie Webber,Consumer,United States,New York City,New York,10024,East,FUR-FU-10001095,Furniture,Furnishings,DAX Black Cherry Wood-Tone Poster Frame,79.44,3,0,5.13,5/8/2015,5/15/2015
0,DH-13075,US-2017-147886,28/03/2017,31/03/2017,First Class,Dave Hallsten,Corporate,United States,Fairfield,California,94533,West,FUR-FU-10001095,Furniture,Furnishings,DAX Black Cherry Wood-Tone Poster Frame,26.48,1,0,4.91,3/28/2017,3/31/2017
0,DH-13075,US-2017-147886,28/03/2017,31/03/2017,First Class,Dave Hallsten,Corporate,United States,Fairfield,California,94533,West,FUR-FU-10003829,Furniture,Furnishings,Stackable Trays,21.56,7,0,4.86,3/28/2017,3/31/2017
0,SS-20410,CA-2014-145800,30/05/2014,5/6/2014,Standard Class,Shahid Shariari,Consumer,United States,Buffalo Grove,Illinois,60089,Central,FUR-TA-10001539,Furniture,Tables,Chromcraft Rectangular Conference Tables,355.46,3,0.5,4.86,5/30/2014,6/5/2014
0,LC-17050,CA-2016-118514,3/2/2016,10/2/2016,Standard Class,Liz Carlisle,Consumer,United States,Richmond,Kentucky,40475,South,FUR-CH-10000015,Furniture,Chairs,Hon Multipurpose Stacking Arm Chairs,866.4,4,0,4.84,2/3/2016,2/10/2016
0,BW-11065,CA-2015-119634,11/8/2015,16/08/2015,Standard Class,Barry Weirich,Consumer,United States,Raleigh,North Carolina,27604,South,FUR-FU-10004270,Furniture,Furnishings,"""Executive Impressions 13"""" Clairmont Wall Clock""",46.15,3,0.2,4.84,8/11/2015,8/16/2015
0,JM-16195,CA-2017-158169,12/8/2017,15/08/2017,First Class,Justin MacKendrick,Consumer,United States,Lake Forest,California,92630,West,FUR-FU-10001473,Furniture,Furnishings,DAX Wood Document Frame,54.92,4,0,4.8,8/12/2017,8/15/2017
0,FH-14365,CA-2015-162047,3/11/2015,5/11/2015,First Class,Fred Hopkins,Corporate,United States,Long Beach,New York,11561,East,FUR-CH-10004983,Furniture,Chairs,Office Star - Mid Back Dual function Ergonomic High Back Chair with 2-Way Adjustable Arms,1448.82,10,0.1,4.8,11/3/2015,11/5/2015
0,BP-11290,CA-2016-142398,12/4/2016,16/04/2016,Standard Class,Beth Paige,Consumer,United States,Los Angeles,California,90036,West,FUR-CH-10001545,Furniture,Chairs,Hon Comfortask Task/Swivel Chairs,638.29,7,0.2,4.77,4/12/2016,4/16/2016
0,AP-10915,CA-2014-105270,11/11/2014,18/11/2014,Standard Class,Arthur Prichep,Consumer,United States,Los Angeles,California,90008,West,FUR-CH-10000988,Furniture,Chairs,Hon Olson Stacker Stools,112.65,1,0.2,4.73,11/11/2014,11/18/2014
0,JK-16090,CA-2017-141117,2/10/2017,8/10/2017,Standard Class,Juliana Krohn,Consumer,United States,Springfield,Oregon,97477,West,FUR-BO-10001972,Furniture,Bookcases,O'Sullivan 4-Shelf Bookcase in Odessa Pine,217.76,6,0.7,4.68,10/2/2017,10/8/2017
0,MG-18205,CA-2017-115070,10/4/2017,14/04/2017,Second Class,Mitch Gastineau,Corporate,United States,Jacksonville,Florida,32216,South,FUR-FU-10003829,Furniture,Furnishings,Stackable Trays,12.32,5,0.2,4.66,4/10/2017,4/14/2017
0,PG-18820,CA-2017-140186,29/09/2017,2/10/2017,First Class,Patrick Gardner,Consumer,United States,Bakersfield,California,93309,West,FUR-FU-10004848,Furniture,Furnishings,"""Howard Miller 13-3/4"""" Diameter Brushed Chrome Round Wall Clock""",51.75,1,0,4.62,9/29/2017,10/2/2017
0,LD-17005,CA-2014-124856,29/09/2014,3/10/2014,Second Class,Lisa DeCherney,Consumer,United States,New York City,New York,10011,East,FUR-FU-10000521,Furniture,Furnishings,"""Seth Thomas 14"""" Putty-Colored Wall Clock""",117.36,4,0,4.62,9/29/2014,10/3/2014
0,JD-16150,US-2015-163279,22/03/2015,26/03/2015,Standard Class,Justin Deggeller,Corporate,United States,San Diego,California,92037,West,FUR-FU-10000747,Furniture,Furnishings,Tenex B1-RE Series Chair Mats for Low Pile Carpets,91.96,2,0,4.47,3/22/2015,3/26/2015
0,KB-16405,CA-2017-161067,3/9/2017,6/9/2017,Second Class,Katrina Bavinger,Home Office,United States,New York City,New York,10035,East,FUR-CH-10004626,Furniture,Chairs,Office Star Flex Back Scooter Chair with Aluminum Finish Frame,90.8,1,0.1,4.47,9/3/2017,9/6/2017
0,KB-16405,CA-2017-161067,3/9/2017,6/9/2017,Second Class,Katrina Bavinger,Home Office,United States,New York City,New York,10035,East,FUR-CH-10004860,Furniture,Chairs,Global Low Back Tilter Chair,181.76,2,0.1,4.44,9/3/2017,9/6/2017
0,MM-17920,CA-2016-122063,3/12/2016,7/12/2016,Standard Class,Michael Moore,Consumer,United States,Richmond,Indiana,47374,Central,FUR-TA-10004575,Furniture,Tables,Hon 5100 Series Wood Tables,581.96,2,0,4.44,12/3/2016,12/7/2016
0,BS-11665,CA-2015-126725,17/11/2015,21/11/2015,Standard Class,Brian Stugart,Consumer,United States,San Diego,California,92105,West,FUR-CH-10001708,Furniture,Chairs,Office Star - Contemporary Swivel Chair with Padded Adjustable Arms and Flex Back,225.57,2,0.2,4.35,11/17/2015,11/21/2015
0,BS-11665,CA-2015-126725,17/11/2015,21/11/2015,Standard Class,Brian Stugart,Consumer,United States,San Diego,California,92105,West,FUR-FU-10001591,Furniture,Furnishings,Advantus Panel Wall Certificate Holder - 8.5x11,36.6,3,0,4.35,11/17/2015,11/21/2015
0,PO-19180,CA-2015-121783,10/11/2015,14/11/2015,Standard Class,Philisse Overcash,Home Office,United States,Roseville,Minnesota,55113,Central,FUR-FU-10004351,Furniture,Furnishings,Staple-based wall hangings,29.22,3,0,4.34,11/10/2015,11/14/2015
0,MS-17530,CA-2015-108119,1/11/2015,8/11/2015,Standard Class,MaryBeth Skach,Consumer,United States,Conway,Arkansas,72032,South,FUR-TA-10002530,Furniture,Tables,"""Iceberg OfficeWorks 42"""" Round Tables""",301.96,2,0,4.28,11/1/2015,11/8/2015
0,RS-19420,US-2014-117968,5/8/2014,7/8/2014,Second Class,Ricardo Sperren,Corporate,United States,Meriden,Connecticut,6450,East,FUR-CH-10002335,Furniture,Chairs,Hon GuestStacker Chair,1133.35,5,0,4.28,8/5/2014,8/7/2014
0,MA-17995,CA-2016-152247,7/11/2016,12/11/2016,Standard Class,Michelle Arnett,Home Office,United States,Cheyenne,Wyoming,82001,West,FUR-CH-10001215,Furniture,Chairs,Global Troy Executive Leather Low-Back Tilter,1603.14,4,0.2,4.28,11/7/2016,11/12/2016
0,JW-15220,CA-2016-133935,18/09/2016,22/09/2016,Standard Class,Jane Waco,Corporate,United States,San Diego,California,92105,West,FUR-CH-10001215,Furniture,Chairs,Global Troy Executive Leather Low-Back Tilter,801.57,2,0.2,4.26,9/18/2016,9/22/2016
0,ZD-21925,CA-2016-167682,3/4/2016,9/4/2016,Standard Class,Zuschuss Donatelli,Consumer,United States,Richmond,Indiana,47374,Central,FUR-FU-10003799,Furniture,Furnishings,"""Seth Thomas 13 1/2"""" Wall Clock""",71.12,4,0,4.2,4/3/2016,4/9/2016
0,PC-18745,CA-2016-159639,27/11/2016,2/12/2016,Standard Class,Pamela Coakley,Corporate,United States,Westfield,New Jersey,7090,East,FUR-FU-10001889,Furniture,Furnishings,Ultra Door Pull Handle,31.56,3,0,4.14,11/27/2016,12/2/2016
0,PF-19120,US-2015-126977,17/09/2015,23/09/2015,Standard Class,Peter Fuller,Consumer,United States,New York City,New York,10035,East,FUR-CH-10001973,Furniture,Chairs,Office Star Flex Back Scooter Chair with White Frame,199.76,2,0.1,4.1,9/17/2015,9/23/2015
0,PF-19120,US-2015-126977,17/09/2015,23/09/2015,Standard Class,Peter Fuller,Consumer,United States,New York City,New York,10035,East,FUR-BO-10002213,Furniture,Bookcases,DMI Eclipse Executive Suite Bookcases,2003.92,5,0.2,4.04,9/17/2015,9/23/2015
0,DB-13555,CA-2014-114314,11/10/2014,15/10/2014,Standard Class,Dorothy Badders,Corporate,United States,Fayetteville,Arkansas,72701,South,FUR-FU-10002107,Furniture,Furnishings,Eldon Pizzaz Desk Accessories,8.92,4,0,4.02,10/11/2014,10/15/2014
0,RL-19615,US-2017-169551,7/7/2017,9/7/2017,First Class,Rob Lucas,Consumer,United States,Philadelphia,Pennsylvania,19120,East,FUR-BO-10001519,Furniture,Bookcases,O'Sullivan 3-Shelf Heavy-Duty Bookcases,87.21,3,0.5,4.01,7/7/2017,7/9/2017
0,DK-13225,CA-2016-127138,12/3/2016,15/03/2016,Second Class,Dean Katz,Corporate,United States,San Francisco,California,94109,West,FUR-CH-10003746,Furniture,Chairs,Hon 4070 Series Pagoda Round Back Stacking Chairs,770.35,3,0.2,3.95,3/12/2016,3/15/2016
0,CC-12145,CA-2014-141726,20/07/2014,22/07/2014,First Class,Charles Crestani,Consumer,United States,San Diego,California,92105,West,FUR-FU-10003577,Furniture,Furnishings,Nu-Dell Leatherette Frames,43.02,3,0,3.92,7/20/2014,7/22/2014
0,RB-19465,CA-2014-117765,7/9/2014,13/09/2014,Standard Class,Rick Bensley,Home Office,United States,Tulsa,Oklahoma,74133,Central,FUR-TA-10001039,Furniture,Tables,KI Adjustable-Height Table,429.9,5,0,3.9,9/7/2014,9/13/2014
0,JS-16030,CA-2016-163776,19/07/2016,25/07/2016,Standard Class,Joy Smith,Consumer,United States,Hattiesburg,Mississippi,39401,South,FUR-BO-10003546,Furniture,Bookcases,Hon 4-Shelf Metal Bookcases,504.9,5,0,3.84,7/19/2016,7/25/2016
0,ES-14020,US-2017-163300,15/09/2017,21/09/2017,Standard Class,Erica Smith,Consumer,United States,Los Angeles,California,90049,West,FUR-CH-10003396,Furniture,Chairs,Global Deluxe Steno Chair,184.75,3,0.2,3.79,9/15/2017,9/21/2017
0,SH-19975,US-2014-112991,10/12/2014,14/12/2014,Standard Class,Sally Hughsby,Corporate,United States,Caldwell,Idaho,83605,West,FUR-CH-10001708,Furniture,Chairs,Office Star - Contemporary Swivel Chair with Padded Adjustable Arms and Flex Back,338.35,3,0.2,3.77,12/10/2014,12/14/2014
0,AY-10555,CA-2014-102652,6/4/2014,12/4/2014,Standard Class,Andy Yotov,Corporate,United States,Los Angeles,California,90049,West,FUR-FU-10000747,Furniture,Furnishings,Tenex B1-RE Series Chair Mats for Low Pile Carpets,91.96,2,0,3.67,4/6/2014,4/12/2014
0,AY-10555,CA-2014-102652,6/4/2014,12/4/2014,Standard Class,Andy Yotov,Corporate,United States,Los Angeles,California,90049,West,FUR-FU-10001918,Furniture,Furnishings,C-Line Cubicle Keepers Polyproplyene Holder With Velcro Backings,33.11,7,0,3.66,4/6/2014,4/12/2014
0,AH-10585,US-2017-152492,6/7/2017,6/7/2017,Same Day,Angele Hood,Consumer,United States,Miami,Florida,33142,South,FUR-CH-10000155,Furniture,Chairs,Global Comet Stacking Armless Chair,239.24,1,0.2,3.59,7/6/2017,7/6/2017
0,AA-10645,CA-2016-131205,4/9/2016,8/9/2016,Standard Class,Anna Andreadi,Consumer,United States,Georgetown,Kentucky,40324,South,FUR-FU-10003347,Furniture,Furnishings,Coloredge Poster Frame,42.6,3,0,3.52,9/4/2016,9/8/2016
0,TB-21520,CA-2016-117912,4/2/2016,8/2/2016,Standard Class,Tracy Blumstein,Consumer,United States,Sierra Vista,Arizona,85635,West,FUR-FU-10002088,Furniture,Furnishings,Nu-Dell Float Frame 11 x 14 1/2,14.37,2,0.2,3.48,2/4/2016,2/8/2016
0,AH-10075,CA-2017-145702,19/05/2017,24/05/2017,Second Class,Adam Hart,Corporate,United States,Knoxville,Tennessee,37918,South,FUR-CH-10001482,Furniture,Chairs,Office Star - Mesh Screen back chair with Vinyl seat,314.35,3,0.2,3.46,5/19/2017,5/24/2017
0,CC-12430,CA-2017-166695,20/05/2017,24/05/2017,Standard Class,Chuck Clark,Home Office,United States,Lakewood,California,90712,West,FUR-FU-10002191,Furniture,Furnishings,G.E. Halogen Desk Lamp Bulbs,6.98,1,0,3.35,5/20/2017,5/24/2017
0,PG-18820,CA-2016-151561,1/9/2016,7/9/2016,Standard Class,Patrick Gardner,Consumer,United States,New York City,New York,10011,East,FUR-FU-10004864,Furniture,Furnishings,"""Howard Miller 14-1/2"""" Diameter Chrome Round Wall Clock""",191.82,3,0,3.34,9/1/2016,9/7/2016
0,EH-13945,CA-2015-114048,14/12/2015,18/12/2015,Standard Class,Eric Hoffmann,Consumer,United States,Costa Mesa,California,92627,West,FUR-FU-10004351,Furniture,Furnishings,Staple-based wall hangings,29.22,3,0,3.29,12/14/2015,12/18/2015
0,SV-20365,CA-2017-100111,20/09/2017,26/09/2017,Standard Class,Seth Vernon,Consumer,United States,New York City,New York,10035,East,FUR-CH-10003846,Furniture,Chairs,Hon Valutask Swivel Chairs,272.65,3,0.1,3.28,9/20/2017,9/26/2017
0,SV-20365,CA-2017-100111,20/09/2017,26/09/2017,Standard Class,Seth Vernon,Consumer,United States,New York City,New York,10035,East,FUR-CH-10004086,Furniture,Chairs,Hon 4070 Series Pagoda Armless Upholstered Stacking Chairs,2888.13,11,0.1,3.24,9/20/2017,9/26/2017
0,SV-20365,CA-2017-100111,20/09/2017,26/09/2017,Standard Class,Seth Vernon,Consumer,United States,New York City,New York,10035,East,FUR-CH-10001215,Furniture,Chairs,Global Troy Executive Leather Low-Back Tilter,2254.41,5,0.1,3.24,9/20/2017,9/26/2017
0,Dp-13240,US-2017-132381,22/08/2017,24/08/2017,First Class,Dean percer,Home Office,United States,Philadelphia,Pennsylvania,19143,East,FUR-TA-10002356,Furniture,Tables,Bevis Boat-Shaped Conference Table,314.53,2,0.4,3.24,8/22/2017,8/24/2017
0,SP-20920,CA-2016-124590,12/11/2016,16/11/2016,Standard Class,Susan Pistek,Consumer,United States,Parma,Ohio,44134,East,FUR-CH-10003746,Furniture,Chairs,Hon 4070 Series Pagoda Round Back Stacking Chairs,449.37,2,0.3,3.14,11/12/2016,11/16/2016
0,JR-16210,CA-2017-143378,19/09/2017,25/09/2017,Standard Class,Justin Ritter,Corporate,United States,Springfield,Oregon,97477,West,FUR-FU-10004864,Furniture,Furnishings,"""Howard Miller 14-1/2"""" Diameter Chrome Round Wall Clock""",409.22,8,0.2,3.11,9/19/2017,9/25/2017
0,JR-16210,CA-2017-143378,19/09/2017,25/09/2017,Standard Class,Justin Ritter,Corporate,United States,Springfield,Oregon,97477,West,FUR-BO-10001972,Furniture,Bookcases,O'Sullivan 4-Shelf Bookcase in Odessa Pine,72.59,2,0.7,3.1,9/19/2017,9/25/2017
0,AO-10810,CA-2016-148096,16/08/2016,19/08/2016,First Class,Anthony O'Donnell,Corporate,United States,Los Angeles,California,90045,West,FUR-TA-10004152,Furniture,Tables,"""Barricks 18"""" x 48"""" Non-Folding Utility Table with Bottom Storage Shelf""",161.28,2,0.2,3.08,8/16/2016,8/19/2016
0,GA-14725,CA-2014-131247,30/03/2014,4/4/2014,Standard Class,Guy Armstrong,Consumer,United States,San Francisco,California,94110,West,FUR-BO-10001337,Furniture,Bookcases,O'Sullivan Living Dimensions 2-Shelf Bookcases,205.67,2,0.15,3.04,3/30/2014,4/4/2014
0,JG-15310,CA-2017-101322,28/12/2017,31/12/2017,First Class,Jason Gross,Corporate,United States,Long Beach,California,90805,West,FUR-CH-10003968,Furniture,Chairs,Novimex Turbo Task Chair,340.7,6,0.2,3.03,12/28/2017,12/31/2017
0,CV-12805,CA-2017-151484,20/04/2017,23/04/2017,First Class,Cynthia Voltz,Corporate,United States,Philadelphia,Pennsylvania,19120,East,FUR-FU-10004671,Furniture,Furnishings,"""Executive Impressions 12"""" Wall Clock""",42.41,3,0.2,2.98,4/20/2017,4/23/2017
0,MC-17605,CA-2014-103989,19/03/2014,21/03/2014,First Class,Matt Connell,Corporate,United States,Lakeland,Florida,33801,South,FUR-FU-10003981,Furniture,Furnishings,Eldon Wave Desk Accessories,4.99,3,0.2,2.97,3/19/2014,3/21/2014
0,MC-17605,CA-2014-103989,19/03/2014,21/03/2014,First Class,Matt Connell,Corporate,United States,Lakeland,Florida,33801,South,FUR-FU-10002508,Furniture,Furnishings,Document Clip Frames,20.02,3,0.2,2.96,3/19/2014,3/21/2014
0,GB-14575,CA-2015-158421,21/09/2015,26/09/2015,Standard Class,Giulietta Baptist,Consumer,United States,Columbia,South Carolina,29203,South,FUR-CH-10000309,Furniture,Chairs,Global Comet Stacking Arm Chair,1690.04,4,0,2.96,9/21/2015,9/26/2015
0,JM-15535,CA-2016-157259,24/12/2016,28/12/2016,Standard Class,Jessica Myrick,Consumer,United States,New York City,New York,10035,East,FUR-FU-10003192,Furniture,Furnishings,Luxo Adjustable Task Clamp Lamp,799.56,9,0,2.96,12/24/2016,12/28/2016
0,PK-19075,CA-2016-118332,16/12/2016,23/12/2016,Standard Class,Pete Kriz,Consumer,United States,Apple Valley,California,92307,West,FUR-CH-10001708,Furniture,Chairs,Office Star - Contemporary Swivel Chair with Padded Adjustable Arms and Flex Back,563.92,5,0.2,2.96,12/16/2016,12/23/2016
0,MG-17650,CA-2017-145660,1/12/2017,3/12/2017,First Class,Matthew Grinstein,Home Office,United States,Marion,Ohio,43302,East,FUR-FU-10002885,Furniture,Furnishings,Magna Visual Magnetic Picture Hangers,7.71,2,0.2,2.94,12/1/2017,12/3/2017
0,CM-12445,CA-2016-133697,20/10/2016,24/10/2016,Second Class,Chuck Magee,Consumer,United States,Houston,Texas,77095,Central,FUR-CH-10002372,Furniture,Chairs,Office Star - Ergonomically Designed Knee Chair,56.69,1,0.3,2.84,10/20/2016,10/24/2016
0,MC-17425,CA-2015-161711,28/11/2015,3/12/2015,Standard Class,Mark Cousins,Corporate,United States,New York City,New York,10035,East,FUR-FU-10000087,Furniture,Furnishings,"""Executive Impressions 14"""" Two-Color Numerals Wall Clock""",68.16,3,0,2.79,11/28/2015,12/3/2015
0,DK-12985,CA-2017-140627,23/12/2017,27/12/2017,Standard Class,Darren Koutras,Consumer,United States,Hendersonville,Tennessee,37075,South,FUR-FU-10000087,Furniture,Furnishings,"""Executive Impressions 14"""" Two-Color Numerals Wall Clock""",72.7,4,0.2,2.78,12/23/2017,12/27/2017
0,JF-15490,CA-2015-133445,5/10/2015,9/10/2015,Standard Class,Jeremy Farry,Consumer,United States,Portland,Oregon,97206,West,FUR-CH-10000422,Furniture,Chairs,Global Highback Leather Tilter in Burgundy,291.17,4,0.2,2.7,10/5/2015,10/9/2015
0,JF-15415,US-2017-142188,11/9/2017,11/9/2017,Same Day,Jennifer Ferguson,Consumer,United States,Seattle,Washington,98105,West,FUR-CH-10003199,Furniture,Chairs,Office Star - Contemporary Task Swivel Chair,177.57,2,0.2,2.64,9/11/2017,9/11/2017
0,HA-14905,CA-2015-134075,12/12/2015,16/12/2015,Standard Class,Helen Abelman,Consumer,United States,San Jose,California,95123,West,FUR-FU-10004597,Furniture,Furnishings,Eldon Cleatmat Chair Mats for Medium Pile Carpets,166.5,3,0,2.63,12/12/2015,12/16/2015
0,ML-17410,CA-2017-121580,29/05/2017,4/6/2017,Standard Class,Maris LaWare,Consumer,United States,Columbus,Indiana,47201,Central,FUR-FU-10003981,Furniture,Furnishings,Eldon Wave Desk Accessories,6.24,3,0,2.6,5/29/2017,6/4/2017
0,VW-21775,CA-2015-151624,8/9/2015,14/09/2015,Standard Class,Victoria Wilson,Corporate,United States,Montgomery,Alabama,36116,South,FUR-FU-10001731,Furniture,Furnishings,Acrylic Self-Standing Desk Frames,21.36,8,0,2.6,9/8/2015,9/14/2015
0,BB-11545,CA-2017-102379,2/12/2017,6/12/2017,Standard Class,Brenda Bowman,Corporate,United States,Oakland,California,94601,West,FUR-CH-10004983,Furniture,Chairs,Office Star - Mid Back Dual function Ergonomic High Back Chair with 2-Way Adjustable Arms,1159.06,9,0.2,2.55,12/2/2017,12/6/2017
0,DK-13375,US-2016-139087,17/07/2016,22/07/2016,Second Class,Dennis Kane,Consumer,United States,Seattle,Washington,98105,West,FUR-FU-10001847,Furniture,Furnishings,Eldon Image Series Black Desk Accessories,12.42,3,0,2.49,7/17/2016,7/22/2016
0,JK-15205,CA-2015-116484,20/11/2015,26/11/2015,Standard Class,Jamie Kunitz,Consumer,United States,Marion,Ohio,43302,East,FUR-FU-10002874,Furniture,Furnishings,Ultra Commercial Grade Dual Valve Door Closer,63.82,2,0.2,2.46,11/20/2015,11/26/2015
0,EH-13765,CA-2016-100944,24/09/2016,28/09/2016,Standard Class,Edward Hooks,Corporate,United States,Los Angeles,California,90049,West,FUR-CH-10000988,Furniture,Chairs,Hon Olson Stacker Stools,563.24,5,0.2,2.4,9/24/2016,9/28/2016
0,VW-21775,CA-2016-125080,21/10/2016,26/10/2016,Standard Class,Victoria Wilson,Corporate,United States,Lakewood,Ohio,44107,East,FUR-TA-10003238,Furniture,Tables,"""Chromcraft Bull-Nose Wood 48"""" x 96"""" Rectangular Conference Tables""",661.18,2,0.4,2.37,10/21/2016,10/26/2016
0,EB-13705,CA-2014-100090,8/7/2014,12/7/2014,Standard Class,Ed Braxton,Corporate,United States,San Francisco,California,94122,West,FUR-TA-10003715,Furniture,Tables,Hon 2111 Invitation Series Corner Table,502.49,3,0.2,2.35,7/8/2014,7/12/2014
0,NF-18595,US-2015-139675,13/03/2015,18/03/2015,Second Class,Nicole Fjeld,Home Office,United States,Chico,California,95928,West,FUR-CH-10004063,Furniture,Chairs,Global Deluxe High-Back Manager's Chair,915.14,4,0.2,2.32,3/13/2015,3/18/2015
0,NF-18595,US-2015-139675,13/03/2015,18/03/2015,Second Class,Nicole Fjeld,Home Office,United States,Chico,California,95928,West,FUR-FU-10001979,Furniture,Furnishings,Dana Halogen Swing-Arm Architect Lamp,327.76,8,0,2.31,3/13/2015,3/18/2015
0,ME-17725,CA-2017-143756,2/12/2017,5/12/2017,First Class,Max Engle,Consumer,United States,Salem,Virginia,24153,South,FUR-CH-10001854,Furniture,Chairs,Office Star - Professional Matrix Back Chair with 2-to-1 Synchro Tilt and Mesh Fabric Seat,701.96,2,0,2.31,12/2/2017,12/5/2017
0,MZ-17335,CA-2017-107314,30/11/2017,3/12/2017,First Class,Maria Zettner,Home Office,United States,San Francisco,California,94109,West,FUR-FU-10003489,Furniture,Furnishings,Contemporary Borderless Frame,25.83,3,0,2.29,11/30/2017,12/3/2017
0,TP-21565,CA-2016-163328,4/11/2016,6/11/2016,Second Class,Tracy Poddar,Corporate,United States,Eugene,Oregon,97405,West,FUR-CH-10000229,Furniture,Chairs,Global Enterprise Series Seating High-Back Swivel/Tilt Chairs,650.35,3,0.2,2.23,11/4/2016,11/6/2016
0,XP-21865,CA-2014-167927,20/01/2014,26/01/2014,Standard Class,Xylona Preis,Consumer,United States,Westland,Michigan,48185,Central,FUR-FU-10002918,Furniture,Furnishings,Eldon ClusterMat Chair Mat with Cordless Antistatic Protection,272.94,3,0,2.17,1/20/2014,1/26/2014
0,XP-21865,CA-2014-167927,20/01/2014,26/01/2014,Standard Class,Xylona Preis,Consumer,United States,Westland,Michigan,48185,Central,FUR-FU-10002268,Furniture,Furnishings,Ultra Door Push Plate,14.73,3,0,2.14,1/20/2014,1/26/2014
0,BG-11740,CA-2016-165995,30/08/2016,6/9/2016,Standard Class,Bruce Geld,Consumer,United States,Los Angeles,California,90008,West,FUR-FU-10000672,Furniture,Furnishings,"""Executive Impressions 10"""" Spectator Wall Clock""",47.04,4,0,2,8/30/2016,9/6/2016
0,AG-10900,CA-2017-161557,3/9/2017,8/9/2017,Standard Class,Arthur Gainer,Consumer,United States,Dallas,Texas,75217,Central,FUR-FU-10004622,Furniture,Furnishings,Eldon Advantage Foldable Chair Mats for Low Pile Carpets,108.4,5,0.6,1.97,9/3/2017,9/8/2017
0,CC-12430,CA-2017-143035,3/10/2017,5/10/2017,Second Class,Chuck Clark,Home Office,United States,New York City,New York,10009,East,FUR-FU-10001934,Furniture,Furnishings,Magnifier Swing Arm Lamp,83.92,4,0,1.85,10/3/2017,10/5/2017
0,LA-16780,CA-2014-107811,29/04/2014,3/5/2014,Standard Class,Laura Armstrong,Corporate,United States,Memphis,Tennessee,38109,South,FUR-CH-10001394,Furniture,Chairs,Global Leather Executive Chair,561.58,2,0.2,1.76,4/29/2014,5/3/2014
0,BD-11725,CA-2017-125472,30/05/2017,31/05/2017,First Class,Bruce Degenhardt,Consumer,United States,Lafayette,Louisiana,70506,South,FUR-FU-10001731,Furniture,Furnishings,Acrylic Self-Standing Desk Frames,8.01,3,0,1.7,5/30/2017,5/31/2017
0,BW-11110,CA-2017-154074,31/08/2017,2/9/2017,Second Class,Bart Watters,Corporate,United States,Spokane,Washington,99207,West,FUR-CH-10002331,Furniture,Chairs,Hon 4700 Series Mobuis Mid-Back Task Chairs with Adjustable Arms,569.57,2,0.2,1.61,8/31/2017,9/2/2017
0,GT-14710,CA-2017-161774,14/05/2017,15/05/2017,First Class,Greg Tran,Consumer,United States,Houston,Texas,77041,Central,FUR-CH-10003981,Furniture,Chairs,Global Commerce Series Low-Back Swivel/Tilt Chairs,899.43,5,0.3,1.6,5/14/2017,5/15/2017
0,HW-14935,CA-2016-140130,31/10/2016,5/11/2016,Standard Class,Helen Wasserman,Corporate,United States,Tulsa,Oklahoma,74133,Central,FUR-CH-10002084,Furniture,Chairs,Hon Mobius Operator's Chair,368.97,3,0,1.6,10/31/2016,11/5/2016
0,RD-19660,CA-2015-149650,24/10/2015,27/10/2015,First Class,Robert Dilbeck,Home Office,United States,Oakland,California,94601,West,FUR-CH-10003956,Furniture,Chairs,Novimex High-Tech Fabric Mesh Task Chair,454.27,8,0.2,1.57,10/24/2015,10/27/2015
0,SH-20395,CA-2014-165764,3/11/2014,7/11/2014,Standard Class,Shahid Hopkins,Consumer,United States,Jacksonville,North Carolina,28540,South,FUR-TA-10001768,Furniture,Tables,Hon Racetrack Conference Tables,945.04,6,0.4,1.57,11/3/2014,11/7/2014
0,SH-20395,CA-2014-165764,3/11/2014,7/11/2014,Standard Class,Shahid Hopkins,Consumer,United States,Jacksonville,North Carolina,28540,South,FUR-FU-10001468,Furniture,Furnishings,Tenex Antistatic Computer Chair Mats,410.35,3,0.2,1.56,11/3/2014,11/7/2014
0,LC-16885,US-2017-113992,14/12/2017,19/12/2017,Standard Class,Lena Creighton,Consumer,United States,Plano,Texas,75023,Central,FUR-TA-10000577,Furniture,Tables,Bretford CR4500 Series Slim Rectangular Table,974.99,4,0.3,1.5,12/14/2017,12/19/2017
0,BW-11110,CA-2016-101161,13/10/2016,20/10/2016,Standard Class,Bart Watters,Corporate,United States,New York City,New York,10024,East,FUR-FU-10003535,Furniture,Furnishings,Howard Miller Distant Time Traveler Alarm Clock,82.26,3,0,1.42,10/13/2016,10/20/2016
0,TT-21460,US-2017-119816,4/3/2017,6/3/2017,Second Class,Tonja Turnell,Home Office,United States,Houston,Texas,77095,Central,FUR-FU-10004848,Furniture,Furnishings,"""Howard Miller 13-3/4"""" Diameter Brushed Chrome Round Wall Clock""",103.5,5,0.6,1.41,3/4/2017,3/6/2017
0,AS-10630,US-2016-155404,22/09/2016,28/09/2016,Standard Class,Ann Steele,Home Office,United States,Louisville,Kentucky,40214,South,FUR-FU-10004586,Furniture,Furnishings,G.E. Longer-Life Indoor Recessed Floodlight Bulbs,13.28,2,0,1.33,9/22/2016,9/28/2016
0,DB-13270,CA-2016-163804,2/12/2016,8/12/2016,Standard Class,Deborah Brumfield,Home Office,United States,Providence,Rhode Island,2908,East,FUR-FU-10004864,Furniture,Furnishings,Eldon 500 Class Desk Accessories,72.42,6,0,1.31,12/2/2016,12/8/2016
0,BS-11590,CA-2014-149524,14/01/2014,15/01/2014,First Class,Brendan Sweed,Corporate,United States,Philadelphia,Pennsylvania,19140,East,FUR-BO-10003433,Furniture,Bookcases,Sauder Cornerstone Collection Library,61.96,4,0.5,1.27,1/14/2014,1/15/2014
0,NR-18550,CA-2017-140872,3/6/2017,10/6/2017,Standard Class,Nick Radford,Consumer,United States,Pembroke Pines,Florida,33024,South,FUR-BO-10002824,Furniture,Bookcases,Bush Mission Pointe Library,241.57,2,0.2,1.25,6/3/2017,6/10/2017
0,KN-16390,CA-2017-113908,3/6/2017,9/6/2017,Standard Class,Katherine Nockton,Corporate,United States,New York City,New York,10011,East,FUR-TA-10001932,Furniture,Tables,"""Chromcraft 48"""" x 96"""" Racetrack Double Pedestal Table""",384.77,2,0.4,1.21,6/3/2017,6/9/2017
0,MF-18250,CA-2014-149594,15/09/2014,19/09/2014,Standard Class,Monica Federle,Corporate,United States,Philadelphia,Pennsylvania,19120,East,FUR-FU-10000222,Furniture,Furnishings,"""Seth Thomas 16"""" Steel Case Clock""",103.94,4,0.2,1.2,9/15/2014,9/19/2014
0,FA-14230,CA-2016-113845,20/11/2016,25/11/2016,Standard Class,Frank Atkinson,Corporate,United States,Orlando,Florida,32839,South,FUR-BO-10004695,Furniture,Bookcases,O'Sullivan 2-Door Barrister Bookcase in Odessa Pine,289.57,2,0.2,1.16,11/20/2016,11/25/2016
0,SP-20545,US-2016-128909,9/10/2016,11/10/2016,Second Class,Sibella Parks,Corporate,United States,Philadelphia,Pennsylvania,19143,East,FUR-FU-10004071,Furniture,Furnishings,Luxo Professional Magnifying Clamp-On Fluorescent Lamps,332.83,4,0.2,1.07,10/9/2016,10/11/2016
0,AR-10540,CA-2017-138289,16/01/2017,18/01/2017,Second Class,Andy Reiter,Consumer,United States,Jackson,Michigan,49201,Central,FUR-CH-10004626,Furniture,Chairs,Office Star Flex Back Scooter Chair with Aluminum Finish Frame,302.67,3,0,1,1/16/2017,1/18/2017
0,GT-14710,CA-2014-128209,17/11/2014,22/11/2014,Standard Class,Greg Tran,Consumer,United States,Buffalo,New York,14215,East,FUR-BO-10002213,Furniture,Bookcases,DMI Eclipse Executive Suite Bookcases,4007.84,10,0.2,0.99,11/17/2014,11/22/2014
0,CC-12220,US-2017-107888,16/11/2017,19/11/2017,First Class,Chris Cortes,Consumer,United States,Seattle,Washington,98103,West,FUR-FU-10003394,Furniture,Furnishings,"""Tenex """"The Solids"""" Textured Chair Mats""",139.92,2,0,0.74,11/16/2017,11/19/2017
0,VF-21715,CA-2014-113880,1/3/2014,5/3/2014,Standard Class,Vicky Freymann,Home Office,United States,Elmhurst,Illinois,60126,Central,FUR-CH-10000863,Furniture,Chairs,Novimex Swivel Fabric Task Chair,634.12,6,0.3,0.74,3/1/2014,3/5/2014
0,JH-16180,CA-2015-126739,1/11/2015,3/11/2015,Second Class,Justin Hirsh,Consumer,United States,New York City,New York,10035,East,FUR-CH-10000422,Furniture,Chairs,Global Highback Leather Tilter in Burgundy,327.56,4,0.1,0.65,11/1/2015,11/3/2015
0,EB-13750,CA-2015-166947,5/6/2015,10/6/2015,Standard Class,Edward Becker,Corporate,United States,Buffalo,New York,14215,East,FUR-CH-10004997,Furniture,Chairs,Hon Every-Day Series Multi-Task Chairs,1522.64,9,0.1,0.5,6/5/2015,6/10/2015
0,CT-11995,CA-2014-166086,7/5/2014,12/5/2014,Standard Class,Carol Triggs,Consumer,United States,Lawrence,Massachusetts,1841,East,FUR-TA-10003469,Furniture,Tables,Balt Split Level Computer Training Table,194.25,2,0.3,0.42,5/7/2014,5/12/2014
0,KM-16720,CA-2014-100678,18/04/2014,22/04/2014,Standard Class,Kunst Miller,Consumer,United States,Houston,Texas,77095,Central,FUR-CH-10002602,Furniture,Chairs,DMI Arturo Collection Mission-style Design Wood Chair,317.06,3,0.3,0,4/18/2014,4/22/2014
0,EJ-13720,CA-2017-123085,3/3/2017,8/3/2017,Standard Class,Ed Jacobs,Consumer,United States,Los Angeles,California,90008,West,FUR-CH-10003968,Furniture,Chairs,Novimex Turbo Task Chair,170.35,3,0.2,0,3/3/2017,3/8/2017
0,MS-17530,CA-2016-169887,22/10/2016,22/10/2016,Same Day,MaryBeth Skach,Consumer,United States,Seattle,Washington,98105,West,FUR-FU-10003095,Furniture,Furnishings,"""Linden 12"""" Wall Clock With Oak Frame""",101.94,3,0,0,10/22/2016,10/22/2016
0,AM-10705,CA-2017-104731,21/07/2017,27/07/2017,Standard Class,Anne McFarland,Consumer,United States,Salem,Virginia,24153,South,FUR-FU-10003274,Furniture,Furnishings,Regeneration Desk Collection,8.8,5,0,0,7/21/2017,7/27/2017
0,SV-20785,CA-2016-148852,26/05/2016,31/05/2016,Standard Class,Stewart Visinsky,Consumer,United States,Santa Ana,California,92704,West,FUR-CH-10004860,Furniture,Chairs,Global Low Back Tilter Chair,484.7,6,0.2,0,5/26/2016,5/31/2016
0,JK-16090,CA-2015-107678,21/04/2015,28/04/2015,Standard Class,Juliana Krohn,Consumer,United States,Louisville,Kentucky,40214,South,FUR-CH-10001891,Furniture,Chairs,Global Deluxe Office Fabric Chairs,191.96,2,0,0,4/21/2015,4/28/2015
0,JK-16090,CA-2015-107678,21/04/2015,28/04/2015,Standard Class,Juliana Krohn,Consumer,United States,Louisville,Kentucky,40214,South,FUR-FU-10003394,Furniture,Furnishings,"""Tenex """"The Solids"""" Textured Chair Mats""",209.88,3,0,0,4/21/2015,4/28/2015
0,PM-18940,CA-2015-141250,19/01/2015,23/01/2015,Standard Class,Paul MacIntyre,Consumer,United States,Texas City,Texas,77590,Central,FUR-TA-10002855,Furniture,Tables,Bevis Round Conference Table Top & Single Column Base,102.44,1,0.3,0,1/19/2015,1/23/2015
0,PM-18940,CA-2015-141250,19/01/2015,23/01/2015,Standard Class,Paul MacIntyre,Consumer,United States,Texas City,Texas,77590,Central,FUR-CH-10004875,Furniture,Chairs,Harbour Creations 67200 Series Stacking Chairs,199.3,4,0.3,0,1/19/2015,1/23/2015
0,JE-15715,CA-2016-105081,25/12/2016,30/12/2016,Standard Class,Joe Elijah,Consumer,United States,Seattle,Washington,98115,West,FUR-CH-10000847,Furniture,Chairs,Global Executive Mid-Back Manager's Chair,698.35,3,0.2,0,12/25/2016,12/30/2016
0,AJ-10780,CA-2014-108609,31/10/2014,2/11/2014,Second Class,Anthony Jacobs,Corporate,United States,Lorain,Ohio,44052,East,FUR-TA-10003954,Furniture,Tables,Hon 94000 Series Round Tables,1421.66,8,0.4,0,10/31/2014,11/2/2014
0,MP-18175,US-2016-127334,15/12/2016,21/12/2016,Standard Class,Mike Pelletier,Home Office,United States,Springfield,Oregon,97477,West,FUR-TA-10003473,Furniture,Tables,Bretford Rectangular Conference Table Tops,564.2,3,0.5,0,12/15/2016,12/21/2016
0,BF-11020,US-2017-124779,8/9/2017,11/9/2017,First Class,Barry Franzšsisch,Corporate,United States,Arlington,Texas,76017,Central,FUR-FU-10001095,Furniture,Furnishings,DAX Black Cherry Wood-Tone Poster Frame,21.18,2,0.6,0,9/8/2017,9/11/2017
0,KM-16375,CA-2017-135937,20/02/2017,27/02/2017,Standard Class,Katherine Murray,Home Office,United States,Gilbert,Arizona,85234,West,FUR-FU-10002253,Furniture,Furnishings,"""Howard Miller 13"""" Diameter Pewter Finish Round Wall Clock""",68.7,2,0.2,0,2/20/2017,2/27/2017
0,KM-16375,CA-2017-135937,20/02/2017,27/02/2017,Standard Class,Katherine Murray,Home Office,United States,Gilbert,Arizona,85234,West,FUR-TA-10001039,Furniture,Tables,KI Adjustable-Height Table,386.91,9,0.5,0,2/20/2017,2/27/2017
0,TW-21025,CA-2015-135510,5/9/2015,12/9/2015,Standard Class,Tamara Willingham,Home Office,United States,Charlottesville,Virginia,22901,South,FUR-FU-10000820,Furniture,Furnishings,Tensor Brushed Steel Torchiere Floor Lamp,67.96,4,0,0,9/5/2015,9/12/2015
0,SD-20485,CA-2014-150329,10/10/2014,14/10/2014,Standard Class,Shirley Daniels,Home Office,United States,Phoenix,Arizona,85023,West,FUR-FU-10003724,Furniture,Furnishings,Westinghouse Clip-On Gooseneck Lamps,46.87,7,0.2,0,10/10/2014,10/14/2014
0,DE-13255,CA-2014-109134,5/11/2014,10/11/2014,Standard Class,Deanra Eno,Home Office,United States,Los Angeles,California,90008,West,FUR-FU-10000320,Furniture,Furnishings,OIC Stacking Trays,20.04,6,0,0,11/5/2014,11/10/2014
0,MC-18100,US-2015-129637,17/12/2015,22/12/2015,Standard Class,Mick Crebagga,Consumer,United States,Bloomington,Illinois,61701,Central,FUR-FU-10000965,Furniture,Furnishings,"""Howard Miller 11-1/2"""" Diameter Ridgewood Wall Clock""",41.55,2,0.6,0,12/17/2015,12/22/2015
0,SW-20455,CA-2017-145429,21/07/2017,25/07/2017,Standard Class,Shaun Weien,Consumer,United States,San Diego,California,92024,West,FUR-CH-10000988,Furniture,Chairs,Hon Olson Stacker Stools,225.3,2,0.2,0,7/21/2017,7/25/2017
0,GZ-14470,CA-2015-123141,14/11/2015,19/11/2015,Standard Class,Gary Zandusky,Consumer,United States,Rio Rancho,New Mexico,87124,West,FUR-CH-10004287,Furniture,Chairs,SAFCO Arco Folding Chair,883.84,4,0.2,0,11/14/2015,11/19/2015
0,GZ-14470,CA-2015-123141,14/11/2015,19/11/2015,Standard Class,Gary Zandusky,Consumer,United States,Rio Rancho,New Mexico,87124,West,FUR-CH-10001891,Furniture,Chairs,Global Deluxe Office Fabric Chairs,230.35,3,0.2,-0.34,11/14/2015,11/19/2015
0,DB-13060,CA-2017-107629,14/12/2017,14/12/2017,Same Day,Dave Brooks,Consumer,United States,Skokie,Illinois,60076,Central,FUR-FU-10004091,Furniture,Furnishings,"""Howard Miller 13"""" Diameter Goldtone Round Wall Clock""",56.33,3,0.6,-0.76,12/14/2017,12/14/2017
0,CK-12325,CA-2016-134789,8/4/2016,15/04/2016,Standard Class,Christine Kargatis,Home Office,United States,Hot Springs,Arkansas,71901,South,FUR-FU-10003268,Furniture,Furnishings,Eldon Radial Chair Mat for Low to Medium Pile Carpets,159.92,4,0,-0.89,4/8/2016,4/15/2016
0,MF-17665,CA-2016-165827,4/11/2016,9/11/2016,Standard Class,Maureen Fritzler,Corporate,United States,Miami,Florida,33180,South,FUR-FU-10001889,Furniture,Furnishings,Ultra Door Pull Handle,50.5,6,0.2,-0.9,11/4/2016,11/9/2016
0,MM-18055,CA-2014-144029,26/05/2014,31/05/2014,Standard Class,Michelle Moray,Consumer,United States,Chicago,Illinois,60623,Central,FUR-CH-10003981,Furniture,Chairs,Global Commerce Series Low-Back Swivel/Tilt Chairs,359.77,2,0.3,-1.02,5/26/2014,5/31/2014
0,TC-21145,CA-2017-124205,15/09/2017,19/09/2017,Standard Class,Theresa Coyne,Corporate,United States,Lakewood,New Jersey,8701,East,FUR-CH-10003606,Furniture,Chairs,SAFCO Folding Chair Trolley,512.96,4,0,-1.32,9/15/2017,9/19/2017
0,DB-12970,CA-2016-162943,24/07/2016,26/07/2016,Second Class,Darren Budd,Corporate,United States,New York City,New York,10035,East,FUR-CH-10001708,Furniture,Chairs,Office Star - Contemporary Swivel Chair with Padded Adjustable Arms and Flex Back,253.76,2,0.1,-1.41,7/24/2016,7/26/2016
0,SJ-20215,CA-2017-100615,20/04/2017,24/04/2017,Standard Class,Sarah Jordon,Consumer,United States,Chicago,Illinois,60653,Central,FUR-CH-10002602,Furniture,Chairs,DMI Arturo Collection Mission-style Design Wood Chair,317.06,3,0.3,-1.42,4/20/2017,4/24/2017
0,JC-15775,CA-2017-121293,25/07/2017,28/07/2017,Second Class,John Castell,Consumer,United States,Philadelphia,Pennsylvania,19143,East,FUR-FU-10000732,Furniture,Furnishings,Eldon 200 Class Desk Accessories,20.1,4,0.2,-1.68,7/25/2017,7/28/2017
0,JH-15910,CA-2015-118843,13/09/2015,20/09/2015,Standard Class,Jonathan Howell,Consumer,United States,Atlanta,Georgia,30318,South,FUR-FU-10003975,Furniture,Furnishings,Eldon Advantage Chair Mats for Low to Medium Pile Carpets,129.93,3,0,-1.78,9/13/2015,9/20/2015
0,MC-17605,CA-2015-145394,16/11/2015,20/11/2015,Standard Class,Matt Connell,Corporate,United States,Chicago,Illinois,60610,Central,FUR-FU-10001215,Furniture,Furnishings,"""Howard Miller 11-1/2"""" Diameter Brentwood Wall Clock""",34.5,2,0.6,-1.88,11/16/2015,11/20/2015
0,MC-18100,CA-2015-168809,25/08/2015,25/08/2015,Same Day,Mick Crebagga,Consumer,United States,Houston,Texas,77041,Central,FUR-FU-10002240,Furniture,Furnishings,Nu-Dell EZ-Mount Plastic Wall Frames,7.88,5,0.6,-2.06,8/25/2015,8/25/2015
0,LW-16825,CA-2016-109827,25/12/2016,1/1/2017,Standard Class,Laurel Workman,Corporate,United States,Phoenix,Arizona,85023,West,FUR-TA-10002607,Furniture,Tables,KI Conference Tables,35.45,1,0.5,-2.06,12/25/2016,1/1/2017
0,EB-13705,CA-2015-128125,31/03/2015,5/4/2015,Standard Class,Ed Braxton,Corporate,United States,Houston,Texas,77095,Central,FUR-FU-10001085,Furniture,Furnishings,3M Polarizing Light Filter Sleeves,22.38,3,0.6,-2.13,3/31/2015,4/5/2015
0,PS-18760,CA-2017-156237,14/09/2017,15/09/2017,First Class,Pamela Stobb,Consumer,United States,Philadelphia,Pennsylvania,19140,East,FUR-CH-10002372,Furniture,Chairs,Office Star - Ergonomically Designed Knee Chair,113.37,2,0.3,-2.13,9/14/2017,9/15/2017
0,PS-18760,CA-2017-156237,14/09/2017,15/09/2017,First Class,Pamela Stobb,Consumer,United States,Philadelphia,Pennsylvania,19140,East,FUR-FU-10001057,Furniture,Furnishings,Tensor Track Tree Floor Lamp,127.94,8,0.2,-2.14,9/14/2017,9/15/2017
0,GH-14425,CA-2014-144414,17/06/2014,21/06/2014,Standard Class,Gary Hwang,Consumer,United States,Seattle,Washington,98105,West,FUR-FU-10003981,Furniture,Furnishings,Eldon Wave Desk Accessories,6.24,3,0,-2.28,6/17/2014,6/21/2014
0,LO-17170,CA-2017-163860,28/12/2017,1/1/2018,Standard Class,Lori Olson,Corporate,United States,Peoria,Illinois,61604,Central,FUR-FU-10004586,Furniture,Furnishings,G.E. Longer-Life Indoor Recessed Floodlight Bulbs,7.97,3,0.6,-2.39,12/28/2017,1/1/2018
0,LO-17170,CA-2017-163860,28/12/2017,1/1/2018,Standard Class,Lori Olson,Corporate,United States,Peoria,Illinois,61604,Central,FUR-FU-10001935,Furniture,Furnishings,3M Hangers With Command Adhesive,2.96,2,0.6,-2.56,12/28/2017,1/1/2018
0,DL-13495,CA-2017-142643,15/10/2017,20/10/2017,Standard Class,Dionis Lloyd,Corporate,United States,Thousand Oaks,California,91360,West,FUR-FU-10000087,Furniture,Furnishings,"""Executive Impressions 14"""" Two-Color Numerals Wall Clock""",22.72,1,0,-2.69,10/15/2017,10/20/2017
0,AJ-10795,CA-2016-123946,12/9/2016,17/09/2016,Standard Class,Anthony Johnson,Corporate,United States,Springfield,Virginia,22153,South,FUR-CH-10002073,Furniture,Chairs,Hon Olson Stacker Chairs,1059.12,4,0,-2.69,9/12/2016,9/17/2016
0,BC-11125,CA-2014-147543,6/7/2014,12/7/2014,Standard Class,Becky Castell,Home Office,United States,El Cajon,California,92020,West,FUR-CH-10000155,Furniture,Chairs,Global Comet Stacking Armless Chair,478.48,2,0.2,-2.7,7/6/2014,7/12/2014
0,SC-20230,US-2016-126452,21/08/2016,28/08/2016,Standard Class,Scot Coram,Corporate,United States,Los Angeles,California,90004,West,FUR-TA-10003569,Furniture,Tables,Bretford CR8500 Series Meeting Room Furniture,2887.06,9,0.2,-2.83,8/21/2016,8/28/2016
0,MM-17920,US-2016-121013,5/9/2016,10/9/2016,Standard Class,Michael Moore,Consumer,United States,Chesapeake,Virginia,23320,South,FUR-TA-10003238,Furniture,Tables,"""Chromcraft Bull-Nose Wood 48"""" x 96"""" Rectangular Conference Tables""",1652.94,3,0,-2.83,9/5/2016,9/10/2016
0,TW-21025,CA-2015-137113,1/12/2015,5/12/2015,Second Class,Tamara Willingham,Home Office,United States,Seattle,Washington,98105,West,FUR-CH-10001215,Furniture,Chairs,Global Troy Executive Leather Low-Back Tilter,2003.92,5,0.2,-3.03,12/1/2015,12/5/2015
0,TW-21025,CA-2015-137113,1/12/2015,5/12/2015,Second Class,Tamara Willingham,Home Office,United States,Seattle,Washington,98105,West,FUR-TA-10001705,Furniture,Tables,Bush Advantage Collection Round Conference Table,1913.4,9,0,-3.24,12/1/2015,12/5/2015
0,BD-11320,CA-2015-120677,31/05/2015,4/6/2015,Standard Class,Bill Donatelli,Consumer,United States,Minneapolis,Minnesota,55407,Central,FUR-CH-10002320,Furniture,Chairs,Hon Pagoda Stacking Chairs,2567.84,8,0,-3.35,5/31/2015,6/4/2015
0,SH-20635,CA-2014-124247,16/12/2014,21/12/2014,Standard Class,Stefanie Holloman,Corporate,United States,Sacramento,California,95823,West,FUR-CH-10001854,Furniture,Chairs,Office Star - Professional Matrix Back Chair with 2-to-1 Synchro Tilt and Mesh Fabric Seat,1403.92,5,0.2,-3.82,12/16/2014,12/21/2014
0,ST-20530,CA-2014-164182,14/07/2014,18/07/2014,Standard Class,Shui Tom,Consumer,United States,Philadelphia,Pennsylvania,19140,East,FUR-FU-10001057,Furniture,Furnishings,Tensor Track Tree Floor Lamp,31.98,2,0.2,-3.84,7/14/2014,7/18/2014
0,TA-21385,CA-2016-129847,2/9/2016,4/9/2016,First Class,Tom Ashbrook,Home Office,United States,Chicago,Illinois,60653,Central,FUR-FU-10000277,Furniture,Furnishings,Deflect-o DuraMat Antistatic Studded Beveled Mat for Medium Pile Carpeting,84.27,2,0.6,-3.84,9/2/2016,9/4/2016
0,AP-10720,CA-2017-143021,19/11/2017,19/11/2017,Same Day,Anne Pryor,Home Office,United States,New York City,New York,10011,East,FUR-TA-10001676,Furniture,Tables,Hon 61000 Series Interactive Training Tables,79.97,3,0.4,-3.94,11/19/2017,11/19/2017
0,AR-10570,CA-2016-157588,14/07/2016,19/07/2016,Standard Class,Anemone Ratner,Consumer,United States,Columbus,Georgia,31907,South,FUR-FU-10004848,Furniture,Furnishings,"""Howard Miller 13-3/4"""" Diameter Brushed Chrome Round Wall Clock""",51.75,1,0,-3.96,7/14/2016,7/19/2016
0,CY-12745,CA-2015-112144,28/06/2015,2/7/2015,Standard Class,Craig Yedwab,Corporate,United States,Gilbert,Arizona,85234,West,FUR-FU-10004306,Furniture,Furnishings,Electrix Halogen Magnifier Lamp,621.76,4,0.2,-4.03,6/28/2015,7/2/2015
0,RH-19600,CA-2015-109386,8/11/2015,13/11/2015,Second Class,Rob Haberlin,Consumer,United States,Hampton,Virginia,23666,South,FUR-FU-10000308,Furniture,Furnishings,Deflect-o Glass Clear Studded Chair Mats,186.54,3,0,-4.04,11/8/2015,11/13/2015
0,JF-15490,CA-2015-141740,1/11/2015,5/11/2015,Standard Class,Jeremy Farry,Consumer,United States,New York City,New York,10009,East,FUR-CH-10001545,Furniture,Chairs,Hon Comfortask Task/Swivel Chairs,205.16,2,0.1,-4.26,11/1/2015,11/5/2015
0,SP-20860,CA-2014-119466,15/12/2014,21/12/2014,Standard Class,Sung Pak,Corporate,United States,Chicago,Illinois,60623,Central,FUR-FU-10001546,Furniture,Furnishings,Dana Swing-Arm Lamps,8.54,2,0.6,-4.5,12/15/2014,12/21/2014
0,KN-16390,CA-2015-154823,21/08/2015,25/08/2015,Standard Class,Katherine Nockton,Corporate,United States,Springfield,Ohio,45503,East,FUR-CH-10003379,Furniture,Chairs,Global Commerce Series High-Back Swivel/Tilt Chairs,598.46,3,0.3,-4.54,8/21/2015,8/25/2015
0,KN-16390,CA-2015-154823,21/08/2015,25/08/2015,Standard Class,Katherine Nockton,Corporate,United States,Springfield,Ohio,45503,East,FUR-FU-10000193,Furniture,Furnishings,Tenex Chairmats For Use with Hard Floors,25.98,1,0.2,-4.68,8/21/2015,8/25/2015
0,DB-12910,CA-2017-141201,9/12/2017,11/12/2017,Second Class,Daniel Byrd,Home Office,United States,Salinas,California,93905,West,FUR-BO-10001519,Furniture,Bookcases,O'Sullivan 3-Shelf Heavy-Duty Bookcases,148.26,3,0.15,-4.8,12/9/2017,12/11/2017
0,AP-10915,CA-2014-124737,23/08/2014,27/08/2014,Standard Class,Arthur Prichep,Consumer,United States,Denver,Colorado,80219,West,FUR-FU-10003274,Furniture,Furnishings,Regeneration Desk Collection,4.22,3,0.2,-4.84,8/23/2014,8/27/2014
0,AT-10735,CA-2017-103443,17/12/2017,23/12/2017,Standard Class,Annie Thurman,Consumer,United States,New York City,New York,10009,East,FUR-FU-10000308,Furniture,Furnishings,Deflect-o Glass Clear Studded Chair Mats,124.36,2,0,-4.86,12/17/2017,12/23/2017
0,NM-18445,CA-2014-150581,8/4/2014,12/4/2014,Standard Class,Nathan Mautz,Home Office,United States,Concord,California,94521,West,FUR-TA-10003748,Furniture,Tables,Bevis 36 x 72 Conference Tables,99.59,1,0.2,-5.01,4/8/2014,4/12/2014
0,WB-21850,CA-2016-165330,11/12/2016,11/12/2016,Same Day,William Brown,Consumer,United States,Anaheim,California,92804,West,FUR-TA-10004619,Furniture,Tables,Hon Non-Folding Utility Tables,892.14,7,0.2,-5.45,12/11/2016,12/11/2016
0,JE-15715,CA-2016-106950,2/9/2016,6/9/2016,Standard Class,Joe Elijah,Consumer,United States,Charlotte,North Carolina,28205,South,FUR-TA-10001768,Furniture,Tables,Hon Racetrack Conference Tables,472.52,3,0.4,-5.48,9/2/2016,9/6/2016
0,KH-16330,CA-2017-128944,19/06/2017,21/06/2017,Second Class,Katharine Harms,Corporate,United States,Newark,Ohio,43055,East,FUR-CH-10000785,Furniture,Chairs,Global Ergonomic Managers Chair,760.12,6,0.3,-5.49,6/19/2017,6/21/2017
0,KH-16330,CA-2017-128944,19/06/2017,21/06/2017,Second Class,Katharine Harms,Corporate,United States,Newark,Ohio,43055,East,FUR-FU-10004909,Furniture,Furnishings,Contemporary Wood/Metal Frame,38.78,3,0.2,-5.52,6/19/2017,6/21/2017
0,LW-16990,US-2016-102239,5/5/2016,6/5/2016,First Class,Lindsay Williams,Corporate,United States,Henderson,Nevada,89015,West,FUR-TA-10003392,Furniture,Tables,Global Adaptabilities Conference Tables,1685.88,6,0,-5.68,5/5/2016,5/6/2016
0,MF-18250,CA-2015-128013,9/8/2015,16/08/2015,Standard Class,Monica Federle,Corporate,United States,New York City,New York,10035,East,FUR-FU-10000320,Furniture,Furnishings,OIC Stacking Trays,10.02,3,0,-5.71,8/9/2015,8/16/2015
0,JM-16195,US-2016-117541,14/11/2016,20/11/2016,Standard Class,Justin MacKendrick,Consumer,United States,Newark,Delaware,19711,East,FUR-FU-10000550,Furniture,Furnishings,Stacking Trays by OIC,19.92,4,0,-5.76,11/14/2016,11/20/2016
0,TT-21460,CA-2017-141439,26/11/2017,1/12/2017,Standard Class,Tonja Turnell,Home Office,United States,Richmond,Indiana,47374,Central,FUR-TA-10001039,Furniture,Tables,KI Adjustable-Height Table,257.94,3,0,-5.82,11/26/2017,12/1/2017
0,TT-21460,CA-2017-141439,26/11/2017,1/12/2017,Standard Class,Tonja Turnell,Home Office,United States,Richmond,Indiana,47374,Central,FUR-FU-10001473,Furniture,Furnishings,DAX Wood Document Frame,27.46,2,0,-5.83,11/26/2017,12/1/2017
0,TT-21460,CA-2017-141439,26/11/2017,1/12/2017,Standard Class,Tonja Turnell,Home Office,United States,Richmond,Indiana,47374,Central,FUR-CH-10004287,Furniture,Chairs,SAFCO Arco Folding Chair,828.6,3,0,-5.83,11/26/2017,12/1/2017
0,SS-20875,CA-2015-163965,20/11/2015,27/11/2015,Standard Class,Sung Shariari,Consumer,United States,Miami,Florida,33180,South,FUR-BO-10001337,Furniture,Bookcases,O'Sullivan Living Dimensions 2-Shelf Bookcases,290.35,3,0.2,-5.94,11/20/2015,11/27/2015
0,HP-14815,CA-2014-122217,24/11/2014,29/11/2014,Standard Class,Harold Pawlan,Home Office,United States,Virginia Beach,Virginia,23464,South,FUR-FU-10002045,Furniture,Furnishings,"Executive Impressions 14""""""""""""",111.15,5,0,-6.02,11/24/2014,11/29/2014
0,MH-17290,US-2017-141558,11/3/2017,16/03/2017,Standard Class,Marc Harrigan,Home Office,United States,Philadelphia,Pennsylvania,19140,East,FUR-TA-10004086,Furniture,Tables,KI Adjustable-Height Table,154.76,3,0.4,-6.05,3/11/2017,3/16/2017
0,LH-16900,US-2015-136749,25/12/2015,27/12/2015,Second Class,Lena Hernandez,Consumer,United States,Columbus,Georgia,31907,South,FUR-FU-10000747,Furniture,Furnishings,Tenex B1-RE Series Chair Mats for Low Pile Carpets,275.88,6,0,-6.1,12/25/2015,12/27/2015
0,NP-18325,CA-2014-117464,22/07/2014,24/07/2014,Second Class,Naresj Patel,Consumer,United States,San Francisco,California,94122,West,FUR-CH-10000155,Furniture,Chairs,Global Comet Stacking Armless Chair,717.72,3,0.2,-6.19,7/22/2014,7/24/2014
0,NP-18325,CA-2014-117464,22/07/2014,24/07/2014,Second Class,Naresj Patel,Consumer,United States,San Francisco,California,94122,West,FUR-TA-10004767,Furniture,Tables,Safco Drafting Table,170.35,3,0.2,-6.3,7/22/2014,7/24/2014
0,GM-14440,US-2017-168613,8/10/2017,14/10/2017,Standard Class,Gary McGarr,Consumer,United States,New York City,New York,10009,East,FUR-CH-10002372,Furniture,Chairs,Office Star - Ergonomically Designed Knee Chair,145.76,2,0.1,-6.42,10/8/2017,10/14/2017
0,ED-13885,CA-2017-133102,17/08/2017,24/08/2017,Standard Class,Emily Ducich,Home Office,United States,Houston,Texas,77095,Central,FUR-CH-10002017,Furniture,Chairs,SAFCO Optional Arm Kit for Workspace Cribbage Stacking Chair,74.59,4,0.3,-6.55,8/17/2017,8/24/2017
0,ED-13885,CA-2017-133102,17/08/2017,24/08/2017,Standard Class,Emily Ducich,Home Office,United States,Houston,Texas,77095,Central,FUR-FU-10003247,Furniture,Furnishings,36X48 HARDFLOOR CHAIRMAT,16.78,2,0.6,-6.55,8/17/2017,8/24/2017
0,DW-13480,CA-2016-164399,12/11/2016,15/11/2016,First Class,Dianna Wilson,Home Office,United States,San Diego,California,92024,West,FUR-TA-10003392,Furniture,Tables,Global Adaptabilities Conference Tables,674.35,3,0.2,-6.72,11/12/2016,11/15/2016
0,PO-19180,CA-2016-147683,13/11/2016,17/11/2016,Standard Class,Philisse Overcash,Home Office,United States,Seattle,Washington,98103,West,FUR-FU-10004848,Furniture,Furnishings,DAX Solid Wood Frames,19.54,2,0,-6.81,11/13/2016,11/17/2016
0,HF-14995,CA-2016-104276,27/11/2016,3/12/2016,Standard Class,Herbert Flentye,Consumer,United States,Fort Lauderdale,Florida,33311,South,FUR-TA-10001039,Furniture,Tables,KI Adjustable-Height Table,331.02,7,0.45,-6.86,11/27/2016,12/3/2016
0,CM-12115,CA-2017-137414,2/10/2017,6/10/2017,Standard Class,Chad McGuire,Consumer,United States,San Francisco,California,94109,West,FUR-FU-10001424,Furniture,Furnishings,Dax Clear Box Frame,17.46,2,0,-6.93,10/2/2017,10/6/2017
0,RB-19360,CA-2016-109953,14/07/2016,18/07/2016,Standard Class,Raymond Buch,Consumer,United States,San Francisco,California,94122,West,FUR-FU-10000073,Furniture,Furnishings,Deflect-O Glasstique Clear Desk Accessories,30.8,4,0,-7,7/14/2016,7/18/2016
0,GB-14575,CA-2016-137337,8/3/2016,12/3/2016,Standard Class,Giulietta Baptist,Consumer,United States,New York City,New York,10011,East,FUR-FU-10003347,Furniture,Furnishings,Coloredge Poster Frame,113.6,8,0,-7.1,3/8/2016,3/12/2016
0,JF-15355,CA-2017-136651,23/04/2017,25/04/2017,Second Class,Jay Fein,Consumer,United States,Pasadena,California,91104,West,FUR-FU-10004864,Furniture,Furnishings,Eldon 500 Class Desk Accessories,24.14,2,0,-7.48,4/23/2017,4/25/2017
0,TP-21415,CA-2017-118892,17/08/2017,22/08/2017,Second Class,Tom Prescott,Consumer,United States,Philadelphia,Pennsylvania,19134,East,FUR-CH-10002024,Furniture,Chairs,HON 5400 Series Task Chairs for Big and Tall,4416.17,9,0.3,-7.48,8/17/2017,8/22/2017
0,JS-15595,US-2014-127978,3/3/2014,8/3/2014,Standard Class,Jill Stevenson,Corporate,United States,Columbus,Ohio,43229,East,FUR-BO-10001972,Furniture,Bookcases,O'Sullivan 4-Shelf Bookcase in Odessa Pine,302.45,5,0.5,-7.48,3/3/2014,3/8/2014
0,DK-12835,US-2014-143721,23/11/2014,26/11/2014,Second Class,Damala Kotsonis,Corporate,United States,Houston,Texas,77095,Central,FUR-CH-10001973,Furniture,Chairs,Office Star Flex Back Scooter Chair with White Frame,155.37,2,0.3,-7.77,11/23/2014,11/26/2014
0,AG-10675,CA-2016-133368,14/01/2016,20/01/2016,Standard Class,Anna Gayman,Consumer,United States,Concord,North Carolina,28027,South,FUR-FU-10003374,Furniture,Furnishings,Electrix Fluorescent Magnifier Lamps & Weighted Base,315.78,8,0.2,-7.77,1/14/2016,1/20/2016
0,BS-11365,CA-2016-149965,20/06/2016,25/06/2016,Standard Class,Bill Shonely,Corporate,United States,Oklahoma City,Oklahoma,73120,Central,FUR-FU-10004270,Furniture,Furnishings,"""Executive Impressions 13"""" Clairmont Wall Clock""",57.69,3,0,-8.08,6/20/2016,6/25/2016
0,JK-15730,CA-2014-163468,18/11/2014,21/11/2014,First Class,Joe Kamberova,Consumer,United States,Des Plaines,Illinois,60016,Central,FUR-TA-10002533,Furniture,Tables,BPI Conference Tables,292.1,4,0.5,-8.28,11/18/2014,11/21/2014
0,JK-15730,CA-2014-163468,18/11/2014,21/11/2014,First Class,Joe Kamberova,Consumer,United States,Des Plaines,Illinois,60016,Central,FUR-FU-10001546,Furniture,Furnishings,Dana Swing-Arm Lamps,8.54,2,0.6,-8.43,11/18/2014,11/21/2014
0,JK-15730,CA-2014-163468,18/11/2014,21/11/2014,First Class,Joe Kamberova,Consumer,United States,Des Plaines,Illinois,60016,Central,FUR-BO-10003546,Furniture,Bookcases,Hon 4-Shelf Metal Bookcases,424.12,6,0.3,-8.49,11/18/2014,11/21/2014
0,MG-18145,CA-2014-137274,29/03/2014,2/4/2014,Standard Class,Mike Gockenbach,Consumer,United States,Plano,Texas,75023,Central,FUR-TA-10001889,Furniture,Tables,Bush Advantage Collection Racetrack Conference Table,890.84,3,0.3,-8.51,3/29/2014,4/2/2014
0,LH-17155,CA-2016-144092,5/11/2016,7/11/2016,Second Class,Logan Haushalter,Consumer,United States,San Jose,California,95123,West,FUR-CH-10004875,Furniture,Chairs,Harbour Creations 67200 Series Stacking Chairs,113.89,2,0.2,-8.53,11/5/2016,11/7/2016
0,NB-18655,CA-2016-132066,16/10/2016,20/10/2016,Standard Class,Nona Balk,Corporate,United States,New York City,New York,10011,East,FUR-TA-10001539,Furniture,Tables,Chromcraft Rectangular Conference Tables,142.18,1,0.4,-8.54,10/16/2016,10/20/2016
0,CS-11950,US-2017-126053,5/12/2017,8/12/2017,First Class,Carlos Soltero,Consumer,United States,New York City,New York,10024,East,FUR-FU-10001934,Furniture,Furnishings,Magnifier Swing Arm Lamp,41.96,2,0,-8.58,12/5/2017,12/8/2017
0,SC-20050,US-2014-131275,18/03/2014,24/03/2014,Standard Class,Sample Company A,Home Office,United States,Burbank,California,91505,West,FUR-FU-10004597,Furniture,Furnishings,Eldon Cleatmat Chair Mats for Medium Pile Carpets,111,2,0,-8.58,3/18/2014,3/24/2014
0,PR-18880,CA-2015-125563,11/4/2015,17/04/2015,Standard Class,Patrick Ryan,Consumer,United States,Tampa,Florida,33614,South,FUR-FU-10001290,Furniture,Furnishings,Executive Impressions Supervisor Wall Clock,67.36,2,0.2,-8.92,4/11/2015,4/17/2015
0,PR-18880,CA-2015-125563,11/4/2015,17/04/2015,Standard Class,Patrick Ryan,Consumer,United States,Tampa,Florida,33614,South,FUR-FU-10000087,Furniture,Furnishings,"""Executive Impressions 14"""" Two-Color Numerals Wall Clock""",54.53,3,0.2,-9.09,4/11/2015,4/17/2015
0,SM-20950,CA-2014-163412,20/12/2014,23/12/2014,Second Class,Suzanne McNair,Corporate,United States,New York City,New York,10035,East,FUR-CH-10004875,Furniture,Chairs,Harbour Creations 67200 Series Stacking Chairs,192.19,3,0.1,-9.09,12/20/2014,12/23/2014
0,DV-13045,CA-2017-168389,11/12/2017,17/12/2017,Standard Class,Darrin Van Huff,Corporate,United States,Jacksonville,Florida,32216,South,FUR-TA-10004289,Furniture,Tables,BoxOffice By Design Rectangular and Half-Moon Meeting Room Tables,721.88,6,0.45,-9.13,12/11/2017,12/17/2017
0,AR-10345,US-2014-115189,30/12/2014,3/1/2015,Second Class,Alex Russell,Corporate,United States,Philadelphia,Pennsylvania,19143,East,FUR-TA-10004575,Furniture,Tables,Hon 5100 Series Wood Tables,523.76,3,0.4,-9.16,12/30/2014,1/3/2015
0,TT-21070,CA-2017-108035,29/11/2017,3/12/2017,Standard Class,Ted Trevino,Consumer,United States,Chattanooga,Tennessee,37421,South,FUR-FU-10004017,Furniture,Furnishings,"""Executive Impressions 13"""" Chairman Wall Clock""",101.52,5,0.2,-10.17,11/29/2017,12/3/2017
0,DB-12970,CA-2016-110975,25/12/2016,30/12/2016,Standard Class,Darren Budd,Corporate,United States,New York City,New York,10024,East,FUR-CH-10003746,Furniture,Chairs,Hon 4070 Series Pagoda Round Back Stacking Chairs,866.65,3,0.1,-10.17,12/25/2016,12/30/2016
0,TR-21325,CA-2016-110009,8/9/2016,13/09/2016,Standard Class,Toby Ritter,Consumer,United States,Seattle,Washington,98103,West,FUR-FU-10003039,Furniture,Furnishings,"""Howard Miller 11-1/2"""" Diameter Grantwood Wall Clock""",43.13,1,0,-10.17,9/8/2016,9/13/2016
0,CB-12535,CA-2015-100146,14/05/2015,19/05/2015,Standard Class,Claudia Bergmann,Corporate,United States,Camarillo,California,93010,West,FUR-FU-10001979,Furniture,Furnishings,Dana Halogen Swing-Arm Architect Lamp,122.91,3,0,-10.31,5/14/2015,5/19/2015
0,CB-12535,CA-2015-100146,14/05/2015,19/05/2015,Standard Class,Claudia Bergmann,Corporate,United States,Camarillo,California,93010,West,FUR-CH-10003833,Furniture,Chairs,Novimex Fabric Task Chair,97.57,2,0.2,-10.42,5/14/2015,5/19/2015
0,JG-15310,CA-2016-129728,30/05/2016,6/6/2016,Standard Class,Jason Gross,Corporate,United States,Los Angeles,California,90032,West,FUR-FU-10003247,Furniture,Furnishings,36X48 HARDFLOOR CHAIRMAT,167.84,8,0,-10.92,5/30/2016,6/6/2016
0,JS-15880,CA-2014-121769,8/4/2014,12/4/2014,Standard Class,John Stevenson,Consumer,United States,Toledo,Ohio,43615,East,FUR-TA-10004442,Furniture,Tables,Riverside Furniture Stanwyck Manor Table Series,172.11,1,0.4,-10.96,4/8/2014,4/12/2014
0,MG-17890,CA-2017-121125,30/05/2017,3/6/2017,Standard Class,Michael Granlund,Home Office,United States,Tigard,Oregon,97224,West,FUR-FU-10000820,Furniture,Furnishings,Tensor Brushed Steel Torchiere Floor Lamp,13.59,1,0.2,-11.07,5/30/2017,6/3/2017
0,SC-20770,US-2016-114013,13/03/2016,15/03/2016,Second Class,Stewart Carmichael,Corporate,United States,Philadelphia,Pennsylvania,19134,East,FUR-CH-10004287,Furniture,Chairs,SAFCO Arco Folding Chair,386.68,2,0.3,-11.32,3/13/2016,3/15/2016
0,LC-17140,CA-2016-101693,25/06/2016,27/06/2016,Second Class,Logan Currie,Consumer,United States,Houston,Texas,77070,Central,FUR-FU-10003919,Furniture,Furnishings,Eldon Executive Woodline II Cherry Finish Desk Accessories,32.71,2,0.6,-11.44,6/25/2016,6/27/2016
0,JL-15235,US-2017-163657,2/9/2017,6/9/2017,Standard Class,Janet Lee,Consumer,United States,Los Angeles,California,90049,West,FUR-TA-10004607,Furniture,Tables,Hon 2111 Invitation Series Straight Table,236.53,2,0.2,-11.6,9/2/2017,9/6/2017
0,RD-19810,CA-2017-127474,3/2/2017,7/2/2017,Second Class,Ross DeVincentis,Home Office,United States,Chicago,Illinois,60610,Central,FUR-FU-10004597,Furniture,Furnishings,Eldon Cleatmat Chair Mats for Medium Pile Carpets,22.2,1,0.6,-11.65,2/3/2017,2/7/2017
0,MH-18025,CA-2017-115448,11/11/2017,14/11/2017,First Class,Michelle Huthwaite,Consumer,United States,Knoxville,Tennessee,37918,South,FUR-FU-10004090,Furniture,Furnishings,"""Executive Impressions 14"""" Contract Wall Clock""",88.92,5,0.2,-11.66,11/11/2017,11/14/2017
0,LL-16840,CA-2015-137974,16/04/2015,18/04/2015,First Class,Lauren Leatherbury,Consumer,United States,Waynesboro,Virginia,22980,South,FUR-FU-10001468,Furniture,Furnishings,Tenex Antistatic Computer Chair Mats,1196.86,7,0,-12.01,4/16/2015,4/18/2015
0,LL-16840,CA-2015-137974,16/04/2015,18/04/2015,First Class,Lauren Leatherbury,Consumer,United States,Waynesboro,Virginia,22980,South,FUR-BO-10001519,Furniture,Bookcases,O'Sullivan 3-Shelf Heavy-Duty Bookcases,523.26,9,0,-12.06,4/16/2015,4/18/2015
0,TB-21190,CA-2017-148985,11/11/2017,15/11/2017,Second Class,Thomas Brumley,Home Office,United States,Los Angeles,California,90045,West,FUR-FU-10001424,Furniture,Furnishings,Dax Clear Box Frame,34.92,4,0,-12.06,11/11/2017,11/15/2017
0,ME-17320,CA-2014-167199,6/1/2014,10/1/2014,Standard Class,Maria Etezadi,Home Office,United States,Henderson,Kentucky,42420,South,FUR-CH-10004063,Furniture,Chairs,Global Deluxe High-Back Manager's Chair,2573.82,9,0,-12.1,1/6/2014,1/10/2014
0,PM-19135,US-2015-134558,19/12/2015,24/12/2015,Second Class,Peter McVee,Home Office,United States,Dover,New Hampshire,3820,East,FUR-TA-10003473,Furniture,Tables,Bretford Rectangular Conference Table Tops,1053.16,4,0.3,-12.12,12/19/2015,12/24/2015
0,FA-14230,CA-2015-108672,10/9/2015,16/09/2015,Standard Class,Frank Atkinson,Corporate,United States,Los Angeles,California,90032,West,FUR-FU-10003799,Furniture,Furnishings,"""Seth Thomas 13 1/2"""" Wall Clock""",106.68,6,0,-12.15,9/10/2015,9/16/2015
0,CC-12475,US-2017-160836,11/9/2017,16/09/2017,Standard Class,Cindy Chapman,Consumer,United States,Houston,Texas,77070,Central,FUR-TA-10002855,Furniture,Tables,Bevis Round Conference Table Top & Single Column Base,512.19,5,0.3,-12.15,9/11/2017,9/16/2017
0,CL-12565,CA-2014-125731,10/9/2014,16/09/2014,Standard Class,Clay Ludtke,Consumer,United States,Gresham,Oregon,97030,West,FUR-CH-10003973,Furniture,Chairs,GuestStacker Chair with Chrome Finish Legs,1487.04,5,0.2,-12.78,9/10/2014,9/16/2014
0,RA-19885,US-2017-106145,26/09/2017,26/09/2017,Same Day,Ruben Ausman,Corporate,United States,San Francisco,California,94109,West,FUR-FU-10003829,Furniture,Furnishings,Stackable Trays,9.24,3,0,-12.83,9/26/2017,9/26/2017
0,MV-17485,CA-2017-103415,3/12/2017,8/12/2017,Standard Class,Mark Van Huff,Consumer,United States,Houston,Texas,77041,Central,FUR-FU-10000820,Furniture,Furnishings,Tensor Brushed Steel Torchiere Floor Lamp,13.59,2,0.6,-12.91,12/3/2017,12/8/2017
0,BS-11380,US-2017-112347,2/12/2017,6/12/2017,Standard Class,Bill Stewart,Corporate,United States,Denver,Colorado,80219,West,FUR-BO-10003546,Furniture,Bookcases,Hon 4-Shelf Metal Bookcases,242.35,8,0.7,-12.96,12/2/2017,12/6/2017
0,BS-11380,US-2017-112347,2/12/2017,6/12/2017,Standard Class,Bill Stewart,Corporate,United States,Denver,Colorado,80219,West,FUR-CH-10002335,Furniture,Chairs,Hon GuestStacker Chair,906.68,5,0.2,-13.17,12/2/2017,12/6/2017
0,EM-13825,CA-2016-136595,5/9/2016,7/9/2016,First Class,Elizabeth Moffitt,Corporate,United States,Houston,Texas,77036,Central,FUR-FU-10004671,Furniture,Furnishings,"""Executive Impressions 12"""" Wall Clock""",21.2,3,0.6,-13.32,9/5/2016,9/7/2016
0,AF-10885,CA-2014-114181,10/5/2014,14/05/2014,Second Class,Art Foster,Consumer,United States,Philadelphia,Pennsylvania,19134,East,FUR-BO-10004467,Furniture,Bookcases,Bestar Classic Bookcase,349.97,7,0.5,-13.32,5/10/2014,5/14/2014
0,TB-21250,US-2016-166660,30/01/2016,1/2/2016,Second Class,Tim Brockman,Consumer,United States,Seattle,Washington,98103,West,FUR-CH-10001190,Furniture,Chairs,Global Deluxe High-Back Office Chair in Storm,435.17,4,0.2,-13.74,1/30/2016,2/1/2016
0,TB-21250,US-2016-166660,30/01/2016,1/2/2016,Second Class,Tim Brockman,Consumer,United States,Seattle,Washington,98103,West,FUR-BO-10000468,Furniture,Bookcases,O'Sullivan 2-Shelf Heavy-Duty Bookcases,48.58,1,0,-13.76,1/30/2016,2/1/2016
0,FH-14275,CA-2014-100916,21/10/2014,26/10/2014,Standard Class,Frank Hawley,Corporate,United States,Newport News,Virginia,23602,South,FUR-TA-10004607,Furniture,Tables,Hon 2111 Invitation Series Straight Table,591.32,4,0,-13.8,10/21/2014,10/26/2014
0,PN-18775,CA-2016-138597,18/12/2016,21/12/2016,First Class,Parhena Norris,Home Office,United States,Omaha,Nebraska,68104,Central,FUR-CH-10004997,Furniture,Chairs,Hon Every-Day Series Multi-Task Chairs,563.94,3,0,-13.81,12/18/2016,12/21/2016
0,DM-13345,CA-2015-142734,16/04/2015,21/04/2015,Standard Class,Denise Monton,Corporate,United States,New York City,New York,10024,East,FUR-CH-10003968,Furniture,Chairs,Novimex Turbo Task Chair,127.76,2,0.1,-13.87,4/16/2015,4/21/2015
0,MB-18085,CA-2017-122945,16/11/2017,22/11/2017,Standard Class,Mick Brown,Consumer,United States,Roseville,California,95661,West,FUR-FU-10001196,Furniture,Furnishings,DAX Cubicle Frames - 8x10,17.31,3,0,-13.98,11/16/2017,11/22/2017
0,DB-13210,CA-2016-158778,5/9/2016,9/9/2016,Standard Class,Dean Braden,Consumer,United States,Philadelphia,Pennsylvania,19134,East,FUR-CH-10000309,Furniture,Chairs,Global Comet Stacking Arm Chair,887.27,3,0.3,-14.14,9/5/2016,9/9/2016
0,BS-11665,CA-2016-101791,27/05/2016,31/05/2016,Standard Class,Brian Stugart,Consumer,United States,Chicago,Illinois,60623,Central,FUR-FU-10003247,Furniture,Furnishings,36X48 HARDFLOOR CHAIRMAT,25.18,3,0.6,-14.16,5/27/2016,5/31/2016
0,BS-11665,CA-2016-101791,27/05/2016,31/05/2016,Standard Class,Brian Stugart,Consumer,United States,Chicago,Illinois,60623,Central,FUR-FU-10002191,Furniture,Furnishings,G.E. Halogen Desk Lamp Bulbs,5.58,2,0.6,-14.2,5/27/2016,5/31/2016
0,JM-15655,CA-2017-151225,27/10/2017,29/10/2017,First Class,Jim Mitchum,Corporate,United States,Los Angeles,California,90032,West,FUR-TA-10001539,Furniture,Tables,Chromcraft Rectangular Conference Tables,189.58,1,0.2,-14.23,10/27/2017,10/29/2017
0,RB-19435,US-2014-144078,25/11/2014,29/11/2014,Standard Class,Richard Bierner,Consumer,United States,Los Angeles,California,90004,West,FUR-CH-10002335,Furniture,Chairs,Hon GuestStacker Chair,725.34,4,0.2,-14.27,11/25/2014,11/29/2014
0,NM-18445,CA-2015-136805,23/05/2015,27/05/2015,Second Class,Nathan Mautz,Home Office,United States,Detroit,Michigan,48234,Central,FUR-FU-10003724,Furniture,Furnishings,Westinghouse Clip-On Gooseneck Lamps,75.33,9,0,-14.39,5/23/2015,5/27/2015
0,KH-16360,US-2017-158526,29/12/2017,1/1/2018,Second Class,Katherine Hughes,Consumer,United States,Louisville,Kentucky,40214,South,FUR-CH-10002602,Furniture,Chairs,DMI Arturo Collection Mission-style Design Wood Chair,1207.84,8,0,-14.41,12/29/2017,1/1/2018
0,KH-16360,US-2017-158526,29/12/2017,1/1/2018,Second Class,Katherine Hughes,Consumer,United States,Louisville,Kentucky,40214,South,FUR-CH-10001270,Furniture,Chairs,Harbour Creations Steel Folding Chair,258.75,3,0,-14.48,12/29/2017,1/1/2018
0,CA-11965,CA-2015-161452,5/4/2015,11/4/2015,Standard Class,Carol Adams,Corporate,United States,Los Angeles,California,90036,West,FUR-CH-10003973,Furniture,Chairs,GuestStacker Chair with Chrome Finish Legs,892.22,3,0.2,-14.48,4/5/2015,4/11/2015
0,FC-14335,CA-2016-138968,15/03/2016,16/03/2016,First Class,Fred Chung,Corporate,United States,San Francisco,California,94110,West,FUR-CH-10000309,Furniture,Chairs,Global Comet Stacking Arm Chair,1352.03,4,0.2,-14.52,3/15/2016,3/16/2016
0,PS-18970,US-2014-120740,15/04/2014,15/04/2014,Same Day,Paul Stevenson,Home Office,United States,Los Angeles,California,90049,West,FUR-FU-10004091,Furniture,Furnishings,"""Howard Miller 13"""" Diameter Goldtone Round Wall Clock""",187.76,4,0,-14.64,4/15/2014,4/15/2014
0,VS-21820,CA-2014-105417,7/1/2014,12/1/2014,Standard Class,Vivek Sundaresam,Consumer,United States,Huntsville,Texas,77340,Central,FUR-FU-10004864,Furniture,Furnishings,"""Howard Miller 14-1/2"""" Diameter Chrome Round Wall Clock""",76.73,3,0.6,-14.87,1/7/2014,1/12/2014
0,NB-18580,CA-2014-151967,22/10/2014,26/10/2014,Standard Class,Nicole Brennan,Corporate,United States,Bossier City,Louisiana,71111,South,FUR-FU-10000193,Furniture,Furnishings,Tenex Chairmats For Use with Hard Floors,129.92,4,0,-14.87,10/22/2014,10/26/2014
0,MA-17560,CA-2015-130974,27/11/2015,29/11/2015,Second Class,Matt Abelman,Home Office,United States,Everett,Massachusetts,2149,East,FUR-BO-10002916,Furniture,Bookcases,"""Rush Hierlooms Collection 1"""" Thick Stackable Bookcases""",170.98,1,0,-14.99,11/27/2015,11/29/2015
0,MA-17560,CA-2015-130974,27/11/2015,29/11/2015,Second Class,Matt Abelman,Home Office,United States,Everett,Massachusetts,2149,East,FUR-FU-10002506,Furniture,Furnishings,"""Tensor """"Hersey Kiss"""" Styled Floor Lamp""",38.97,3,0,-14.99,11/27/2015,11/29/2015
0,MA-17560,CA-2015-130974,27/11/2015,29/11/2015,Second Class,Matt Abelman,Home Office,United States,Everett,Massachusetts,2149,East,FUR-TA-10004619,Furniture,Tables,Hon Non-Folding Utility Tables,446.07,4,0.3,-15.1,11/27/2015,11/29/2015
0,KM-16375,CA-2014-133592,31/12/2014,7/1/2015,Standard Class,Katherine Murray,Home Office,United States,Providence,Rhode Island,2908,East,FUR-BO-10000362,Furniture,Bookcases,Sauder Inglewood Library Bookcases,341.96,2,0,-15.15,12/31/2014,1/7/2015
0,BB-11545,CA-2016-169838,25/11/2016,29/11/2016,Standard Class,Brenda Bowman,Corporate,United States,Jackson,Michigan,49201,Central,FUR-TA-10001095,Furniture,Tables,Chromcraft Round Conference Tables,1568.61,9,0,-15.25,11/25/2016,11/29/2016
0,RS-19420,US-2017-128951,15/07/2017,17/07/2017,First Class,Ricardo Sperren,Corporate,United States,Suffolk,Virginia,23434,South,FUR-TA-10004575,Furniture,Tables,Hon 5100 Series Wood Tables,872.94,3,0,-15.42,7/15/2017,7/17/2017
0,BF-11170,CA-2017-151799,14/12/2017,18/12/2017,Standard Class,Ben Ferrer,Home Office,United States,Lawrence,Massachusetts,1841,East,FUR-TA-10003473,Furniture,Tables,Bretford Rectangular Conference Table Tops,526.58,2,0.3,-15.48,12/14/2017,12/18/2017
0,AA-10480,CA-2016-114601,26/08/2016,2/9/2016,Standard Class,Andrew Allen,Consumer,United States,Detroit,Michigan,48234,Central,FUR-TA-10004147,Furniture,Tables,Hon 4060 Series Tables,447.84,4,0,-15.53,8/26/2016,9/2/2016
0,AR-10345,CA-2015-139374,10/9/2015,14/09/2015,Standard Class,Alex Russell,Corporate,United States,Austin,Texas,78745,Central,FUR-CH-10003981,Furniture,Chairs,Global Commerce Series Low-Back Swivel/Tilt Chairs,179.89,1,0.3,-15.62,9/10/2015,9/14/2015
0,KH-16510,CA-2015-133242,18/06/2015,24/06/2015,Standard Class,Keith Herrera,Consumer,United States,Arlington,Virginia,22204,South,FUR-FU-10003464,Furniture,Furnishings,"""Seth Thomas 8 1/2"""" Cubicle Clock""",60.84,3,0,-15.72,6/18/2015,6/24/2015
0,AB-10600,CA-2015-158323,30/11/2015,3/12/2015,First Class,Ann Blume,Corporate,United States,Jacksonville,North Carolina,28540,South,FUR-FU-10001546,Furniture,Furnishings,Dana Swing-Arm Lamps,17.09,2,0.2,-15.93,11/30/2015,12/3/2015
0,BB-11545,US-2017-118941,12/8/2017,12/8/2017,Same Day,Brenda Bowman,Corporate,United States,Columbia,Maryland,21044,East,FUR-CH-10002331,Furniture,Chairs,Hon 4700 Series Mobuis Mid-Back Task Chairs with Adjustable Arms,1779.9,5,0,-16.26,8/12/2017,8/12/2017
0,ER-13855,CA-2016-162236,4/11/2016,6/11/2016,Second Class,Elpida Rittenbach,Corporate,United States,Charlotte,North Carolina,28205,South,FUR-TA-10002533,Furniture,Tables,BPI Conference Tables,876.3,10,0.4,-16.59,11/4/2016,11/6/2016
0,LW-17215,US-2016-117037,17/05/2016,20/05/2016,First Class,Luke Weiss,Consumer,United States,Chicago,Illinois,60653,Central,FUR-FU-10004973,Furniture,Furnishings,Flat Face Poster Frame,22.61,3,0.6,-16.65,5/17/2016,5/20/2016
0,HR-14830,CA-2017-166184,24/03/2017,27/03/2017,First Class,Harold Ryan,Corporate,United States,New York City,New York,10035,East,FUR-CH-10003396,Furniture,Chairs,Global Deluxe Steno Chair,207.85,3,0.1,-17.03,3/24/2017,3/27/2017
0,DK-13090,CA-2016-134334,14/02/2016,15/02/2016,First Class,Dave Kipp,Consumer,United States,Clinton,Maryland,20735,East,FUR-TA-10002356,Furniture,Tables,Bevis Boat-Shaped Conference Table,550.43,3,0.3,-17.04,2/14/2016,2/15/2016
0,DK-13090,CA-2016-134334,14/02/2016,15/02/2016,First Class,Dave Kipp,Consumer,United States,Clinton,Maryland,20735,East,FUR-FU-10003274,Furniture,Furnishings,Regeneration Desk Collection,10.56,6,0,-17.44,2/14/2016,2/15/2016
0,BW-11110,CA-2015-137302,26/04/2015,1/5/2015,Standard Class,Bart Watters,Corporate,United States,San Diego,California,92105,West,FUR-CH-10002017,Furniture,Chairs,SAFCO Optional Arm Kit for Workspace Cribbage Stacking Chair,63.94,3,0.2,-17.78,4/26/2015,5/1/2015
0,EB-14110,CA-2015-106257,13/04/2015,17/04/2015,Second Class,Eugene Barchas,Consumer,United States,Los Angeles,California,90045,West,FUR-TA-10002530,Furniture,Tables,"""Iceberg OfficeWorks 42"""" Round Tables""",241.57,2,0.2,-18.06,4/13/2015,4/17/2015
0,SH-19975,CA-2015-149083,25/09/2015,30/09/2015,Standard Class,Sally Hughsby,Corporate,United States,Seattle,Washington,98103,West,FUR-CH-10004289,Furniture,Chairs,Global Super Steno Chair,307.14,4,0.2,-18.09,9/25/2015,9/30/2015
0,CV-12295,US-2014-137869,28/03/2014,2/4/2014,Standard Class,Christina VanderZanden,Consumer,United States,Des Moines,Iowa,50315,Central,FUR-TA-10003954,Furniture,Tables,Hon 94000 Series Round Tables,1184.72,4,0,-18.11,3/28/2014,4/2/2014
0,GM-14500,US-2017-123834,21/07/2017,25/07/2017,Standard Class,Gene McClure,Consumer,United States,Pharr,Texas,78577,Central,FUR-TA-10001676,Furniture,Tables,Hon 61000 Series Interactive Training Tables,124.4,4,0.3,-18.12,7/21/2017,7/25/2017
0,DW-13540,CA-2016-128706,27/02/2016,2/3/2016,Standard Class,Don Weiss,Consumer,United States,Houston,Texas,77070,Central,FUR-FU-10004053,Furniture,Furnishings,DAX Two-Tone Silver Metal Document Frame,16.19,2,0.6,-18.12,2/27/2016,3/2/2016
0,TG-21310,CA-2015-143364,14/07/2015,19/07/2015,Second Class,Toby Gnade,Consumer,United States,Mesa,Arizona,85204,West,FUR-CH-10004287,Furniture,Chairs,SAFCO Arco Folding Chair,441.92,2,0.2,-18.12,7/14/2015,7/19/2015
0,DB-12910,CA-2016-101672,3/10/2016,7/10/2016,Standard Class,Daniel Byrd,Home Office,United States,Lake Forest,California,92630,West,FUR-CH-10004063,Furniture,Chairs,Global Deluxe High-Back Manager's Chair,915.14,4,0.2,-18.18,10/3/2016,10/7/2016
0,JS-15685,CA-2016-155747,14/06/2016,21/06/2016,Standard Class,Jim Sink,Corporate,United States,Philadelphia,Pennsylvania,19140,East,FUR-TA-10003392,Furniture,Tables,Global Adaptabilities Conference Tables,337.18,2,0.4,-18.22,6/14/2016,6/21/2016
0,LC-16870,CA-2017-118017,3/12/2017,6/12/2017,Second Class,Lena Cacioppo,Consumer,United States,Thornton,Colorado,80229,West,FUR-FU-10004351,Furniture,Furnishings,Staple-based wall hangings,23.38,3,0.2,-18.24,12/3/2017,12/6/2017
0,LC-16870,CA-2017-118017,3/12/2017,6/12/2017,Second Class,Lena Cacioppo,Consumer,United States,Thornton,Colorado,80229,West,FUR-FU-10004053,Furniture,Furnishings,DAX Two-Tone Silver Metal Document Frame,16.19,1,0.2,-18.56,12/3/2017,12/6/2017
0,TS-21655,CA-2016-148684,25/12/2016,29/12/2016,Standard Class,Trudy Schmidt,Consumer,United States,Fayetteville,Arkansas,72701,South,FUR-FU-10003553,Furniture,Furnishings,"""Howard Miller 13-1/2"""" Diameter Rosebrook Wall Clock""",343.85,5,0,-19.07,12/25/2016,12/29/2016
0,DC-12850,CA-2017-128363,13/08/2017,18/08/2017,Standard Class,Dan Campbell,Consumer,United States,Memphis,Tennessee,38109,South,FUR-FU-10003268,Furniture,Furnishings,Eldon Radial Chair Mat for Low to Medium Pile Carpets,31.98,1,0.2,-19.11,8/13/2017,8/18/2017
0,DC-12850,CA-2017-128363,13/08/2017,18/08/2017,Standard Class,Dan Campbell,Consumer,United States,Memphis,Tennessee,38109,South,FUR-CH-10002073,Furniture,Chairs,Hon Olson Stacker Chairs,423.65,2,0.2,-19.11,8/13/2017,8/18/2017
0,RD-19720,CA-2016-149762,3/12/2016,7/12/2016,Standard Class,Roger Demir,Consumer,United States,Morgan Hill,California,95037,West,FUR-TA-10004147,Furniture,Tables,Hon 4060 Series Tables,268.7,3,0.2,-19.26,12/3/2016,12/7/2016
0,RD-19720,CA-2016-149762,3/12/2016,7/12/2016,Standard Class,Roger Demir,Consumer,United States,Morgan Hill,California,95037,West,FUR-BO-10001337,Furniture,Bookcases,O'Sullivan Living Dimensions 2-Shelf Bookcases,205.67,2,0.15,-19.34,12/3/2016,12/7/2016
0,KH-16330,CA-2017-120404,20/11/2017,24/11/2017,Second Class,Katharine Harms,Corporate,United States,New York City,New York,10035,East,FUR-FU-10000820,Furniture,Furnishings,Tensor Brushed Steel Torchiere Floor Lamp,50.97,3,0,-19.77,11/20/2017,11/24/2017
0,EM-14200,CA-2017-167549,25/07/2017,27/07/2017,First Class,Evan Minnotte,Home Office,United States,Dallas,Texas,75217,Central,FUR-TA-10004767,Furniture,Tables,Safco Drafting Table,298.12,6,0.3,-19.86,7/25/2017,7/27/2017
0,MC-17425,US-2016-168095,15/07/2016,20/07/2016,Standard Class,Mark Cousins,Corporate,United States,Portland,Oregon,97206,West,FUR-CH-10004886,Furniture,Chairs,Bevis Steel Folding Chairs,230.28,3,0.2,-19.87,7/15/2016,7/20/2016
0,SC-20380,CA-2014-131009,1/3/2014,5/3/2014,Standard Class,Shahid Collister,Consumer,United States,El Paso,Texas,79907,Central,FUR-CH-10001270,Furniture,Chairs,Harbour Creations Steel Folding Chair,362.25,6,0.3,-20.15,3/1/2014,3/5/2014
0,SC-20380,CA-2014-131009,1/3/2014,5/3/2014,Standard Class,Shahid Collister,Consumer,United States,El Paso,Texas,79907,Central,FUR-FU-10001095,Furniture,Furnishings,DAX Black Cherry Wood-Tone Poster Frame,63.55,6,0.6,-20.25,3/1/2014,3/5/2014
0,GG-14650,CA-2017-131807,5/10/2017,10/10/2017,Standard Class,Greg Guthrie,Corporate,United States,Chico,California,95928,West,FUR-CH-10001190,Furniture,Chairs,Global Deluxe High-Back Office Chair in Storm,435.17,4,0.2,-20.7,10/5/2017,10/10/2017
0,GG-14650,CA-2017-131807,5/10/2017,10/10/2017,Standard Class,Greg Guthrie,Corporate,United States,Chico,California,95928,West,FUR-FU-10004666,Furniture,Furnishings,DAX Clear Channel Poster Frame,72.9,5,0,-20.73,10/5/2017,10/10/2017
0,GG-14650,CA-2017-131807,5/10/2017,10/10/2017,Standard Class,Greg Guthrie,Corporate,United States,Chico,California,95928,West,FUR-TA-10004086,Furniture,Tables,KI Adjustable-Height Table,206.35,3,0.2,-20.78,10/5/2017,10/10/2017
0,MM-18055,US-2015-165743,20/11/2015,23/11/2015,Second Class,Michelle Moray,Consumer,United States,Aurora,Colorado,80013,West,FUR-BO-10002268,Furniture,Bookcases,Sauder Barrister Bookcases,145.76,6,0.7,-21.47,11/20/2015,11/23/2015
0,CR-12580,US-2017-105998,3/11/2017,5/11/2017,First Class,Clay Rozendal,Home Office,United States,San Diego,California,92037,West,FUR-TA-10001095,Furniture,Tables,Chromcraft Round Conference Tables,1673.18,12,0.2,-21.72,11/3/2017,11/5/2017
0,AA-10645,CA-2014-143210,1/12/2014,3/12/2014,First Class,Anna Andreadi,Consumer,United States,Lowell,Massachusetts,1852,East,FUR-FU-10002268,Furniture,Furnishings,Ultra Door Push Plate,9.82,2,0,-22.14,12/1/2014,12/3/2014
0,AA-10645,CA-2015-110863,17/11/2015,24/11/2015,Standard Class,Anna Andreadi,Consumer,United States,Oklahoma City,Oklahoma,73120,Central,FUR-CH-10002073,Furniture,Chairs,Hon Olson Stacker Chairs,1323.9,5,0,-22.14,11/17/2015,11/24/2015
0,TB-21625,CA-2017-120168,25/05/2017,25/05/2017,Same Day,Trudy Brown,Consumer,United States,New York City,New York,10009,East,FUR-FU-10000732,Furniture,Furnishings,Eldon 200 Class Desk Accessories,18.84,3,0,-22.24,5/25/2017,5/25/2017
0,NF-18595,US-2014-131870,9/9/2014,11/9/2014,First Class,Nicole Fjeld,Home Office,United States,Lancaster,Ohio,43130,East,FUR-FU-10002501,Furniture,Furnishings,Nu-Dell Executive Frame,60.67,6,0.2,-22.95,9/9/2014,9/11/2014
0,HM-14860,CA-2014-129189,21/07/2014,25/07/2014,Standard Class,Harry Marie,Corporate,United States,Dallas,Texas,75217,Central,FUR-CH-10004997,Furniture,Chairs,Hon Every-Day Series Multi-Task Chairs,657.93,5,0.3,-23.04,7/21/2014,7/25/2014
0,DM-13525,CA-2015-132465,11/9/2015,15/09/2015,Second Class,Don Miller,Corporate,United States,New York City,New York,10035,East,FUR-FU-10000277,Furniture,Furnishings,Deflect-o DuraMat Antistatic Studded Beveled Mat for Medium Pile Carpeting,210.68,2,0,-23.49,9/11/2015,9/15/2015
0,NM-18520,CA-2016-158806,7/1/2016,11/1/2016,Standard Class,Neoma Murray,Consumer,United States,Amarillo,Texas,79109,Central,FUR-FU-10004270,Furniture,Furnishings,"""Executive Impressions 13"""" Clairmont Wall Clock""",23.08,3,0.6,-23.58,1/7/2016,1/11/2016
0,PV-18985,US-2017-133081,11/3/2017,15/03/2017,Standard Class,Paul Van Hugh,Home Office,United States,Cambridge,Massachusetts,2138,East,FUR-FU-10001379,Furniture,Furnishings,"""Executive Impressions 16-1/2"""" Circular Wall Clock""",26.72,1,0,-23.98,3/11/2017,3/15/2017
0,CM-12715,CA-2014-144974,26/09/2014,30/09/2014,Standard Class,Craig Molinari,Corporate,United States,Philadelphia,Pennsylvania,19140,East,FUR-FU-10001095,Furniture,Furnishings,DAX Black Cherry Wood-Tone Poster Frame,21.18,1,0.2,-24.1,9/26/2014,9/30/2014
0,CB-12025,CA-2015-121188,28/08/2015,4/9/2015,Standard Class,Cassandra Brandow,Consumer,United States,Los Angeles,California,90049,West,FUR-BO-10004695,Furniture,Bookcases,O'Sullivan 2-Door Barrister Bookcase in Odessa Pine,307.67,2,0.15,-24.19,8/28/2015,9/4/2015
0,CB-12025,CA-2015-121188,28/08/2015,4/9/2015,Standard Class,Cassandra Brandow,Consumer,United States,Los Angeles,California,90049,West,FUR-FU-10003981,Furniture,Furnishings,Eldon Wave Desk Accessories,4.16,2,0,-24.24,8/28/2015,9/4/2015
0,NS-18640,US-2015-160563,20/10/2015,24/10/2015,Standard Class,Noel Staavos,Corporate,United States,San Francisco,California,94109,West,FUR-FU-10001731,Furniture,Furnishings,Acrylic Self-Standing Desk Frames,16.02,6,0,-24.29,10/20/2015,10/24/2015
0,JM-15250,CA-2017-151750,1/1/2017,5/1/2017,Standard Class,Janet Martin,Consumer,United States,Huntsville,Texas,77340,Central,FUR-CH-10003199,Furniture,Chairs,Office Star - Contemporary Task Swivel Chair,310.74,4,0.3,-24.4,1/1/2017,1/5/2017
0,LC-16960,CA-2016-105753,20/10/2016,26/10/2016,Standard Class,Lindsay Castell,Home Office,United States,Arlington,Virginia,22204,South,FUR-FU-10000246,Furniture,Furnishings,Aluminum Document Frame,61.1,5,0,-24.8,10/20/2016,10/26/2016
0,DK-13375,CA-2017-133046,27/07/2017,1/8/2017,Second Class,Dennis Kane,Consumer,United States,Seattle,Washington,98115,West,FUR-FU-10001940,Furniture,Furnishings,Staple-based wall hangings,23.88,3,0,-24.84,7/27/2017,8/1/2017
0,EG-13900,US-2017-167570,8/12/2017,15/12/2017,Standard Class,Emily Grady,Consumer,United States,Philadelphia,Pennsylvania,19140,East,FUR-CH-10003396,Furniture,Chairs,Global Deluxe Steno Chair,215.54,4,0.3,-24.86,12/8/2017,12/15/2017
0,RD-19930,CA-2017-160122,18/11/2017,23/11/2017,Standard Class,Russell D'Ascenzo,Consumer,United States,Chicago,Illinois,60623,Central,FUR-CH-10000422,Furniture,Chairs,Global Highback Leather Tilter in Burgundy,127.39,2,0.3,-24.96,11/18/2017,11/23/2017
0,RW-19540,CA-2017-101014,29/08/2017,4/9/2017,Standard Class,Rick Wilson,Corporate,United States,Los Angeles,California,90049,West,FUR-FU-10003374,Furniture,Furnishings,Electrix Fluorescent Magnifier Lamps & Weighted Base,148.02,3,0,-25.38,8/29/2017,9/4/2017
0,EB-13930,US-2017-106551,22/07/2017,27/07/2017,Standard Class,Eric Barreto,Consumer,United States,Chicago,Illinois,60653,Central,FUR-CH-10004997,Furniture,Chairs,Hon Every-Day Series Multi-Task Chairs,526.34,4,0.3,-25.47,7/22/2017,7/27/2017
0,LP-17080,CA-2016-116722,11/11/2016,16/11/2016,Standard Class,Liz Pelletier,Consumer,United States,San Francisco,California,94110,West,FUR-FU-10001934,Furniture,Furnishings,Magnifier Swing Arm Lamp,41.96,2,0,-25.48,11/11/2016,11/16/2016
0,LP-17080,CA-2016-116722,11/11/2016,16/11/2016,Standard Class,Liz Pelletier,Consumer,United States,San Francisco,California,94110,West,FUR-CH-10004997,Furniture,Chairs,Hon Every-Day Series Multi-Task Chairs,451.15,3,0.2,-25.91,11/11/2016,11/16/2016
0,JA-15970,US-2017-150070,7/9/2017,12/9/2017,Standard Class,Joseph Airdo,Consumer,United States,Modesto,California,95351,West,FUR-CH-10004860,Furniture,Chairs,Global Low Back Tilter Chair,161.57,2,0.2,-26.09,9/7/2017,9/12/2017
0,DP-13000,CA-2017-157350,26/08/2017,1/9/2017,Standard Class,Darren Powers,Consumer,United States,Chicago,Illinois,60610,Central,FUR-FU-10000222,Furniture,Furnishings,"""Seth Thomas 16"""" Steel Case Clock""",64.96,5,0.6,-26.17,8/26/2017,9/1/2017
0,CS-12490,CA-2016-118073,12/8/2016,16/08/2016,Standard Class,Cindy Schnelling,Corporate,United States,Lakeland,Florida,33801,South,FUR-TA-10002533,Furniture,Tables,BPI Conference Tables,562.29,7,0.45,-26.64,8/12/2016,8/16/2016
0,AZ-10750,CA-2016-100993,5/2/2016,10/2/2016,Standard Class,Annie Zypern,Consumer,United States,San Diego,California,92037,West,FUR-TA-10001095,Furniture,Tables,Chromcraft Round Conference Tables,557.73,4,0.2,-26.76,2/5/2016,2/10/2016
0,JD-15790,CA-2016-134138,16/02/2016,20/02/2016,Standard Class,John Dryer,Consumer,United States,Belleville,New Jersey,7109,East,FUR-CH-10001545,Furniture,Chairs,Hon Comfortask Task/Swivel Chairs,227.96,2,0,-28.22,2/16/2016,2/20/2016
0,LT-17110,CA-2015-168207,2/11/2015,6/11/2015,Standard Class,Liz Thompson,Consumer,United States,San Diego,California,92105,West,FUR-FU-10004909,Furniture,Furnishings,Contemporary Wood/Metal Frame,96.96,6,0,-28.22,11/2/2015,11/6/2015
0,LT-17110,CA-2015-168207,2/11/2015,6/11/2015,Standard Class,Liz Thompson,Consumer,United States,San Diego,California,92105,West,FUR-BO-10004357,Furniture,Bookcases,O'Sullivan Living Dimensions 3-Shelf Bookcases,512.5,3,0.15,-28.27,11/2/2015,11/6/2015
0,AH-10690,CA-2016-144148,31/07/2016,5/8/2016,Standard Class,Anna HŠberlin,Corporate,United States,San Francisco,California,94122,West,FUR-TA-10002774,Furniture,Tables,Laminate Occasional Tables,863.13,7,0.2,-28.27,7/31/2016,8/5/2016
0,AB-10060,CA-2017-107174,6/11/2017,13/11/2017,Standard Class,Adam Bellavance,Home Office,United States,Seattle,Washington,98105,West,FUR-TA-10004575,Furniture,Tables,Hon 5100 Series Wood Tables,2036.86,7,0,-28.36,11/6/2017,11/13/2017
0,AB-10060,CA-2017-107174,6/11/2017,13/11/2017,Standard Class,Adam Bellavance,Home Office,United States,Seattle,Washington,98105,West,FUR-CH-10003312,Furniture,Chairs,Hon 2090 ÒPillow SoftÓ Series Mid Back Swivel/Tilt Chairs,449.57,2,0.2,-28.5,11/6/2017,11/13/2017
0,DK-12985,CA-2015-112767,2/8/2015,6/8/2015,Standard Class,Darren Koutras,Consumer,United States,Springfield,Oregon,97477,West,FUR-TA-10003469,Furniture,Tables,Balt Split Level Computer Training Table,277.5,4,0.5,-28.6,8/2/2015,8/6/2015
0,BM-11575,CA-2017-155642,18/05/2017,22/05/2017,Standard Class,Brendan Murry,Corporate,United States,Chicago,Illinois,60653,Central,FUR-FU-10004973,Furniture,Furnishings,Flat Face Poster Frame,22.61,3,0.6,-28.96,5/18/2017,5/22/2017
0,BM-11575,CA-2017-155642,18/05/2017,22/05/2017,Standard Class,Brendan Murry,Corporate,United States,Chicago,Illinois,60653,Central,FUR-FU-10001918,Furniture,Furnishings,C-Line Cubicle Keepers Polyproplyene Holder With Velcro Backings,1.89,1,0.6,-28.98,5/18/2017,5/22/2017
0,CC-12370,US-2017-155866,17/11/2017,21/11/2017,Standard Class,Christopher Conant,Consumer,United States,New York City,New York,10011,East,FUR-FU-10004091,Furniture,Furnishings,"""Howard Miller 13"""" Diameter Goldtone Round Wall Clock""",187.76,4,0,-29.12,11/17/2017,11/21/2017
0,LR-16915,CA-2015-141327,30/11/2015,3/12/2015,First Class,Lena Radford,Consumer,United States,Durham,North Carolina,27707,South,FUR-FU-10000576,Furniture,Furnishings,Luxo Professional Fluorescent Magnifier Lamp with Clamp-Mount Base,335.74,2,0.2,-29.15,11/30/2015,12/3/2015
0,KD-16495,CA-2015-114811,8/11/2015,8/11/2015,Same Day,Keith Dawkins,Corporate,United States,New York City,New York,10024,East,FUR-FU-10002240,Furniture,Furnishings,Nu-Dell EZ-Mount Plastic Wall Frames,11.82,3,0,-29.25,11/8/2015,11/8/2015
0,KD-16495,CA-2015-114811,8/11/2015,8/11/2015,Same Day,Keith Dawkins,Corporate,United States,New York City,New York,10024,East,FUR-CH-10003746,Furniture,Chairs,Hon 4070 Series Pagoda Round Back Stacking Chairs,577.76,2,0.1,-29.25,11/8/2015,11/8/2015
0,SA-20830,CA-2015-122266,26/04/2015,30/04/2015,Standard Class,Sue Ann Reed,Consumer,United States,Daytona Beach,Florida,32114,South,FUR-TA-10000577,Furniture,Tables,Bretford CR4500 Series Slim Rectangular Table,191.52,1,0.45,-29.28,4/26/2015,4/30/2015
0,MC-17845,CA-2016-116337,7/11/2016,12/11/2016,Standard Class,Michael Chen,Consumer,United States,Dallas,Texas,75220,Central,FUR-FU-10002030,Furniture,Furnishings,"""Executive Impressions 14"""" Contract Wall Clock with Quartz Movement""",44.46,5,0.6,-29.32,11/7/2016,11/12/2016
0,RD-19930,CA-2014-120775,3/10/2014,7/10/2014,Standard Class,Russell D'Ascenzo,Consumer,United States,Dallas,Texas,75217,Central,FUR-FU-10000758,Furniture,Furnishings,DAX Natural Wood-Tone Poster Frame,31.78,3,0.6,-29.32,10/3/2014,10/7/2014
0,PF-19165,CA-2016-162355,30/06/2016,2/7/2016,Second Class,Philip Fox,Consumer,United States,Sandy Springs,Georgia,30328,South,FUR-BO-10004695,Furniture,Bookcases,O'Sullivan 2-Door Barrister Bookcase in Odessa Pine,1266.86,7,0,-29.51,6/30/2016,7/2/2016
0,CJ-12010,CA-2017-102204,1/5/2017,6/5/2017,Standard Class,Caroline Jumper,Consumer,United States,Jacksonville,Florida,32216,South,FUR-TA-10001889,Furniture,Tables,Bush Advantage Collection Racetrack Conference Table,933.26,4,0.45,-29.61,5/1/2017,5/6/2017
0,CJ-12010,CA-2017-102204,1/5/2017,6/5/2017,Standard Class,Caroline Jumper,Consumer,United States,Jacksonville,Florida,32216,South,FUR-CH-10002024,Furniture,Chairs,HON 5400 Series Task Chairs for Big and Tall,2803.92,5,0.2,-29.61,5/1/2017,5/6/2017
0,PT-19090,CA-2017-103065,20/10/2017,20/10/2017,Same Day,Pete Takahito,Consumer,United States,Jacksonville,Florida,32216,South,FUR-FU-10000175,Furniture,Furnishings,DAX Wood Document Frame.,43.94,4,0.2,-29.92,10/20/2017,10/20/2017
0,BW-11200,CA-2014-109897,12/8/2014,16/08/2014,Standard Class,Ben Wallace,Consumer,United States,San Francisco,California,94122,West,FUR-FU-10002878,Furniture,Furnishings,"""Seth Thomas 14"""" Day/Date Wall Clock""",85.44,3,0,-30.1,8/12/2014,8/16/2014
0,MS-17365,CA-2015-140221,5/3/2015,9/3/2015,Second Class,Maribeth Schnelling,Consumer,United States,Chicago,Illinois,60653,Central,FUR-FU-10000023,Furniture,Furnishings,Eldon Wave Desk Accessories,4.71,2,0.6,-30.15,3/5/2015,3/9/2015
0,LP-17095,CA-2017-121790,30/01/2017,6/2/2017,Standard Class,Liz Preis,Consumer,United States,Aurora,Illinois,60505,Central,FUR-TA-10003469,Furniture,Tables,Balt Split Level Computer Training Table,69.38,1,0.5,-30.25,1/30/2017,2/6/2017
0,JE-15715,CA-2016-169670,25/12/2016,31/12/2016,Standard Class,Joe Elijah,Consumer,United States,New York City,New York,10009,East,FUR-CH-10002331,Furniture,Chairs,Hon 4700 Series Mobuis Mid-Back Task Chairs with Adjustable Arms,2563.06,8,0.1,-30.29,12/25/2016,12/31/2016
0,MY-18295,CA-2016-139549,20/10/2016,25/10/2016,Standard Class,Muhammed Yedwab,Corporate,United States,El Cajon,California,92020,West,FUR-CH-10001802,Furniture,Chairs,Hon Every-Day Chair Series Swivel Task Chairs,387.14,4,0.2,-30.39,10/20/2016,10/25/2016
0,MC-17605,CA-2017-134810,9/5/2017,10/5/2017,First Class,Matt Connell,Corporate,United States,Jacksonville,North Carolina,28540,South,FUR-CH-10001270,Furniture,Chairs,Harbour Creations Steel Folding Chair,207,3,0.2,-30.59,5/9/2017,5/10/2017
0,SZ-20035,CA-2015-154284,21/12/2015,26/12/2015,Second Class,Sam Zeldin,Home Office,United States,Saint Charles,Illinois,60174,Central,FUR-FU-10003039,Furniture,Furnishings,"""Howard Miller 11-1/2"""" Diameter Grantwood Wall Clock""",51.76,3,0.6,-30.93,12/21/2015,12/26/2015
0,RS-19765,US-2015-158911,5/7/2015,11/7/2015,Standard Class,Roland Schwarz,Corporate,United States,Charlotte,North Carolina,28205,South,FUR-FU-10003829,Furniture,Furnishings,Stackable Trays,4.93,2,0.2,-31.03,7/5/2015,7/11/2015
0,GW-14605,CA-2014-168312,1/3/2014,7/3/2014,Standard Class,Giulietta Weimer,Consumer,United States,Houston,Texas,77036,Central,FUR-TA-10001866,Furniture,Tables,Bevis Round Conference Room Tables and Bases,376.51,3,0.3,-31.65,3/1/2014,3/7/2014
0,BD-11500,US-2017-105935,26/01/2017,31/01/2017,Standard Class,Bradley Drucker,Consumer,United States,Columbus,Georgia,31907,South,FUR-FU-10002157,Furniture,Furnishings,Artistic Insta-Plaque,62.72,4,0,-31.84,1/26/2017,1/31/2017
0,PV-18985,CA-2014-161508,12/7/2014,16/07/2014,Standard Class,Paul Van Hugh,Home Office,United States,League City,Texas,77573,Central,FUR-CH-10002126,Furniture,Chairs,Hon Deluxe Fabric Upholstered Stacking Chairs,512.36,3,0.3,-31.86,7/12/2014,7/16/2014
0,GM-14440,US-2014-155544,21/03/2014,25/03/2014,Standard Class,Gary McGarr,Consumer,United States,Knoxville,Tennessee,37918,South,FUR-FU-10001473,Furniture,Furnishings,DAX Wood Document Frame,32.95,3,0.2,-32.32,3/21/2014,3/25/2014
0,GM-14440,US-2014-155544,21/03/2014,25/03/2014,Standard Class,Gary McGarr,Consumer,United States,Knoxville,Tennessee,37918,South,FUR-CH-10000422,Furniture,Chairs,Global Highback Leather Tilter in Burgundy,218.38,3,0.2,-32.37,3/21/2014,3/25/2014
0,BO-11350,CA-2017-132199,3/5/2017,8/5/2017,Standard Class,Bill Overfelt,Corporate,United States,Philadelphia,Pennsylvania,19134,East,FUR-TA-10003748,Furniture,Tables,Bevis 36 x 72 Conference Tables,373.47,5,0.4,-34.07,5/3/2017,5/8/2017
0,XP-21865,CA-2016-163174,26/08/2016,30/08/2016,Standard Class,Xylona Preis,Consumer,United States,Athens,Georgia,30605,South,FUR-FU-10000308,Furniture,Furnishings,Deflect-o Glass Clear Studded Chair Mats,186.54,3,0,-34.2,8/26/2016,8/30/2016
0,SV-20365,CA-2016-118745,11/6/2016,16/06/2016,Standard Class,Seth Vernon,Consumer,United States,Los Angeles,California,90049,West,FUR-TA-10003473,Furniture,Tables,Bretford Rectangular Conference Table Tops,902.71,3,0.2,-34.64,6/11/2016,6/16/2016
0,SC-20680,CA-2016-113726,24/11/2016,1/12/2016,Standard Class,Steve Carroll,Home Office,United States,Seattle,Washington,98105,West,FUR-FU-10003535,Furniture,Furnishings,Howard Miller Distant Time Traveler Alarm Clock,82.26,3,0,-34.92,11/24/2016,12/1/2016
0,MH-17440,CA-2016-163048,8/2/2016,15/02/2016,Standard Class,Mark Haberlin,Corporate,United States,Houston,Texas,77036,Central,FUR-CH-10001270,Furniture,Chairs,Harbour Creations Steel Folding Chair,241.5,4,0.3,-34.95,2/8/2016,2/15/2016
0,JB-16045,CA-2017-110625,23/12/2017,30/12/2017,Standard Class,Julia Barnett,Home Office,United States,Danbury,Connecticut,6810,East,FUR-FU-10001473,Furniture,Furnishings,DAX Wood Document Frame,27.46,2,0,-35.36,12/23/2017,12/30/2017
0,EJ-14155,CA-2016-142594,1/12/2016,6/12/2016,Second Class,Eva Jacobs,Consumer,United States,Franklin,Massachusetts,2038,East,FUR-FU-10002045,Furniture,Furnishings,"""Executive Impressions 14""""""",111.15,5,0,-35.36,12/1/2016,12/6/2016
0,EJ-14155,CA-2016-142594,1/12/2016,6/12/2016,Second Class,Eva Jacobs,Consumer,United States,Franklin,Massachusetts,2038,East,FUR-TA-10001095,Furniture,Tables,Chromcraft Round Conference Tables,366.01,3,0.3,-35.51,12/1/2016,12/6/2016
0,SR-20425,CA-2017-120061,2/11/2017,7/11/2017,Second Class,Sharelle Roach,Home Office,United States,Springfield,Ohio,45503,East,FUR-CH-10001973,Furniture,Chairs,Office Star Flex Back Scooter Chair with White Frame,155.37,2,0.3,-35.51,11/2/2017,11/7/2017
0,HE-14800,CA-2017-140480,8/7/2017,12/7/2017,Standard Class,Harold Engle,Corporate,United States,Newark,Delaware,19711,East,FUR-FU-10003247,Furniture,Furnishings,36X48 HARDFLOOR CHAIRMAT,83.92,4,0,-36.11,7/8/2017,7/12/2017
0,HE-14800,CA-2017-140480,8/7/2017,12/7/2017,Standard Class,Harold Engle,Corporate,United States,Newark,Delaware,19711,East,FUR-FU-10001057,Furniture,Furnishings,Tensor Track Tree Floor Lamp,39.98,2,0,-36.11,7/8/2017,7/12/2017
0,ON-18715,CA-2016-130820,15/11/2016,15/11/2016,Same Day,Odella Nelson,Corporate,United States,Burlington,North Carolina,27217,South,FUR-TA-10001768,Furniture,Tables,Hon Racetrack Conference Tables,630.02,4,0.4,-36.12,11/15/2016,11/15/2016
0,NP-18670,CA-2017-150091,12/10/2017,16/10/2017,Standard Class,Nora Paige,Consumer,United States,Lakewood,New Jersey,8701,East,FUR-FU-10004053,Furniture,Furnishings,DAX Two-Tone Silver Metal Document Frame,40.48,2,0,-36.21,10/12/2017,10/16/2017
0,CL-12565,CA-2016-118129,19/12/2016,21/12/2016,Second Class,Clay Ludtke,Consumer,United States,Reading,Pennsylvania,19601,East,FUR-FU-10004904,Furniture,Furnishings,"""Eldon """"L"""" Workstation Diamond Chairmat""",303.92,5,0.2,-36.29,12/19/2016,12/21/2016
0,KN-16450,CA-2017-155621,8/11/2017,13/11/2017,Standard Class,Kean Nguyen,Corporate,United States,Baltimore,Maryland,21215,East,FUR-FU-10003535,Furniture,Furnishings,Howard Miller Distant Time Traveler Alarm Clock,274.2,10,0,-36.29,11/8/2017,11/13/2017
0,SC-20260,US-2014-127635,14/09/2014,18/09/2014,Second Class,Scott Cohen,Corporate,United States,Corpus Christi,Texas,78415,Central,FUR-FU-10000550,Furniture,Furnishings,Stacking Trays by OIC,9.96,5,0.6,-36.44,9/14/2014,9/18/2014
0,AH-10075,CA-2017-125451,23/10/2017,24/10/2017,First Class,Adam Hart,Corporate,United States,Cranston,Rhode Island,2920,East,FUR-TA-10001039,Furniture,Tables,KI Adjustable-Height Table,240.74,4,0.3,-36.47,10/23/2017,10/24/2017
0,AH-10075,CA-2017-125451,23/10/2017,24/10/2017,First Class,Adam Hart,Corporate,United States,Cranston,Rhode Island,2920,East,FUR-FU-10000277,Furniture,Furnishings,Deflect-o DuraMat Antistatic Studded Beveled Mat for Medium Pile Carpeting,210.68,2,0,-37.11,10/23/2017,10/24/2017
0,TH-21115,CA-2016-125087,18/04/2016,23/04/2016,Standard Class,Thea Hudgings,Corporate,United States,Houston,Texas,77070,Central,FUR-FU-10004748,Furniture,Furnishings,"""Howard Miller 16"""" Diameter Gallery Wall Clock""",127.88,5,0.6,-38.21,4/18/2016,4/23/2016
0,AS-10285,US-2016-164196,11/11/2016,17/11/2016,Standard Class,Alejandro Savely,Corporate,United States,Noblesville,Indiana,46060,Central,FUR-TA-10001950,Furniture,Tables,Balt Solid Wood Round Tables,2678.94,6,0,-38.85,11/11/2016,11/17/2016
0,PN-18775,US-2017-132031,23/04/2017,27/04/2017,Standard Class,Parhena Norris,Home Office,United States,Clarksville,Tennessee,37042,South,FUR-BO-10001972,Furniture,Bookcases,O'Sullivan 4-Shelf Bookcase in Odessa Pine,387.14,4,0.2,-39.51,4/23/2017,4/27/2017
0,PN-18775,US-2017-132031,23/04/2017,27/04/2017,Standard Class,Parhena Norris,Home Office,United States,Clarksville,Tennessee,37042,South,FUR-FU-10000193,Furniture,Furnishings,Tenex Chairmats For Use with Hard Floors,77.95,3,0.2,-39.64,4/23/2017,4/27/2017
0,PB-19150,CA-2017-142391,24/09/2017,24/09/2017,Same Day,Philip Brown,Consumer,United States,Seattle,Washington,98115,West,FUR-FU-10002759,Furniture,Furnishings,12-1/2 Diameter Round Wall Clock,199.8,10,0,-39.95,9/24/2017,9/24/2017
0,SE-20110,CA-2016-158841,2/2/2016,4/2/2016,Second Class,Sanjit Engle,Consumer,United States,Arlington,Virginia,22204,South,FUR-FU-10001731,Furniture,Furnishings,Acrylic Self-Standing Desk Frames,18.69,7,0,-40,2/2/2016,2/4/2016
0,DH-13075,CA-2015-102316,1/3/2015,3/3/2015,Second Class,Dave Hallsten,Corporate,United States,Los Angeles,California,90045,West,FUR-CH-10003396,Furniture,Chairs,Global Deluxe Steno Chair,184.75,3,0.2,-40.2,3/1/2015,3/3/2015
0,EM-14065,CA-2017-149720,4/6/2017,7/6/2017,Second Class,Erin Mull,Consumer,United States,Frisco,Texas,75034,Central,FUR-FU-10002501,Furniture,Furnishings,Nu-Dell Executive Frame,30.34,6,0.6,-42.41,6/4/2017,6/7/2017
0,DO-13645,CA-2017-118003,4/12/2017,10/12/2017,Standard Class,Doug O'Connell,Consumer,United States,Paterson,New Jersey,7501,East,FUR-FU-10002506,Furniture,Furnishings,"""Tensor """"Hersey Kiss"""" Styled Floor Lamp""",12.99,1,0,-42.49,12/4/2017,12/10/2017
0,DO-13645,CA-2017-118003,4/12/2017,10/12/2017,Standard Class,Doug O'Connell,Consumer,United States,Paterson,New Jersey,7501,East,FUR-CH-10004860,Furniture,Chairs,Global Low Back Tilter Chair,302.94,3,0,-42.75,12/4/2017,12/10/2017
0,MP-17470,CA-2016-141887,11/1/2016,15/01/2016,Standard Class,Mark Packer,Home Office,United States,Columbus,Ohio,43229,East,FUR-FU-10002268,Furniture,Furnishings,Ultra Door Push Plate,54.99,14,0.2,-42.9,1/11/2016,1/15/2016
0,SP-20920,CA-2017-161172,16/03/2017,16/03/2017,Same Day,Susan Pistek,Consumer,United States,Columbus,Ohio,43229,East,FUR-FU-10003424,Furniture,Furnishings,Nu-Dell Oak Frame,51.26,6,0.2,-43.03,3/16/2017,3/16/2017
0,BS-11755,CA-2016-156748,30/11/2016,6/12/2016,Standard Class,Bruce Stewart,Consumer,United States,Detroit,Michigan,48227,Central,FUR-CH-10000513,Furniture,Chairs,High-Back Leather Manager's Chair,389.97,3,0,-43.85,11/30/2016,12/6/2016
0,HR-14830,CA-2015-157287,22/12/2015,23/12/2015,First Class,Harold Ryan,Corporate,United States,Philadelphia,Pennsylvania,19140,East,FUR-CH-10001270,Furniture,Chairs,Harbour Creations Steel Folding Chair,422.63,7,0.3,-44.2,12/22/2015,12/23/2015
0,DS-13180,CA-2016-119074,27/03/2016,31/03/2016,Standard Class,David Smith,Corporate,United States,Columbus,Georgia,31907,South,FUR-FU-10004053,Furniture,Furnishings,DAX Two-Tone Silver Metal Document Frame,20.24,1,0,-44.2,3/27/2016,3/31/2016
0,GB-14530,CA-2015-126186,11/9/2015,12/9/2015,First Class,George Bell,Corporate,United States,Aurora,Colorado,80013,West,FUR-FU-10000073,Furniture,Furnishings,Deflect-O Glasstique Clear Desk Accessories,24.64,4,0.2,-45.29,9/11/2015,9/12/2015
0,PM-18940,CA-2016-102092,9/12/2016,11/12/2016,First Class,Paul MacIntyre,Consumer,United States,Springfield,Virginia,22153,South,FUR-TA-10002530,Furniture,Tables,"""Iceberg OfficeWorks 42"""" Round Tables""",1056.86,7,0,-45.35,12/9/2016,12/11/2016
0,DJ-13420,CA-2016-123540,2/4/2016,6/4/2016,Second Class,Denny Joy,Corporate,United States,Milwaukee,Wisconsin,53209,Central,FUR-CH-10000847,Furniture,Chairs,Global Executive Mid-Back Manager's Chair,1454.9,5,0,-46.14,4/2/2016,4/6/2016
0,MH-18115,US-2017-108315,30/04/2017,4/5/2017,Standard Class,Mick Hernandez,Home Office,United States,Sanford,Florida,32771,South,FUR-FU-10000747,Furniture,Furnishings,Tenex B1-RE Series Chair Mats for Low Pile Carpets,220.7,6,0.2,-46.4,4/30/2017,5/4/2017
0,TS-21505,CA-2017-106747,3/7/2017,4/7/2017,First Class,Tony Sayre,Consumer,United States,Concord,New Hampshire,3301,East,FUR-FU-10004188,Furniture,Furnishings,Luxo Professional Combination Clamp-On Lamps,102.3,1,0,-46.43,7/3/2017,7/4/2017
0,MC-17590,CA-2014-130673,20/05/2014,22/05/2014,Second Class,Matt Collister,Corporate,United States,San Marcos,Texas,78666,Central,FUR-FU-10003489,Furniture,Furnishings,Contemporary Borderless Frame,10.33,3,0.6,-46.98,5/20/2014,5/22/2014
0,BT-11440,CA-2014-151946,4/6/2014,9/6/2014,Standard Class,Bobby Trafton,Consumer,United States,New York City,New York,10035,East,FUR-FU-10002878,Furniture,Furnishings,"""Seth Thomas 14"""" Day/Date Wall Clock""",56.96,2,0,-47.18,6/4/2014,6/9/2014
0,BT-11440,CA-2014-151946,4/6/2014,9/6/2014,Standard Class,Bobby Trafton,Consumer,United States,New York City,New York,10035,East,FUR-BO-10003272,Furniture,Bookcases,O'Sullivan Living Dimensions 5-Shelf Bookcases,353.57,2,0.2,-47.18,6/4/2014,6/9/2014
0,BT-11440,CA-2014-151946,4/6/2014,9/6/2014,Standard Class,Bobby Trafton,Consumer,United States,New York City,New York,10035,East,FUR-FU-10002191,Furniture,Furnishings,G.E. Halogen Desk Lamp Bulbs,13.96,2,0,-47.87,6/4/2014,6/9/2014
0,AG-10525,CA-2015-164084,7/9/2015,12/9/2015,Standard Class,Andy Gerbode,Corporate,United States,New York City,New York,10011,East,FUR-TA-10003569,Furniture,Tables,Bretford CR8500 Series Meeting Room Furniture,481.18,2,0.4,-48.78,9/7/2015,9/12/2015
0,SV-20365,CA-2017-159793,25/08/2017,29/08/2017,Standard Class,Seth Vernon,Consumer,United States,Philadelphia,Pennsylvania,19140,East,FUR-BO-10001798,Furniture,Bookcases,Bush Somerset Collection Bookcase,130.98,2,0.5,-50.1,8/25/2017,8/29/2017
0,HM-14980,CA-2017-151281,27/04/2017,2/5/2017,Standard Class,Henry MacAllister,Consumer,United States,Seattle,Washington,98105,West,FUR-FU-10000397,Furniture,Furnishings,Luxo Economy Swing Arm Lamp,139.58,7,0,-50.67,4/27/2017,5/2/2017
0,NS-18640,CA-2015-108259,8/11/2015,15/11/2015,Standard Class,Noel Staavos,Corporate,United States,Jacksonville,North Carolina,28540,South,FUR-FU-10000023,Furniture,Furnishings,Eldon Wave Desk Accessories,4.71,1,0.2,-51.29,11/8/2015,11/15/2015
0,RP-19390,CA-2014-142769,13/09/2014,13/09/2014,Same Day,Resi Pšlking,Consumer,United States,Seattle,Washington,98103,West,FUR-FU-10001918,Furniture,Furnishings,C-Line Cubicle Keepers Polyproplyene Holder With Velcro Backings,14.19,3,0,-52.2,9/13/2014,9/13/2014
0,HZ-14950,CA-2017-124765,25/11/2017,30/11/2017,Standard Class,Henia Zydlo,Consumer,United States,Fort Lauderdale,Florida,33311,South,FUR-BO-10003965,Furniture,Bookcases,O'Sullivan Manor Hill 2-Door Library in Brianna Oak,723.92,5,0.2,-52.34,11/25/2017,11/30/2017
0,JG-15160,CA-2015-131856,12/5/2015,17/05/2015,Standard Class,James Galang,Consumer,United States,Houston,Texas,77041,Central,FUR-FU-10000175,Furniture,Furnishings,DAX Wood Document Frame.,21.97,4,0.6,-52.34,5/12/2015,5/17/2015
0,AB-10165,CA-2017-126634,30/03/2017,1/4/2017,Second Class,Alan Barnes,Consumer,United States,Lakewood,California,90712,West,FUR-FU-10004973,Furniture,Furnishings,Flat Face Poster Frame,94.2,5,0,-52.66,3/30/2017,4/1/2017
0,KB-16315,US-2014-159611,27/12/2014,1/1/2015,Second Class,Karl Braun,Consumer,United States,Cleveland,Ohio,44105,East,FUR-FU-10004904,Furniture,Furnishings,"""Eldon """"L"""" Workstation Diamond Chairmat""",182.35,3,0.2,-52.89,12/27/2014,1/1/2015
0,JS-16030,CA-2017-163265,16/02/2017,21/02/2017,Standard Class,Joy Smith,Consumer,United States,Decatur,Illinois,62521,Central,FUR-CH-10004063,Furniture,Chairs,Global Deluxe High-Back Manager's Chair,600.56,3,0.3,-53.27,2/16/2017,2/21/2017
0,JS-16030,CA-2017-163265,16/02/2017,21/02/2017,Standard Class,Joy Smith,Consumer,United States,Decatur,Illinois,62521,Central,FUR-FU-10004270,Furniture,Furnishings,"""Executive Impressions 13"""" Clairmont Wall Clock""",7.69,1,0.6,-53.29,2/16/2017,2/21/2017
0,PO-18850,CA-2017-141705,24/10/2017,26/10/2017,First Class,Patrick O'Brill,Consumer,United States,Mansfield,Texas,76063,Central,FUR-TA-10004607,Furniture,Tables,Hon 2111 Invitation Series Straight Table,517.41,5,0.3,-53.71,10/24/2017,10/26/2017
0,CS-12400,CA-2017-127096,15/09/2017,17/09/2017,Second Class,Christopher Schild,Home Office,United States,San Francisco,California,94109,West,FUR-TA-10003473,Furniture,Tables,Bretford Rectangular Conference Table Tops,300.9,1,0.2,-54.32,9/15/2017,9/17/2017
0,TS-21205,CA-2017-119284,15/06/2017,20/06/2017,Standard Class,Thomas Seio,Corporate,United States,Nashville,Tennessee,37211,South,FUR-FU-10004351,Furniture,Furnishings,Staple-based wall hangings,31.17,4,0.2,-54.6,6/15/2017,6/20/2017
0,TS-21205,CA-2017-119284,15/06/2017,20/06/2017,Standard Class,Thomas Seio,Corporate,United States,Nashville,Tennessee,37211,South,FUR-TA-10004152,Furniture,Tables,"""Barricks 18"""" x 48"""" Non-Folding Utility Table with Bottom Storage Shelf""",120.96,2,0.4,-54.6,6/15/2017,6/20/2017
0,PP-18955,CA-2014-146815,8/9/2014,13/09/2014,Standard Class,Paul Prost,Home Office,United States,New York City,New York,10009,East,FUR-CH-10004289,Furniture,Chairs,Global Super Steno Chair,172.76,2,0.1,-56.34,9/8/2014,9/13/2014
0,AW-10930,CA-2016-120824,12/6/2016,16/06/2016,Second Class,Arthur Wiediger,Home Office,United States,Houston,Texas,77070,Central,FUR-FU-10001424,Furniture,Furnishings,Dax Clear Box Frame,6.98,2,0.6,-57.63,6/12/2016,6/16/2016
0,AW-10930,CA-2016-120824,12/6/2016,16/06/2016,Second Class,Arthur Wiediger,Home Office,United States,Houston,Texas,77070,Central,FUR-CH-10000229,Furniture,Chairs,Global Enterprise Series Seating High-Back Swivel/Tilt Chairs,379.37,2,0.3,-58.13,6/12/2016,6/16/2016
0,SP-20860,CA-2015-103870,27/12/2015,31/12/2015,Standard Class,Sung Pak,Corporate,United States,Murfreesboro,Tennessee,37130,South,FUR-FU-10002030,Furniture,Furnishings,"""Executive Impressions 14"""" Contract Wall Clock with Quartz Movement""",53.35,3,0.2,-58.5,12/27/2015,12/31/2015
0,SP-20860,CA-2015-103870,27/12/2015,31/12/2015,Standard Class,Sung Pak,Corporate,United States,Murfreesboro,Tennessee,37130,South,FUR-BO-10002853,Furniture,Bookcases,O'Sullivan 5-Shelf Heavy-Duty Bookcases,131.1,2,0.2,-59.84,12/27/2015,12/31/2015
0,PW-19030,CA-2017-116988,27/06/2017,29/06/2017,Second Class,Pauline Webber,Corporate,United States,Seattle,Washington,98105,West,FUR-FU-10001290,Furniture,Furnishings,Executive Impressions Supervisor Wall Clock,126.3,3,0,-59.84,6/27/2017,6/29/2017
0,CK-12205,US-2015-144771,2/10/2015,4/10/2015,First Class,Chloris Kastensmidt,Consumer,United States,Hillsboro,Oregon,97123,West,FUR-FU-10000629,Furniture,Furnishings,9-3/4 Diameter Round Wall Clock,11.03,1,0.2,-60.61,10/2/2015,10/4/2015
0,BO-11350,CA-2017-128076,2/2/2017,7/2/2017,Standard Class,Bill Overfelt,Corporate,United States,San Diego,California,92105,West,FUR-FU-10000293,Furniture,Furnishings,Eldon Antistatic Chair Mats for Low to Medium Pile Carpets,210.58,2,0,-61.87,2/2/2017,2/7/2017
0,JD-16150,CA-2016-116911,15/09/2016,20/09/2016,Standard Class,Justin Deggeller,Corporate,United States,Twin Falls,Idaho,83301,West,FUR-TA-10003473,Furniture,Tables,Bretford Rectangular Conference Table Tops,1128.39,3,0,-65.85,9/15/2016,9/20/2016
0,JE-15715,CA-2017-126914,15/06/2017,19/06/2017,Standard Class,Joe Elijah,Consumer,United States,Monroe,North Carolina,28110,South,FUR-CH-10000847,Furniture,Chairs,Global Executive Mid-Back Manager's Chair,698.35,3,0.2,-66.06,6/15/2017,6/19/2017
0,JE-15715,CA-2017-126914,15/06/2017,19/06/2017,Standard Class,Joe Elijah,Consumer,United States,Monroe,North Carolina,28110,South,FUR-BO-10000468,Furniture,Bookcases,O'Sullivan 2-Shelf Heavy-Duty Bookcases,77.73,2,0.2,-66.23,6/15/2017,6/19/2017
0,CK-12760,CA-2015-127754,26/07/2015,31/07/2015,Standard Class,Cyma Kinney,Corporate,United States,Glendale,Arizona,85301,West,FUR-CH-10003199,Furniture,Chairs,Office Star - Contemporary Task Swivel Chair,266.35,3,0.2,-67.14,7/26/2015,7/31/2015
0,DH-13675,CA-2015-145324,15/11/2015,19/11/2015,Standard Class,Duane Huffman,Home Office,United States,Harrisonburg,Virginia,22801,South,FUR-FU-10002759,Furniture,Furnishings,12-1/2 Diameter Round Wall Clock,39.96,2,0,-67.54,11/15/2015,11/19/2015
0,FA-14230,CA-2015-140718,2/7/2015,4/7/2015,First Class,Frank Atkinson,Corporate,United States,Raleigh,North Carolina,27604,South,FUR-FU-10000076,Furniture,Furnishings,24-Hour Round Wall Clock,159.84,10,0.2,-67.67,7/2/2015,7/4/2015
0,SN-20560,CA-2015-125934,11/9/2015,18/09/2015,Standard Class,Skye Norling,Home Office,United States,Paterson,New Jersey,7501,East,FUR-FU-10002107,Furniture,Furnishings,Eldon Pizzaz Desk Accessories,8.92,4,0,-67.67,9/11/2015,9/18/2015
0,SH-19975,CA-2017-101805,1/12/2017,6/12/2017,Standard Class,Sally Hughsby,Corporate,United States,Seattle,Washington,98105,West,FUR-FU-10000023,Furniture,Furnishings,Eldon Wave Desk Accessories,70.68,12,0,-68.11,12/1/2017,12/6/2017
0,ML-17755,CA-2017-103968,1/12/2017,7/12/2017,Standard Class,Max Ludwig,Home Office,United States,Stockton,California,95207,West,FUR-FU-10003394,Furniture,Furnishings,"""Tenex """"The Solids"""" Textured Chair Mats""",629.64,9,0,-68.13,12/1/2017,12/7/2017
0,LC-16960,CA-2015-111038,1/12/2015,6/12/2015,Standard Class,Lindsay Castell,Home Office,United States,San Diego,California,92037,West,FUR-CH-10003973,Furniture,Chairs,GuestStacker Chair with Chrome Finish Legs,2676.67,9,0.2,-68.39,12/1/2015,12/6/2015
0,BD-11320,CA-2016-167241,15/08/2016,22/08/2016,Standard Class,Bill Donatelli,Consumer,United States,Los Angeles,California,90004,West,FUR-FU-10004071,Furniture,Furnishings,Luxo Professional Magnifying Clamp-On Fluorescent Lamps,312.03,3,0,-69.47,8/15/2016,8/22/2016
0,BP-11290,CA-2016-150483,31/05/2016,4/6/2016,Standard Class,Beth Paige,Consumer,United States,Decatur,Illinois,62521,Central,FUR-FU-10001379,Furniture,Furnishings,"""Executive Impressions 16-1/2"""" Circular Wall Clock""",32.06,3,0.6,-69.89,5/31/2016,6/4/2016
0,BP-11290,CA-2016-150483,31/05/2016,4/6/2016,Standard Class,Beth Paige,Consumer,United States,Decatur,Illinois,62521,Central,FUR-CH-10000422,Furniture,Chairs,Global Highback Leather Tilter in Burgundy,191.08,3,0.3,-70.1,5/31/2016,6/4/2016
0,AH-10690,CA-2014-160276,2/4/2014,8/4/2014,Standard Class,Anna HŠberlin,Corporate,United States,Virginia Beach,Virginia,23464,South,FUR-FU-10003192,Furniture,Furnishings,Luxo Adjustable Task Clamp Lamp,177.68,2,0,-70.49,4/2/2014,4/8/2014
0,AH-10690,CA-2016-145709,4/10/2016,8/10/2016,Standard Class,Anna HŠberlin,Corporate,United States,Coral Gables,Florida,33134,South,FUR-FU-10002885,Furniture,Furnishings,Magna Visual Magnetic Picture Hangers,11.57,3,0.2,-70.96,10/4/2016,10/8/2016
0,DF-13135,CA-2016-168032,30/01/2016,3/2/2016,Standard Class,David Flashing,Consumer,United States,Rockford,Illinois,61107,Central,FUR-TA-10004256,Furniture,Tables,Bretford ÒJust In TimeÓ Height-Adjustable Multi-Task Work Tables,626.1,3,0.5,-71.81,1/30/2016,2/3/2016
0,FP-14320,US-2015-168704,13/04/2015,17/04/2015,Standard Class,Frank Preis,Consumer,United States,Huntsville,Texas,77340,Central,FUR-TA-10002530,Furniture,Tables,"""Iceberg OfficeWorks 42"""" Round Tables""",211.37,2,0.3,-71.89,4/13/2015,4/17/2015
0,HE-14800,CA-2017-143252,18/12/2017,24/12/2017,Standard Class,Harold Engle,Corporate,United States,Milwaukee,Wisconsin,53209,Central,FUR-FU-10001057,Furniture,Furnishings,Tensor Track Tree Floor Lamp,99.95,5,0,-72.04,12/18/2017,12/24/2017
0,SP-20545,CA-2016-102134,14/03/2016,19/03/2016,Standard Class,Sibella Parks,Corporate,United States,Green Bay,Wisconsin,54302,Central,FUR-FU-10003724,Furniture,Furnishings,Westinghouse Clip-On Gooseneck Lamps,16.74,2,0,-73.05,3/14/2016,3/19/2016
0,SW-20245,CA-2017-111717,10/10/2017,16/10/2017,Standard Class,Scot Wooten,Consumer,United States,Aurora,Illinois,60505,Central,FUR-CH-10001545,Furniture,Chairs,Hon Comfortask Task/Swivel Chairs,239.36,3,0.3,-73.18,10/10/2017,10/16/2017
0,JL-15130,CA-2017-150910,22/12/2017,28/12/2017,Standard Class,Jack Lebron,Consumer,United States,Jackson,Tennessee,38301,South,FUR-TA-10002903,Furniture,Tables,"""Bevis Round Bullnose 29"""" High Table Top""",934.96,6,0.4,-73.82,12/22/2017,12/28/2017
0,VG-21790,CA-2014-156790,8/8/2014,10/8/2014,Second Class,Vivek Gonzalez,Consumer,United States,Jacksonville,Florida,32216,South,FUR-BO-10000468,Furniture,Bookcases,O'Sullivan 2-Shelf Heavy-Duty Bookcases,155.46,4,0.2,-74.95,8/8/2014,8/10/2014
0,RO-19780,CA-2017-150266,25/11/2017,30/11/2017,Standard Class,Rose O'Brian,Consumer,United States,Houston,Texas,77070,Central,FUR-CH-10002126,Furniture,Chairs,Hon Deluxe Fabric Upholstered Stacking Chairs,853.93,5,0.3,-75.83,11/25/2017,11/30/2017
0,JP-16135,CA-2016-134180,3/11/2016,7/11/2016,Standard Class,Julie Prescott,Home Office,United States,Philadelphia,Pennsylvania,19120,East,FUR-CH-10004886,Furniture,Chairs,Bevis Steel Folding Chairs,470.16,7,0.3,-76.01,11/3/2016,11/7/2016
0,LC-16870,CA-2016-110898,6/3/2016,12/3/2016,Standard Class,Lena Cacioppo,Consumer,United States,Chicago,Illinois,60623,Central,FUR-FU-10003773,Furniture,Furnishings,Eldon Cleatmat Plus Chair Mats for High Pile Carpets,159.04,5,0.6,-77.33,3/6/2016,3/12/2016
0,LC-16870,CA-2016-110898,6/3/2016,12/3/2016,Standard Class,Lena Cacioppo,Consumer,United States,Chicago,Illinois,60623,Central,FUR-TA-10000849,Furniture,Tables,Bevis Rectangular Conference Tables,145.98,2,0.5,-77.47,3/6/2016,3/12/2016
0,JG-15115,CA-2015-123092,3/12/2015,7/12/2015,Standard Class,Jack Garza,Consumer,United States,Jacksonville,North Carolina,28540,South,FUR-FU-10000222,Furniture,Furnishings,"""Seth Thomas 16"""" Steel Case Clock""",77.95,3,0.2,-77.63,12/3/2015,12/7/2015
0,VP-21760,CA-2017-159100,16/10/2017,21/10/2017,Standard Class,Victoria Pisteka,Corporate,United States,Columbia,Tennessee,38401,South,FUR-TA-10001950,Furniture,Tables,Balt Solid Wood Round Tables,1875.26,7,0.4,-81.31,10/16/2017,10/21/2017
0,MH-18115,CA-2017-137785,13/05/2017,17/05/2017,Standard Class,Mick Hernandez,Home Office,United States,Philadelphia,Pennsylvania,19140,East,FUR-CH-10001482,Furniture,Chairs,Office Star - Mesh Screen back chair with Vinyl seat,458.43,5,0.3,-81.44,5/13/2017,5/17/2017
0,LE-16810,CA-2014-100706,16/12/2014,18/12/2014,Second Class,Laurel Elliston,Consumer,United States,Springfield,Virginia,22153,South,FUR-FU-10002268,Furniture,Furnishings,Ultra Door Push Plate,29.46,6,0,-83.88,12/16/2014,12/18/2014
0,TC-21475,US-2016-141880,22/08/2016,23/08/2016,First Class,Tony Chapman,Home Office,United States,Fort Collins,Colorado,80525,West,FUR-FU-10001979,Furniture,Furnishings,Dana Halogen Swing-Arm Architect Lamp,98.33,3,0.2,-84.29,8/22/2016,8/23/2016
0,SG-20470,CA-2015-165799,29/06/2015,2/7/2015,First Class,Sheri Gordon,Consumer,United States,New York City,New York,10024,East,FUR-CH-10001482,Furniture,Chairs,Office Star - Mesh Screen back chair with Vinyl seat,117.88,1,0.1,-84.29,6/29/2015,7/2/2015
0,PO-18865,US-2016-152415,17/09/2016,22/09/2016,Standard Class,Patrick O'Donnell,Consumer,United States,Marlborough,Massachusetts,1752,East,FUR-FU-10004864,Furniture,Furnishings,"""Howard Miller 14-1/2"""" Diameter Chrome Round Wall Clock""",191.82,3,0,-84.96,9/17/2016,9/22/2016
0,RW-19540,CA-2017-128041,1/9/2017,1/9/2017,Same Day,Rick Wilson,Corporate,United States,Seattle,Washington,98103,West,FUR-TA-10002607,Furniture,Tables,KI Conference Tables,283.56,4,0,-86.06,9/1/2017,9/1/2017
0,ND-18460,CA-2014-138177,19/09/2014,24/09/2014,Standard Class,Neil Ducich,Corporate,United States,Chandler,Arizona,85224,West,FUR-TA-10004607,Furniture,Tables,Hon 2111 Invitation Series Straight Table,73.92,1,0.5,-87.94,9/19/2014,9/24/2014
0,XP-21865,CA-2014-114335,28/09/2014,3/10/2014,Standard Class,Xylona Preis,Consumer,United States,Hollywood,Florida,33021,South,FUR-FU-10000277,Furniture,Furnishings,Deflect-o DuraMat Antistatic Studded Beveled Mat for Medium Pile Carpeting,337.09,4,0.2,-88.78,9/28/2014,10/3/2014
0,ED-13885,CA-2015-160227,2/11/2015,4/11/2015,First Class,Emily Ducich,Home Office,United States,New York City,New York,10011,East,FUR-CH-10002073,Furniture,Chairs,Hon Olson Stacker Chairs,2621.32,11,0.1,-89.07,11/2/2015,11/4/2015
0,SV-20785,CA-2015-149097,20/10/2015,24/10/2015,Standard Class,Stewart Visinsky,Consumer,United States,Los Angeles,California,90045,West,FUR-FU-10003424,Furniture,Furnishings,Nu-Dell Oak Frame,74.76,7,0,-90.25,10/20/2015,10/24/2015
0,AR-10825,CA-2016-132304,14/06/2016,18/06/2016,Standard Class,Anthony Rawles,Corporate,United States,Seattle,Washington,98103,West,FUR-TA-10004619,Furniture,Tables,Hon Non-Folding Utility Tables,1115.17,7,0,-91.76,6/14/2016,6/18/2016
0,KE-16420,CA-2017-147550,4/12/2017,5/12/2017,First Class,Katrina Edelman,Corporate,United States,Philadelphia,Pennsylvania,19134,East,FUR-FU-10001918,Furniture,Furnishings,C-Line Cubicle Keepers Polyproplyene Holder With Velcro Backings,11.35,3,0.2,-93.33,12/4/2017,12/5/2017
0,GW-14605,CA-2016-108105,16/02/2016,23/02/2016,Standard Class,Giulietta Weimer,Consumer,United States,Henderson,Kentucky,42420,South,FUR-FU-10003773,Furniture,Furnishings,Eldon Cleatmat Plus Chair Mats for High Pile Carpets,318.08,4,0,-93.47,2/16/2016,2/23/2016
0,LR-17035,CA-2016-143406,26/09/2016,30/09/2016,Standard Class,Lisa Ryan,Corporate,United States,Houston,Texas,77041,Central,FUR-CH-10000513,Furniture,Chairs,High-Back Leather Manager's Chair,454.97,5,0.3,-93.47,9/26/2016,9/30/2016
0,AB-10105,CA-2015-163181,7/11/2015,12/11/2015,Standard Class,Adrian Barton,Consumer,United States,Houston,Texas,77041,Central,FUR-FU-10000193,Furniture,Furnishings,Tenex Chairmats For Use with Hard Floors,64.96,5,0.6,-93.99,11/7/2015,11/12/2015
0,NS-18505,CA-2017-153045,19/01/2017,24/01/2017,Second Class,Neola Schneider,Consumer,United States,Philadelphia,Pennsylvania,19140,East,FUR-FU-10002759,Furniture,Furnishings,12-1/2 Diameter Round Wall Clock,31.97,2,0.2,-94.66,1/19/2017,1/24/2017
0,NS-18505,CA-2017-153045,19/01/2017,24/01/2017,Second Class,Neola Schneider,Consumer,United States,Philadelphia,Pennsylvania,19140,East,FUR-CH-10000309,Furniture,Chairs,Global Comet Stacking Arm Chair,887.27,3,0.3,-94.94,1/19/2017,1/24/2017
0,MA-17560,CA-2016-128916,18/08/2016,20/08/2016,Second Class,Matt Abelman,Home Office,United States,Houston,Texas,77070,Central,FUR-FU-10001940,Furniture,Furnishings,Staple-based wall hangings,9.55,3,0.6,-95.25,8/18/2016,8/20/2016
0,MA-17560,CA-2016-128916,18/08/2016,20/08/2016,Second Class,Matt Abelman,Home Office,United States,Houston,Texas,77070,Central,FUR-FU-10000320,Furniture,Furnishings,OIC Stacking Trays,5.34,4,0.6,-95.67,8/18/2016,8/20/2016
0,DC-12850,CA-2016-130911,24/03/2016,26/03/2016,Second Class,Dan Campbell,Consumer,United States,Cleveland,Ohio,44105,East,FUR-BO-10004357,Furniture,Bookcases,O'Sullivan Living Dimensions 3-Shelf Bookcases,301.47,3,0.5,-96.11,3/24/2016,3/26/2016
0,MD-17860,CA-2017-100055,28/05/2017,1/6/2017,Standard Class,Michael Dominguez,Corporate,United States,Laurel,Maryland,20707,East,FUR-FU-10001473,Furniture,Furnishings,DAX Wood Document Frame,27.46,2,0,-96.47,5/28/2017,6/1/2017
0,KM-16660,CA-2016-132990,1/8/2016,3/8/2016,Second Class,Khloe Miller,Consumer,United States,Philadelphia,Pennsylvania,19140,East,FUR-FU-10004864,Furniture,Furnishings,Eldon 500 Class Desk Accessories,19.31,2,0.2,-97.18,8/1/2016,8/3/2016
0,AG-10900,CA-2016-160108,8/12/2016,12/12/2016,Standard Class,Arthur Gainer,Consumer,United States,Eau Claire,Wisconsin,54703,Central,FUR-CH-10002335,Furniture,Chairs,Hon GuestStacker Chair,680.01,3,0,-97.5,12/8/2016,12/12/2016
0,LB-16795,US-2016-155768,1/12/2016,1/12/2016,Same Day,Laurel Beltran,Home Office,United States,Oxnard,California,93030,West,FUR-FU-10000448,Furniture,Furnishings,Tenex Chairmats For Use With Carpeted Floors,31.96,2,0,-97.55,12/1/2016,12/1/2016
0,JL-15505,CA-2017-156776,7/8/2017,11/8/2017,Standard Class,Jeremy Lonsdale,Consumer,United States,Westminster,California,92683,West,FUR-FU-10004848,Furniture,Furnishings,"""Howard Miller 13-3/4"""" Diameter Brushed Chrome Round Wall Clock""",51.75,1,0,-97.74,8/7/2017,8/11/2017
0,JL-15505,CA-2017-156776,7/8/2017,11/8/2017,Standard Class,Jeremy Lonsdale,Consumer,United States,Westminster,California,92683,West,FUR-CH-10002317,Furniture,Chairs,Global Enterprise Series Seating Low-Back Swivel/Tilt Chairs,207.18,1,0.2,-98.8,8/7/2017,8/11/2017
0,GM-14680,CA-2014-103310,10/5/2014,15/05/2014,Standard Class,Greg Matthias,Consumer,United States,San Jose,California,95123,West,FUR-CH-10002320,Furniture,Chairs,Hon Pagoda Stacking Chairs,256.78,1,0.2,-99.18,5/10/2014,5/15/2014
0,NR-18550,CA-2016-152688,17/10/2016,20/10/2016,First Class,Nick Radford,Consumer,United States,Perth Amboy,New Jersey,8861,East,FUR-BO-10001337,Furniture,Bookcases,O'Sullivan Living Dimensions 2-Shelf Bookcases,120.98,1,0,-99.27,10/17/2016,10/20/2016
0,DJ-13420,CA-2014-144071,8/12/2014,15/12/2014,Standard Class,Denny Joy,Corporate,United States,San Francisco,California,94110,West,FUR-FU-10000397,Furniture,Furnishings,Luxo Economy Swing Arm Lamp,39.88,2,0,-99.27,12/8/2014,12/15/2014
0,DJ-13420,CA-2014-144071,8/12/2014,15/12/2014,Standard Class,Denny Joy,Corporate,United States,San Francisco,California,94110,West,FUR-FU-10000758,Furniture,Furnishings,DAX Natural Wood-Tone Poster Frame,79.44,3,0,-99.35,12/8/2014,12/15/2014
0,JW-15955,US-2015-164238,16/08/2015,20/08/2015,Standard Class,Joni Wasserman,Consumer,United States,Philadelphia,Pennsylvania,19120,East,FUR-BO-10000780,Furniture,Bookcases,O'Sullivan Plantations 2-Door Library in Landvery Oak,301.47,3,0.5,-99.62,8/16/2015,8/20/2015
0,MH-18025,CA-2017-103212,13/10/2017,14/10/2017,First Class,Michelle Huthwaite,Consumer,United States,Lafayette,Louisiana,70506,South,FUR-TA-10003473,Furniture,Tables,Bretford Rectangular Conference Table Tops,1504.52,4,0,-102.05,10/13/2017,10/14/2017
0,LR-16915,CA-2016-126732,2/9/2016,6/9/2016,Standard Class,Lena Radford,Consumer,United States,Los Angeles,California,90036,West,FUR-FU-10001889,Furniture,Furnishings,Ultra Door Pull Handle,94.68,9,0,-103.27,9/2/2016,9/6/2016
0,LR-16915,CA-2016-126732,2/9/2016,6/9/2016,Standard Class,Lena Radford,Consumer,United States,Los Angeles,California,90036,West,FUR-TA-10001539,Furniture,Tables,Chromcraft Rectangular Conference Tables,568.73,3,0.2,-103.86,9/2/2016,9/6/2016
0,FM-14380,CA-2015-124499,9/10/2015,13/10/2015,Standard Class,Fred McMath,Consumer,United States,Detroit,Michigan,48227,Central,FUR-CH-10000513,Furniture,Chairs,High-Back Leather Manager's Chair,389.97,3,0,-108.27,10/9/2015,10/13/2015
0,CS-11950,CA-2015-151869,25/09/2015,25/09/2015,Same Day,Carlos Soltero,Consumer,United States,Freeport,New York,11520,East,FUR-CH-10001545,Furniture,Chairs,Hon Comfortask Task/Swivel Chairs,102.58,1,0.1,-109.58,9/25/2015,9/25/2015
0,HM-14860,CA-2016-100510,12/5/2016,17/05/2016,Standard Class,Harry Marie,Corporate,United States,New York City,New York,10024,East,FUR-FU-10000320,Furniture,Furnishings,OIC Stacking Trays,10.02,3,0,-110.02,5/12/2016,5/17/2016
0,SC-20305,CA-2017-122539,1/12/2017,5/12/2017,Standard Class,Sean Christensen,Consumer,United States,Philadelphia,Pennsylvania,19140,East,FUR-CH-10003379,Furniture,Chairs,Global Commerce Series High-Back Swivel/Tilt Chairs,398.97,2,0.3,-110.02,12/1/2017,12/5/2017
0,HJ-14875,CA-2016-166772,20/09/2016,24/09/2016,Standard Class,Heather Jas,Home Office,United States,Seattle,Washington,98105,West,FUR-BO-10002853,Furniture,Bookcases,O'Sullivan 5-Shelf Heavy-Duty Bookcases,163.88,2,0,-110.49,9/20/2016,9/24/2016
0,MK-17905,CA-2014-161032,18/11/2014,23/11/2014,Standard Class,Michael Kennedy,Corporate,United States,Franklin,Wisconsin,53132,Central,FUR-CH-10001482,Furniture,Chairs,Office Star - Mesh Screen back chair with Vinyl seat,392.94,3,0,-110.76,11/18/2014,11/23/2014
0,JH-15820,CA-2015-102778,21/11/2015,24/11/2015,First Class,John Huston,Consumer,United States,Monroe,North Carolina,28110,South,FUR-FU-10000087,Furniture,Furnishings,"""Executive Impressions 14"""" Two-Color Numerals Wall Clock""",18.18,1,0.2,-112.04,11/21/2015,11/24/2015
0,TB-21625,US-2017-165456,30/11/2017,3/12/2017,First Class,Trudy Brown,Consumer,United States,Philadelphia,Pennsylvania,19134,East,FUR-CH-10003981,Furniture,Chairs,Global Commerce Series Low-Back Swivel/Tilt Chairs,1079.32,6,0.3,-113.28,11/30/2017,12/3/2017
0,AR-10825,US-2017-108343,20/07/2017,25/07/2017,Standard Class,Anthony Rawles,Corporate,United States,New York City,New York,10009,East,FUR-CH-10002780,Furniture,Chairs,Office Star - Task Chair with Contemporary Loop Arms,163.76,2,0.1,-114.39,7/20/2017,7/25/2017
0,AR-10825,US-2017-108343,20/07/2017,25/07/2017,Standard Class,Anthony Rawles,Corporate,United States,New York City,New York,10009,East,FUR-FU-10000747,Furniture,Furnishings,Tenex B1-RE Series Chair Mats for Low Pile Carpets,183.92,4,0,-115.43,7/20/2017,7/25/2017
0,DB-13660,CA-2017-121853,23/09/2017,29/09/2017,Standard Class,Duane Benoit,Consumer,United States,Los Angeles,California,90036,West,FUR-CH-10003973,Furniture,Chairs,GuestStacker Chair with Chrome Finish Legs,594.82,2,0.2,-118.01,9/23/2017,9/29/2017
0,PF-19225,US-2017-130687,7/9/2017,10/9/2017,First Class,Phillip Flathmann,Consumer,United States,Edmonds,Washington,98026,West,FUR-FU-10004053,Furniture,Furnishings,DAX Two-Tone Silver Metal Document Frame,80.96,4,0,-118.13,9/7/2017,9/10/2017
0,AG-10900,CA-2017-110198,1/5/2017,2/5/2017,First Class,Arthur Gainer,Consumer,United States,Coral Springs,Florida,33065,South,FUR-BO-10001798,Furniture,Bookcases,Bush Somerset Collection Bookcase,314.35,3,0.2,-119.19,5/1/2017,5/2/2017
0,CK-12325,CA-2017-109085,17/02/2017,20/02/2017,First Class,Christine Kargatis,Home Office,United States,Troy,Ohio,45373,East,FUR-FU-10004973,Furniture,Furnishings,Flat Face Poster Frame,30.14,2,0.2,-120.05,2/17/2017,2/20/2017
0,CK-12325,CA-2017-109085,17/02/2017,20/02/2017,First Class,Christine Kargatis,Home Office,United States,Troy,Ohio,45373,East,FUR-CH-10003981,Furniture,Chairs,Global Commerce Series Low-Back Swivel/Tilt Chairs,899.43,5,0.3,-120.05,2/17/2017,2/20/2017
0,DN-13690,CA-2016-114860,22/12/2016,28/12/2016,Standard Class,Duane Noonan,Consumer,United States,Moreno Valley,California,92553,West,FUR-FU-10000277,Furniture,Furnishings,Deflect-o DuraMat Antistatic Studded Beveled Mat for Medium Pile Carpeting,842.72,8,0,-120.29,12/22/2016,12/28/2016
0,DN-13690,CA-2016-114860,22/12/2016,28/12/2016,Standard Class,Duane Noonan,Consumer,United States,Moreno Valley,California,92553,West,FUR-FU-10001934,Furniture,Furnishings,Magnifier Swing Arm Lamp,41.96,2,0,-120.37,12/22/2016,12/28/2016
0,DP-13105,CA-2016-159009,23/09/2016,27/09/2016,Standard Class,Dave Poirier,Corporate,United States,Seattle,Washington,98115,West,FUR-CH-10003396,Furniture,Chairs,Global Deluxe Steno Chair,184.75,3,0.2,-120.51,9/23/2016,9/27/2016
0,RO-19780,CA-2017-148411,24/09/2017,26/09/2017,First Class,Rose O'Brian,Consumer,United States,Chicago,Illinois,60623,Central,FUR-CH-10003973,Furniture,Chairs,GuestStacker Chair with Chrome Finish Legs,520.46,2,0.3,-120.51,9/24/2017,9/26/2017
0,JD-15895,CA-2016-168046,25/01/2016,28/01/2016,Second Class,Jonathan Doherty,Corporate,United States,New York City,New York,10024,East,FUR-TA-10001095,Furniture,Tables,Chromcraft Round Conference Tables,313.72,3,0.4,-121.87,1/25/2016,1/28/2016
0,JD-15895,CA-2016-168046,25/01/2016,28/01/2016,Second Class,Jonathan Doherty,Corporate,United States,New York City,New York,10024,East,FUR-FU-10000747,Furniture,Furnishings,Tenex B1-RE Series Chair Mats for Low Pile Carpets,45.98,1,0,-122.78,1/25/2016,1/28/2016
0,KN-16390,CA-2017-113460,7/11/2017,9/11/2017,Second Class,Katherine Nockton,Corporate,United States,Clinton,Maryland,20735,East,FUR-CH-10000422,Furniture,Chairs,Global Highback Leather Tilter in Burgundy,272.97,3,0,-124.43,11/7/2017,11/9/2017
0,VP-21760,CA-2015-111339,29/05/2015,31/05/2015,First Class,Victoria Pisteka,Corporate,United States,Columbus,Ohio,43229,East,FUR-FU-10002506,Furniture,Furnishings,"""Tensor """"Hersey Kiss"""" Styled Floor Lamp""",41.57,4,0.2,-126.48,5/29/2015,5/31/2015
0,VP-21760,CA-2015-111339,29/05/2015,31/05/2015,First Class,Victoria Pisteka,Corporate,United States,Columbus,Ohio,43229,East,FUR-CH-10000863,Furniture,Chairs,Novimex Swivel Fabric Task Chair,317.06,3,0.3,-127.58,5/29/2015,5/31/2015
0,SF-20200,CA-2017-163097,27/08/2017,31/08/2017,Standard Class,Sarah Foster,Consumer,United States,Mesa,Arizona,85204,West,FUR-FU-10004973,Furniture,Furnishings,Flat Face Poster Frame,120.58,8,0.2,-128.24,8/27/2017,8/31/2017
0,DG-13300,CA-2015-130848,25/10/2015,25/10/2015,Same Day,Deirdre Greer,Corporate,United States,Denver,Colorado,80219,West,FUR-CH-10000422,Furniture,Chairs,Global Highback Leather Tilter in Burgundy,582.34,8,0.2,-130.01,10/25/2015,10/25/2015
0,MW-18220,CA-2014-125997,20/09/2014,23/09/2014,First Class,Mitch Webber,Consumer,United States,New York City,New York,10011,East,FUR-CH-10001394,Furniture,Chairs,Global Leather Executive Chair,631.78,2,0.1,-131.45,9/20/2014,9/23/2014
0,MW-18220,CA-2014-125997,20/09/2014,23/09/2014,First Class,Mitch Webber,Consumer,United States,New York City,New York,10011,East,FUR-BO-10002213,Furniture,Bookcases,DMI Eclipse Executive Suite Bookcases,801.57,2,0.2,-131.95,9/20/2014,9/23/2014
0,LP-17080,CA-2014-159814,24/06/2014,28/06/2014,Standard Class,Liz Pelletier,Consumer,United States,Tucson,Arizona,85705,West,FUR-FU-10001731,Furniture,Furnishings,Acrylic Self-Standing Desk Frames,4.27,2,0.2,-135.09,6/24/2014,6/28/2014
0,NP-18700,CA-2016-105459,12/8/2016,17/08/2016,Second Class,Nora Preis,Consumer,United States,New York City,New York,10024,East,FUR-TA-10001095,Furniture,Tables,Chromcraft Round Conference Tables,209.15,2,0.4,-136.49,8/12/2016,8/17/2016
0,LC-17140,CA-2017-162789,22/09/2017,24/09/2017,Second Class,Logan Currie,Consumer,United States,New York City,New York,10035,East,FUR-FU-10004864,Furniture,Furnishings,Eldon 500 Class Desk Accessories,12.07,1,0,-137.53,9/22/2017,9/24/2017
0,SC-20305,CA-2015-164777,27/01/2015,29/01/2015,First Class,Sean Christensen,Consumer,United States,Los Angeles,California,90036,West,FUR-CH-10002024,Furniture,Chairs,HON 5400 Series Task Chairs for Big and Tall,2803.92,5,0.2,-140.14,1/27/2015,1/29/2015
0,JC-15775,CA-2015-127824,18/10/2015,22/10/2015,Standard Class,John Castell,Consumer,United States,Seattle,Washington,98115,West,FUR-FU-10002505,Furniture,Furnishings,Eldon 100 Class Desk Accessories,10.11,3,0,-140.2,10/18/2015,10/22/2015
0,LW-17215,CA-2014-116246,12/9/2014,17/09/2014,Second Class,Luke Weiss,Consumer,United States,New York City,New York,10035,East,FUR-CH-10002024,Furniture,Chairs,HON 5400 Series Task Chairs for Big and Tall,3785.29,6,0.1,-142.07,9/12/2014,9/17/2014
0,JO-15145,CA-2014-167486,27/11/2014,1/12/2014,Standard Class,Jack O'Briant,Corporate,United States,Buffalo,New York,14215,East,FUR-FU-10003268,Furniture,Furnishings,Eldon Radial Chair Mat for Low to Medium Pile Carpets,199.9,5,0,-143.25,11/27/2014,12/1/2014
0,VW-21775,CA-2014-152100,11/5/2014,16/05/2014,Standard Class,Victoria Wilson,Corporate,United States,Huntsville,Texas,77340,Central,FUR-CH-10000015,Furniture,Chairs,Hon Multipurpose Stacking Arm Chairs,1212.96,8,0.3,-143.43,5/11/2014,5/16/2014
0,BP-11185,CA-2015-166219,28/08/2015,1/9/2015,Standard Class,Ben Peterman,Corporate,United States,Dallas,Texas,75081,Central,FUR-TA-10004607,Furniture,Tables,Hon 2111 Invitation Series Straight Table,103.48,1,0.3,-143.79,8/28/2015,9/1/2015
0,BS-11590,US-2017-109610,25/11/2017,30/11/2017,Second Class,Brendan Sweed,Corporate,United States,Louisville,Kentucky,40214,South,FUR-CH-10001854,Furniture,Chairs,Office Star - Professional Matrix Back Chair with 2-to-1 Synchro Tilt and Mesh Fabric Seat,701.96,2,0,-147.87,11/25/2017,11/30/2017
0,JM-15265,CA-2016-126858,19/11/2016,23/11/2016,Standard Class,Janet Molinari,Corporate,United States,Seattle,Washington,98115,West,FUR-FU-10000448,Furniture,Furnishings,Tenex Chairmats For Use With Carpeted Floors,31.96,2,0,-147.87,11/19/2016,11/23/2016
0,CD-12280,CA-2017-102925,5/11/2017,10/11/2017,Second Class,Christina DeMoss,Consumer,United States,New York City,New York,10024,East,FUR-TA-10003469,Furniture,Tables,Balt Split Level Computer Training Table,166.5,2,0.4,-147.96,11/5/2017,11/10/2017
0,CD-12280,CA-2017-102925,5/11/2017,10/11/2017,Second Class,Christina DeMoss,Consumer,United States,New York City,New York,10024,East,FUR-CH-10004875,Furniture,Chairs,Harbour Creations 67200 Series Stacking Chairs,128.12,2,0.1,-149.63,11/5/2017,11/10/2017
0,MY-18295,CA-2016-164770,2/12/2016,4/12/2016,Second Class,Muhammed Yedwab,Corporate,United States,Houston,Texas,77036,Central,FUR-BO-10003893,Furniture,Bookcases,Sauder Camden County Collection Library,781.86,10,0.32,-152.98,12/2/2016,12/4/2016
0,NF-18385,CA-2017-130505,12/10/2017,12/10/2017,Same Day,Natalie Fritzler,Consumer,United States,Wheeling,West Virginia,26003,East,FUR-TA-10001932,Furniture,Tables,"""Chromcraft 48"""" x 96"""" Racetrack Double Pedestal Table""",673.34,3,0.3,-153.12,10/12/2017,10/12/2017
0,CM-12235,CA-2016-149237,26/05/2016,30/05/2016,Standard Class,Chris McAfee,Consumer,United States,Milwaukee,Wisconsin,53209,Central,FUR-FU-10002088,Furniture,Furnishings,Nu-Dell Float Frame 11 x 14 1/2,26.94,3,0,-157.01,5/26/2016,5/30/2016
0,KW-16570,US-2015-158589,20/11/2015,24/11/2015,Standard Class,Kelly Williams,Consumer,United States,San Francisco,California,94109,West,FUR-FU-10001546,Furniture,Furnishings,Dana Swing-Arm Lamps,32.04,3,0,-160.3,11/20/2015,11/24/2015
0,PB-18805,CA-2017-156958,5/12/2017,6/12/2017,First Class,Patrick Bzostek,Home Office,United States,Seattle,Washington,98115,West,FUR-FU-10003268,Furniture,Furnishings,Eldon Radial Chair Mat for Low to Medium Pile Carpets,199.9,5,0,-163.58,12/5/2017,12/6/2017
0,PS-18970,CA-2015-135727,11/5/2015,16/05/2015,Second Class,Paul Stevenson,Home Office,United States,Phoenix,Arizona,85023,West,FUR-CH-10004540,Furniture,Chairs,Global Chrome Stack Chair,191.97,7,0.2,-170.8,5/11/2015,5/16/2015
0,RP-19270,CA-2015-135251,6/8/2015,10/8/2015,Standard Class,Rachel Payne,Corporate,United States,Houston,Texas,77095,Central,FUR-BO-10003965,Furniture,Bookcases,O'Sullivan Manor Hill 2-Door Library in Brianna Oak,369.2,3,0.32,-172.12,8/6/2015,8/10/2015
0,SM-20950,CA-2016-125724,22/09/2016,27/09/2016,Standard Class,Suzanne McNair,Corporate,United States,Broomfield,Colorado,80020,West,FUR-FU-10000246,Furniture,Furnishings,Aluminum Document Frame,68.43,7,0.2,-173.35,9/22/2016,9/27/2016
0,EB-14110,CA-2015-111612,28/11/2015,2/12/2015,Standard Class,Eugene Barchas,Consumer,United States,Columbus,Ohio,43229,East,FUR-FU-10003799,Furniture,Furnishings,"""Seth Thomas 13 1/2"""" Wall Clock""",71.12,5,0.2,-175.26,11/28/2015,12/2/2015
0,EB-14170,CA-2014-103086,17/10/2014,19/10/2014,Second Class,Evan Bailliet,Consumer,United States,Houston,Texas,77095,Central,FUR-FU-10004586,Furniture,Furnishings,G.E. Longer-Life Indoor Recessed Floodlight Bulbs,5.31,2,0.6,-175.87,10/17/2014,10/19/2014
0,SF-20065,CA-2015-148495,13/08/2015,13/08/2015,Same Day,Sandra Flanagan,Consumer,United States,Pomona,California,91767,West,FUR-FU-10001889,Furniture,Furnishings,Ultra Door Pull Handle,31.56,3,0,-182.64,8/13/2015,8/13/2015
0,PS-18760,CA-2015-143147,26/05/2015,28/05/2015,Second Class,Pamela Stobb,Consumer,United States,San Antonio,Texas,78207,Central,FUR-CH-10000863,Furniture,Chairs,Novimex Swivel Fabric Task Chair,105.69,1,0.3,-183.63,5/26/2015,5/28/2015
0,SB-20185,CA-2017-116127,25/06/2017,27/06/2017,Second Class,Sarah Brown,Consumer,United States,New York City,New York,10024,East,FUR-BO-10002213,Furniture,Bookcases,DMI Eclipse Executive Suite Bookcases,400.78,1,0.2,-187.38,6/25/2017,6/27/2017
0,FC-14245,CA-2015-149517,19/09/2015,23/09/2015,Standard Class,Frank Carlisle,Home Office,United States,Sacramento,California,95823,West,FUR-FU-10003464,Furniture,Furnishings,"""Seth Thomas 8 1/2"""" Cubicle Clock""",60.84,3,0,-190.85,9/19/2015,9/23/2015
0,DM-13345,CA-2016-129861,17/06/2016,23/06/2016,Standard Class,Denise Monton,Corporate,United States,Rochester,New York,14609,East,FUR-TA-10003715,Furniture,Tables,Hon 2111 Invitation Series Corner Table,376.87,3,0.4,-191.65,6/17/2016,6/23/2016
0,ME-17725,CA-2017-137449,29/06/2017,30/06/2017,First Class,Max Engle,Consumer,United States,Dallas,Texas,75220,Central,FUR-TA-10002855,Furniture,Tables,Bevis Round Conference Table Top & Single Column Base,307.31,3,0.3,-192.05,6/29/2017,6/30/2017
0,ME-17725,CA-2017-137449,29/06/2017,30/06/2017,First Class,Max Engle,Consumer,United States,Dallas,Texas,75220,Central,FUR-BO-10000780,Furniture,Bookcases,O'Sullivan Plantations 2-Door Library in Landvery Oak,410,3,0.32,-194.82,6/29/2017,6/30/2017
0,TC-21295,CA-2014-151330,14/10/2014,17/10/2014,First Class,Toby Carlisle,Consumer,United States,Everett,Massachusetts,2149,East,FUR-CH-10000749,Furniture,Chairs,Office Star - Ergonomic Mid Back Chair with 2-Way Adjustable Arms,1628.82,9,0,-195.48,10/14/2014,10/17/2014
0,MH-17785,CA-2014-124702,18/11/2014,25/11/2014,Standard Class,Maya Herman,Corporate,United States,Seattle,Washington,98105,West,FUR-FU-10003553,Furniture,Furnishings,"""Howard Miller 13-1/2"""" Diameter Rosebrook Wall Clock""",137.54,2,0,-199.51,11/18/2014,11/25/2014
0,JH-15985,CA-2015-116638,28/01/2015,31/01/2015,Second Class,Joseph Holt,Consumer,United States,Concord,North Carolina,28027,South,FUR-TA-10000198,Furniture,Tables,Chromcraft Bull-Nose Wood Oval Conference Tables & Bases,4297.64,13,0.4,-204.45,1/28/2015,1/31/2015
0,CM-12715,CA-2014-104563,7/3/2014,12/3/2014,Standard Class,Craig Molinari,Corporate,United States,Seattle,Washington,98103,West,FUR-CH-10002780,Furniture,Chairs,Office Star - Task Chair with Contemporary Loop Arms,436.7,6,0.2,-204.45,3/7/2014,3/12/2014
0,MS-17365,CA-2016-107104,26/11/2016,30/11/2016,Standard Class,Maribeth Schnelling,Consumer,United States,Los Angeles,California,90045,West,FUR-BO-10002213,Furniture,Bookcases,DMI Eclipse Executive Suite Bookcases,3406.66,8,0.15,-209.77,11/26/2016,11/30/2016
0,AS-10090,CA-2014-156160,22/09/2014,29/09/2014,Standard Class,Adam Shillingsburg,Consumer,United States,New York City,New York,10035,East,FUR-CH-10004983,Furniture,Chairs,Office Star - Mid Back Dual function Ergonomic High Back Chair with 2-Way Adjustable Arms,579.53,4,0.1,-216.98,9/22/2014,9/29/2014
0,LC-16885,CA-2017-157448,16/11/2017,20/11/2017,Standard Class,Lena Creighton,Consumer,United States,Los Angeles,California,90049,West,FUR-FU-10003268,Furniture,Furnishings,Eldon Radial Chair Mat for Low to Medium Pile Carpets,119.94,3,0,-217.05,11/16/2017,11/20/2017
0,LC-16885,CA-2017-157448,16/11/2017,20/11/2017,Standard Class,Lena Creighton,Consumer,United States,Los Angeles,California,90049,West,FUR-FU-10001847,Furniture,Furnishings,Eldon Image Series Black Desk Accessories,12.42,3,0,-218.87,11/16/2017,11/20/2017
0,GM-14500,CA-2016-137393,6/5/2016,10/5/2016,Standard Class,Gene McClure,Consumer,United States,Bakersfield,California,93309,West,FUR-FU-10001617,Furniture,Furnishings,"""Executive Impressions 8-1/2"""" Career Panel/Partition Cubicle Clock""",41.6,4,0,-219.16,5/6/2016,5/10/2016
0,CS-11950,CA-2016-161746,21/10/2016,27/10/2016,Standard Class,Carlos Soltero,Consumer,United States,Los Angeles,California,90045,West,FUR-CH-10004626,Furniture,Chairs,Office Star Flex Back Scooter Chair with Aluminum Finish Frame,242.14,3,0.2,-231.41,10/21/2016,10/27/2016
0,MD-17350,CA-2014-114251,5/11/2014,10/11/2014,Standard Class,Maribeth Dona,Consumer,United States,Philadelphia,Pennsylvania,19143,East,FUR-FU-10001468,Furniture,Furnishings,Tenex Antistatic Computer Chair Mats,273.57,2,0.2,-241.18,11/5/2014,11/10/2014
0,JF-15565,CA-2016-105781,16/02/2016,20/02/2016,Standard Class,Jill Fjeld,Consumer,United States,New York City,New York,10024,East,FUR-CH-10001802,Furniture,Chairs,Hon Every-Day Chair Series Swivel Task Chairs,326.65,3,0.1,-247.8,2/16/2016,2/20/2016
0,BP-11290,CA-2017-137505,24/11/2017,24/11/2017,Same Day,Beth Paige,Consumer,United States,Los Angeles,California,90008,West,FUR-TA-10001676,Furniture,Tables,Hon 61000 Series Interactive Training Tables,71.09,2,0.2,-250.54,11/24/2017,11/24/2017
0,BH-11710,US-2014-140914,11/11/2014,15/11/2014,Standard Class,Brosina Hoffman,Consumer,United States,Chicago,Illinois,60653,Central,FUR-FU-10000175,Furniture,Furnishings,DAX Wood Document Frame.,10.98,2,0.6,-255.59,11/11/2014,11/15/2014
0,BH-11710,US-2014-140914,11/11/2014,15/11/2014,Standard Class,Brosina Hoffman,Consumer,United States,Chicago,Illinois,60653,Central,FUR-CH-10003379,Furniture,Chairs,Global Commerce Series High-Back Swivel/Tilt Chairs,797.94,4,0.3,-258.5,11/11/2014,11/15/2014
0,LC-16870,CA-2017-113705,27/03/2017,29/03/2017,Second Class,Lena Cacioppo,Consumer,United States,Richmond,Virginia,23223,South,FUR-TA-10002533,Furniture,Tables,BPI Conference Tables,292.1,2,0,-264.22,3/27/2017,3/29/2017
0,SF-20965,CA-2016-146913,31/10/2016,5/11/2016,Standard Class,Sylvia Foulston,Corporate,United States,San Francisco,California,94109,West,FUR-CH-10001854,Furniture,Chairs,Office Star - Professional Matrix Back Chair with 2-to-1 Synchro Tilt and Mesh Fabric Seat,1403.92,5,0.2,-264.92,10/31/2016,11/5/2016
0,SC-20050,CA-2016-123533,24/11/2016,30/11/2016,Standard Class,Sample Company A,Home Office,United States,Hialeah,Florida,33012,South,FUR-BO-10001619,Furniture,Bookcases,O'Sullivan Cherrywood Estates Traditional Bookcase,339.92,5,0.2,-269.34,11/24/2016,11/30/2016
0,LF-17185,CA-2014-169019,26/07/2014,30/07/2014,Standard Class,Luke Foster,Consumer,United States,San Antonio,Texas,78207,Central,FUR-FU-10004666,Furniture,Furnishings,DAX Clear Channel Poster Frame,17.5,3,0.6,-290.88,7/26/2014,7/30/2014
0,EM-13825,CA-2015-149748,31/05/2015,2/6/2015,Second Class,Elizabeth Moffitt,Corporate,United States,Paterson,New Jersey,7501,East,FUR-FU-10001847,Furniture,Furnishings,Eldon Image Series Black Desk Accessories,8.28,2,0,-292.1,5/31/2015,6/2/2015
0,CJ-12010,CA-2017-144491,27/03/2017,1/4/2017,Standard Class,Caroline Jumper,Consumer,United States,Houston,Texas,77070,Central,FUR-CH-10004063,Furniture,Chairs,Global Deluxe High-Back Manager's Chair,600.56,3,0.3,-297.68,3/27/2017,4/1/2017
0,KH-16360,CA-2014-127166,21/05/2014,23/05/2014,Second Class,Katherine Hughes,Consumer,United States,Houston,Texas,77070,Central,FUR-CH-10003396,Furniture,Chairs,Global Deluxe Steno Chair,107.77,2,0.3,-300.74,5/21/2014,5/23/2014
0,AP-10720,CA-2016-136322,21/10/2016,26/10/2016,Standard Class,Anne Pryor,Home Office,United States,Fort Lauderdale,Florida,33311,South,FUR-FU-10002878,Furniture,Furnishings,"""Seth Thomas 14"""" Day/Date Wall Clock""",45.57,2,0.2,-304.67,10/21/2016,10/26/2016
0,BD-11605,US-2014-164406,15/08/2014,19/08/2014,Standard Class,Brian Dahlen,Consumer,United States,San Francisco,California,94122,West,FUR-CH-10003833,Furniture,Chairs,Novimex Fabric Task Chair,195.14,4,0.2,-320.6,8/15/2014,8/19/2014
0,SC-20305,CA-2014-113257,16/12/2014,18/12/2014,Second Class,Sean Christensen,Consumer,United States,Beaumont,Texas,77705,Central,FUR-FU-10001706,Furniture,Furnishings,Longer-Life Soft White Bulbs,8.62,7,0.6,-339.71,12/16/2014,12/18/2014
0,MH-17290,CA-2017-169327,2/9/2017,4/9/2017,Second Class,Marc Harrigan,Home Office,United States,Los Angeles,California,90008,West,FUR-FU-10004188,Furniture,Furnishings,Luxo Professional Combination Clamp-On Lamps,511.5,5,0,-356.73,9/2/2017,9/4/2017
0,EH-13765,CA-2016-158155,2/5/2016,6/5/2016,Standard Class,Edward Hooks,Corporate,United States,New York City,New York,10009,East,FUR-FU-10000732,Furniture,Furnishings,Eldon 200 Class Desk Accessories,12.56,2,0,-356.96,5/2/2016,5/6/2016
0,EH-13765,CA-2016-158155,2/5/2016,6/5/2016,Standard Class,Edward Hooks,Corporate,United States,New York City,New York,10009,East,FUR-FU-10002253,Furniture,Furnishings,"""Howard Miller 13"""" Diameter Pewter Finish Round Wall Clock""",214.7,5,0,-363.53,5/2/2016,5/6/2016
0,EB-13840,CA-2015-164301,26/03/2015,30/03/2015,Standard Class,Ellis Ballard,Corporate,United States,Seattle,Washington,98103,West,FUR-TA-10001889,Furniture,Tables,Bush Advantage Collection Racetrack Conference Table,3393.68,8,0,-376.69,3/26/2015,3/30/2015
0,EA-14035,CA-2014-114195,1/11/2014,3/11/2014,First Class,Erin Ashbrook,Corporate,United States,Mason,Ohio,45040,East,FUR-FU-10002253,Furniture,Furnishings,"""Howard Miller 13"""" Diameter Pewter Finish Round Wall Clock""",68.7,2,0.2,-383.03,11/1/2014,11/3/2014
0,SH-19975,US-2016-115441,25/07/2016,28/07/2016,Second Class,Sally Hughsby,Corporate,United States,Milwaukee,Wisconsin,53209,Central,FUR-CH-10004626,Furniture,Chairs,Office Star Flex Back Scooter Chair with Aluminum Finish Frame,403.56,4,0,-407.68,7/25/2016,7/28/2016
0,LP-17095,CA-2016-112830,6/6/2016,10/6/2016,Standard Class,Liz Preis,Consumer,United States,Fairfield,Ohio,45014,East,FUR-FU-10004306,Furniture,Furnishings,Electrix Halogen Magnifier Lamp,466.32,3,0.2,-427.45,6/6/2016,6/10/2016
0,MP-18175,US-2014-117380,28/03/2014,3/4/2014,Standard Class,Mike Pelletier,Home Office,United States,Springfield,Ohio,45503,East,FUR-TA-10000198,Furniture,Tables,Chromcraft Bull-Nose Wood Oval Conference Tables & Bases,330.59,1,0.4,-437.54,3/28/2014,4/3/2014
0,KD-16615,US-2015-129007,13/09/2015,15/09/2015,First Class,Ken Dana,Corporate,United States,Anaheim,California,92804,West,FUR-FU-10004973,Furniture,Furnishings,Flat Face Poster Frame,131.88,7,0,-458.15,9/13/2015,9/15/2015
0,KD-16615,US-2015-129007,13/09/2015,15/09/2015,First Class,Ken Dana,Corporate,United States,Anaheim,California,92804,West,FUR-CH-10000155,Furniture,Chairs,Global Comet Stacking Armless Chair,717.72,3,0.2,-464.7,9/13/2015,9/15/2015
0,KD-16615,US-2015-129007,13/09/2015,15/09/2015,First Class,Ken Dana,Corporate,United States,Anaheim,California,92804,West,FUR-FU-10002379,Furniture,Furnishings,Eldon Econocleat Chair Mats for Low Pile Carpets,207.35,5,0,-465.57,9/13/2015,9/15/2015
0,KD-16615,US-2015-129007,13/09/2015,15/09/2015,First Class,Ken Dana,Corporate,United States,Anaheim,California,92804,West,FUR-FU-10004018,Furniture,Furnishings,Tensor Computer Mounted Lamp,44.67,3,0,-480.2,9/13/2015,9/15/2015
0,MY-18295,CA-2016-149272,15/03/2016,19/03/2016,Standard Class,Muhammed Yedwab,Corporate,United States,Bryan,Texas,77803,Central,FUR-CH-10000863,Furniture,Chairs,Novimex Swivel Fabric Task Chair,528.43,5,0.3,-553.65,3/15/2016,3/19/2016
0,KH-16510,CA-2015-104948,13/11/2015,17/11/2015,Standard Class,Keith Herrera,Consumer,United States,San Bernardino,California,92404,West,FUR-BO-10004357,Furniture,Bookcases,O'Sullivan Living Dimensions 3-Shelf Bookcases,683.33,4,0.15,-619.6,11/13/2015,11/17/2015
0,CP-12340,CA-2016-164889,3/6/2016,6/6/2016,Second Class,Christine Phan,Corporate,United States,Los Angeles,California,90049,West,FUR-TA-10001676,Furniture,Tables,Hon 61000 Series Interactive Training Tables,71.09,2,0.2,-630.88,6/3/2016,6/6/2016
0,NS-18640,CA-2016-169824,12/12/2016,17/12/2016,Standard Class,Noel Staavos,Corporate,United States,New York City,New York,10009,East,FUR-FU-10004864,Furniture,Furnishings,Eldon 500 Class Desk Accessories,60.35,5,0,-653.28,12/12/2016,12/17/2016
0,HW-14935,CA-2017-121559,1/6/2017,3/6/2017,Second Class,Helen Wasserman,Corporate,United States,Indianapolis,Indiana,46203,Central,FUR-CH-10003746,Furniture,Chairs,Hon 4070 Series Pagoda Round Back Stacking Chairs,1925.88,6,0,-734.53,6/1/2017,6/3/2017
0,HE-14800,CA-2016-146374,5/12/2016,10/12/2016,Second Class,Harold Engle,Corporate,United States,Newark,Delaware,19711,East,FUR-FU-10002671,Furniture,Furnishings,Electrix 20W Halogen Replacement Bulb for Zoom-In Desk Lamp,13.4,1,0,-968.88,12/5/2016,12/10/2016
0,SW-20455,US-2015-151435,6/9/2015,9/9/2015,Second Class,Shaun Weien,Consumer,United States,Lafayette,Louisiana,70506,South,FUR-TA-10001039,Furniture,Tables,KI Adjustable-Height Table,85.98,1,0,-1002.78,9/6/2015,9/9/2015
0,TB-21400,CA-2014-110422,21/01/2014,23/01/2014,Second Class,Tom Boeckenhauer,Consumer,United States,Miami,Florida,33180,South,FUR-FU-10001889,Furniture,Furnishings,Ultra Door Pull Handle,25.25,3,0.2,-1665.05,1/21/2014,1/23/2014
0,DB-13060,CA-2017-121258,26/02/2017,3/3/2017,Standard Class,Dave Brooks,Consumer,United States,Costa Mesa,California,92627,West,FUR-FU-10000747,Furniture,Furnishings,Tenex B1-RE Series Chair Mats for Low Pile Carpets,91.96,2,0,-1862.31,2/26/2017,3/3/2017
